mtllib 9KEI4F7Q7XFUSO91A1J0PZL1S.mtl
v -0.964733 0.368314 0.077727
v -0.963437 0.368314 0.077936
v -0.963437 0.367632 0.071050
v -0.963437 0.368314 0.077936
v -0.962107 0.368314 0.077727
v -0.963437 0.367632 0.071050
v -0.960811 0.368314 0.077414
v -0.962107 0.368314 0.077727
v -0.958322 0.370292 0.083465
v -0.960811 0.368314 0.077414
v -0.956004 0.370292 0.082213
v -0.958322 0.370292 0.083465
v -0.952662 0.373497 0.087221
v -0.956004 0.370292 0.082213
v -0.949695 0.373497 0.084821
v -0.952662 0.373497 0.087221
v -0.945979 0.377861 0.088577
v -0.949695 0.373497 0.084821
v -0.942910 0.377861 0.084821
v -0.945979 0.377861 0.088577
v -0.939296 0.383147 0.087221
v -0.942910 0.377861 0.084821
v -0.936602 0.383147 0.082213
v -0.939296 0.383147 0.087221
v -0.933635 0.389182 0.083465
v -0.936602 0.383147 0.082213
v -0.931794 0.389182 0.077414
v -0.933635 0.389182 0.083465
v -0.929851 0.395728 0.077727
v -0.931794 0.389182 0.077414
v -0.929203 0.395728 0.071050
v -0.929851 0.395728 0.077727
v -0.928521 0.402548 0.071050
v -0.929203 0.395728 0.071050
v -0.929203 0.402548 0.064269
v -0.928521 0.402548 0.071050
v -0.929851 0.409334 0.064374
v -0.929203 0.402548 0.064269
v -0.931794 0.409334 0.058010
v -0.929851 0.409334 0.064374
v -0.933635 0.415880 0.058740
v -0.931794 0.409334 0.058010
v -0.936602 0.415880 0.053211
v -0.933635 0.415880 0.058740
v -0.939296 0.421915 0.054984
v -0.936602 0.415880 0.053211
v -0.942910 0.421915 0.050603
v -0.939296 0.421915 0.054984
v -0.945979 0.427201 0.053628
v -0.942910 0.421915 0.050603
v -0.949695 0.427201 0.050603
v -0.945979 0.427201 0.053628
v -0.952662 0.431565 0.054984
v -0.949695 0.427201 0.050603
v -0.956004 0.431565 0.053211
v -0.952662 0.431565 0.054984
v -0.958322 0.434770 0.058740
v -0.956004 0.431565 0.053211
v -0.960811 0.434770 0.058010
v -0.958322 0.434770 0.058740
v -0.962107 0.436748 0.064374
v -0.960811 0.434770 0.058010
v -0.963437 0.436748 0.064269
v -0.962107 0.436748 0.064374
v -0.963437 0.437430 0.071050
v -0.963437 0.436748 0.064269
v -0.964733 0.436748 0.064374
v -0.963437 0.437430 0.071050
v -0.966028 0.436748 0.064791
v -0.964733 0.436748 0.064374
v -0.966028 0.434770 0.058010
v -0.966028 0.436748 0.064791
v -0.968518 0.434770 0.058740
v -0.966028 0.434770 0.058010
v -0.967188 0.431565 0.052063
v -0.968518 0.434770 0.058740
v -0.970836 0.431565 0.053211
v -0.967188 0.431565 0.052063
v -0.968245 0.427201 0.046847
v -0.970836 0.431565 0.053211
v -0.972848 0.427201 0.048308
v -0.968245 0.427201 0.046847
v -0.969097 0.421915 0.042674
v -0.972848 0.427201 0.048308
v -0.974519 0.421915 0.044343
v -0.969097 0.421915 0.042674
v -0.969711 0.415880 0.039440
v -0.974519 0.421915 0.044343
v -0.975746 0.415880 0.041318
v -0.969711 0.415880 0.039440
v -0.970086 0.409334 0.037562
v -0.975746 0.415880 0.041318
v -0.976531 0.409334 0.039440
v -0.970086 0.409334 0.037562
v -0.970222 0.402548 0.036832
v -0.976531 0.409334 0.039440
v -0.976769 0.402548 0.038814
v -0.970222 0.402548 0.036832
v -0.970086 0.395728 0.037562
v -0.976769 0.402548 0.038814
v -0.976531 0.395728 0.039440
v -0.970086 0.395728 0.037562
v -0.969711 0.389182 0.039440
v -0.976531 0.395728 0.039440
v -0.975746 0.389182 0.041318
v -0.969711 0.389182 0.039440
v -0.969097 0.383147 0.042674
v -0.975746 0.389182 0.041318
v -0.974519 0.383147 0.044343
v -0.969097 0.383147 0.042674
v -0.968245 0.377861 0.046847
v -0.974519 0.383147 0.044343
v -0.972848 0.377861 0.048308
v -0.968245 0.377861 0.046847
v -0.967188 0.373497 0.052063
v -0.972848 0.377861 0.048308
v -0.970836 0.373497 0.053211
v -0.967188 0.373497 0.052063
v -0.966028 0.370292 0.058010
v -0.970836 0.373497 0.053211
v -0.968518 0.370292 0.058740
v -0.966028 0.370292 0.058010
v -0.964733 0.368314 0.064374
v -0.968518 0.370292 0.058740
v -0.966028 0.368314 0.064791
v -0.964733 0.368314 0.064374
v -0.966028 0.368314 0.064791
v -0.967188 0.368314 0.065417
v -0.968245 0.368314 0.066251
v -0.967188 0.368314 0.065417
v -0.972848 0.370292 0.061661
v -0.968245 0.368314 0.066251
v -0.974519 0.370292 0.063643
v -0.972848 0.370292 0.061661
v -0.979531 0.373497 0.060305
v -0.974519 0.370292 0.063643
v -0.981338 0.373497 0.063643
v -0.979531 0.373497 0.060305
v -0.986214 0.377861 0.061661
v -0.981338 0.373497 0.063643
v -0.987612 0.377861 0.066251
v -0.986214 0.377861 0.061661
v -0.991875 0.383147 0.065417
v -0.987612 0.377861 0.066251
v -0.992454 0.383147 0.071050
v -0.991875 0.383147 0.065417
v -0.995659 0.389182 0.071050
v -0.992454 0.383147 0.071050
v -0.995046 0.389182 0.077414
v -0.995659 0.389182 0.071050
v -0.996989 0.395728 0.077727
v -0.995046 0.389182 0.077414
v -0.995046 0.395728 0.084195
v -0.996989 0.395728 0.077727
v -0.995659 0.402548 0.084404
v -0.995046 0.395728 0.084195
v -0.992454 0.402548 0.090455
v -0.995659 0.402548 0.084404
v -0.991875 0.409334 0.090142
v -0.992454 0.402548 0.090455
v -0.987612 0.409334 0.095253
v -0.991875 0.409334 0.090142
v -0.986214 0.415880 0.093897
v -0.987612 0.409334 0.095253
v -0.981338 0.415880 0.097862
v -0.986214 0.415880 0.093897
v -0.979531 0.421915 0.095253
v -0.981338 0.415880 0.097862
v -0.974519 0.421915 0.097862
v -0.979531 0.421915 0.095253
v -0.972848 0.427201 0.093897
v -0.974519 0.421915 0.097862
v -0.968245 0.427201 0.095253
v -0.972848 0.427201 0.093897
v -0.967188 0.431565 0.090142
v -0.968245 0.427201 0.095253
v -0.963437 0.431565 0.090455
v -0.967188 0.431565 0.090142
v -0.963437 0.434770 0.084404
v -0.963437 0.431565 0.090455
v -0.960811 0.434770 0.084195
v -0.963437 0.434770 0.084404
v -0.962107 0.436748 0.077727
v -0.960811 0.434770 0.084195
v -0.960811 0.436748 0.077414
v -0.962107 0.436748 0.077727
v -0.960811 0.436748 0.077414
v -0.959652 0.436748 0.076788
v -0.958595 0.436748 0.075954
v -0.959652 0.436748 0.076788
v -0.956004 0.434770 0.082213
v -0.958595 0.436748 0.075954
v -0.953992 0.434770 0.080544
v -0.956004 0.434770 0.082213
v -0.952662 0.431565 0.087221
v -0.953992 0.434770 0.080544
v -0.949695 0.431565 0.084821
v -0.952662 0.431565 0.087221
v -0.949695 0.427201 0.091602
v -0.949695 0.431565 0.084821
v -0.945979 0.427201 0.088577
v -0.949695 0.427201 0.091602
v -0.947309 0.421915 0.095253
v -0.945979 0.427201 0.088577
v -0.942910 0.421915 0.091602
v -0.947309 0.421915 0.095253
v -0.945501 0.415880 0.097862
v -0.942910 0.421915 0.091602
v -0.940625 0.415880 0.093897
v -0.945501 0.415880 0.097862
v -0.944410 0.409334 0.099531
v -0.940625 0.415880 0.093897
v -0.939227 0.409334 0.095253
v -0.944410 0.409334 0.099531
v -0.944035 0.402548 0.100157
v -0.939227 0.409334 0.095253
v -0.938750 0.402548 0.095775
v -0.944035 0.402548 0.100157
v -0.944410 0.395728 0.099531
v -0.938750 0.402548 0.095775
v -0.939227 0.395728 0.095253
v -0.944410 0.395728 0.099531
v -0.945501 0.389182 0.097862
v -0.939227 0.395728 0.095253
v -0.940625 0.389182 0.093897
v -0.945501 0.389182 0.097862
v -0.947309 0.383147 0.095253
v -0.940625 0.389182 0.093897
v -0.942910 0.383147 0.091602
v -0.947309 0.383147 0.095253
v -0.949695 0.377861 0.091602
v -0.942910 0.383147 0.091602
v -0.949695 0.377861 0.091602
v -0.952662 0.373497 0.087221
v -0.963437 0.436748 0.077936
v -0.963437 0.436748 0.077936
v -0.966028 0.434770 0.084195
v -0.966028 0.434770 0.084195
v -0.970836 0.431565 0.088994
v -0.970836 0.431565 0.088994
v -0.977144 0.427201 0.091602
v -0.977144 0.427201 0.091602
v -0.983930 0.421915 0.091602
v -0.983930 0.421915 0.091602
v -0.990238 0.415880 0.088994
v -0.990238 0.415880 0.088994
v -0.995046 0.409334 0.084195
v -0.995046 0.409334 0.084195
v -0.997637 0.402548 0.077936
v -0.997637 0.402548 0.077936
v -0.997637 0.395728 0.071050
v -0.997637 0.395728 0.071050
v -0.995046 0.389182 0.064791
v -0.995046 0.389182 0.064791
v -0.990238 0.383147 0.059992
v -0.990238 0.383147 0.059992
v -0.983930 0.377861 0.057384
v -0.983930 0.377861 0.057384
v -0.977144 0.373497 0.057384
v -0.977144 0.373497 0.057384
v -0.970836 0.370292 0.059992
v -0.970836 0.370292 0.059992
v -0.966028 0.368314 0.064791
v -0.974178 0.373497 0.054984
v -0.974178 0.373497 0.054984
v -0.980861 0.377861 0.053628
v -0.980861 0.377861 0.053628
v -0.987544 0.383147 0.054984
v -0.987544 0.383147 0.054984
v -0.993204 0.389182 0.058740
v -0.993204 0.389182 0.058740
v -0.996989 0.395728 0.064374
v -0.996989 0.395728 0.064374
v -0.998319 0.402548 0.071050
v -0.998319 0.402548 0.071050
v -0.996989 0.409334 0.077727
v -0.996989 0.409334 0.077727
v -0.993204 0.415880 0.083465
v -0.993204 0.415880 0.083465
v -0.987544 0.421915 0.087221
v -0.987544 0.421915 0.087221
v -0.980861 0.427201 0.088577
v -0.980861 0.427201 0.088577
v -0.974178 0.431565 0.087221
v -0.974178 0.431565 0.087221
v -0.968518 0.434770 0.083465
v -0.968518 0.434770 0.083465
v -0.964733 0.436748 0.077727
v -0.964733 0.436748 0.077727
v -0.974178 0.373497 0.054984
v -0.977144 0.377861 0.050603
v -0.980861 0.377861 0.053628
v -0.977144 0.377861 0.050603
v -0.983930 0.383147 0.050603
v -0.987544 0.383147 0.054984
v -0.983930 0.383147 0.050603
v -0.990238 0.389182 0.053211
v -0.993204 0.389182 0.058740
v -0.990238 0.389182 0.053211
v -0.995046 0.395728 0.058010
v -0.996989 0.395728 0.064374
v -0.995046 0.395728 0.058010
v -0.997637 0.402548 0.064269
v -0.998319 0.402548 0.071050
v -0.997637 0.402548 0.064269
v -0.997637 0.409334 0.071050
v -0.996989 0.409334 0.077727
v -0.997637 0.409334 0.071050
v -0.995046 0.415880 0.077414
v -0.993204 0.415880 0.083465
v -0.995046 0.415880 0.077414
v -0.990238 0.421915 0.082213
v -0.987544 0.421915 0.087221
v -0.990238 0.421915 0.082213
v -0.983930 0.427201 0.084821
v -0.980861 0.427201 0.088577
v -0.983930 0.427201 0.084821
v -0.977144 0.431565 0.084821
v -0.974178 0.431565 0.087221
v -0.977144 0.431565 0.084821
v -0.970836 0.434770 0.082213
v -0.968518 0.434770 0.083465
v -0.970836 0.434770 0.082213
v -0.966028 0.436748 0.077414
v -0.964733 0.436748 0.077727
v -0.966028 0.436748 0.077414
v -0.977144 0.377861 0.050603
v -0.979531 0.383147 0.046951
v -0.983930 0.383147 0.050603
v -0.979531 0.383147 0.046951
v -0.986214 0.389182 0.048308
v -0.990238 0.389182 0.053211
v -0.986214 0.389182 0.048308
v -0.991875 0.395728 0.052063
v -0.995046 0.395728 0.058010
v -0.991875 0.395728 0.052063
v -0.995659 0.402548 0.057697
v -0.997637 0.402548 0.064269
v -0.995659 0.402548 0.057697
v -0.996989 0.409334 0.064374
v -0.997637 0.409334 0.071050
v -0.996989 0.409334 0.064374
v -0.995659 0.415880 0.071050
v -0.995046 0.415880 0.077414
v -0.995659 0.415880 0.071050
v -0.991875 0.421915 0.076788
v -0.990238 0.421915 0.082213
v -0.991875 0.421915 0.076788
v -0.986214 0.427201 0.080544
v -0.983930 0.427201 0.084821
v -0.986214 0.427201 0.080544
v -0.979531 0.431565 0.081900
v -0.977144 0.431565 0.084821
v -0.979531 0.431565 0.081900
v -0.972848 0.434770 0.080544
v -0.970836 0.434770 0.082213
v -0.972848 0.434770 0.080544
v -0.967188 0.436748 0.076788
v -0.966028 0.436748 0.077414
v -0.967188 0.436748 0.076788
v -0.979531 0.383147 0.046951
v -0.981338 0.389182 0.044343
v -0.986214 0.389182 0.048308
v -0.981338 0.389182 0.044343
v -0.987612 0.395728 0.046847
v -0.991875 0.395728 0.052063
v -0.987612 0.395728 0.046847
v -0.992454 0.402548 0.051750
v -0.995659 0.402548 0.057697
v -0.992454 0.402548 0.051750
v -0.995046 0.409334 0.058010
v -0.996989 0.409334 0.064374
v -0.995046 0.409334 0.058010
v -0.995046 0.415880 0.064791
v -0.995659 0.415880 0.071050
v -0.995046 0.415880 0.064791
v -0.992454 0.421915 0.071050
v -0.991875 0.421915 0.076788
v -0.992454 0.421915 0.071050
v -0.987612 0.427201 0.075954
v -0.986214 0.427201 0.080544
v -0.987612 0.427201 0.075954
v -0.981338 0.431565 0.078562
v -0.979531 0.431565 0.081900
v -0.981338 0.431565 0.078562
v -0.974519 0.434770 0.078562
v -0.972848 0.434770 0.080544
v -0.974519 0.434770 0.078562
v -0.968245 0.436748 0.075954
v -0.967188 0.436748 0.076788
v -0.968245 0.436748 0.075954
v -0.981338 0.389182 0.044343
v -0.982429 0.395728 0.042674
v -0.987612 0.395728 0.046847
v -0.982429 0.395728 0.042674
v -0.988090 0.402548 0.046430
v -0.992454 0.402548 0.051750
v -0.988090 0.402548 0.046430
v -0.991875 0.409334 0.052063
v -0.995046 0.409334 0.058010
v -0.991875 0.409334 0.052063
v -0.993204 0.415880 0.058740
v -0.995046 0.415880 0.064791
v -0.993204 0.415880 0.058740
v -0.991875 0.421915 0.065417
v -0.992454 0.421915 0.071050
v -0.991875 0.421915 0.065417
v -0.988090 0.427201 0.071050
v -0.987612 0.427201 0.075954
v -0.988090 0.427201 0.071050
v -0.982429 0.431565 0.074910
v -0.981338 0.431565 0.078562
v -0.982429 0.431565 0.074910
v -0.975746 0.434770 0.076162
v -0.974519 0.434770 0.078562
v -0.975746 0.434770 0.076162
v -0.969097 0.436748 0.074910
v -0.968245 0.436748 0.075954
v -0.969097 0.436748 0.074910
v -0.982429 0.395728 0.042674
v -0.982805 0.402548 0.042048
v -0.988090 0.402548 0.046430
v -0.982805 0.402548 0.042048
v -0.987612 0.409334 0.046847
v -0.991875 0.409334 0.052063
v -0.987612 0.409334 0.046847
v -0.990238 0.415880 0.053211
v -0.993204 0.415880 0.058740
v -0.990238 0.415880 0.053211
v -0.990238 0.421915 0.059992
v -0.991875 0.421915 0.065417
v -0.990238 0.421915 0.059992
v -0.987612 0.427201 0.066251
v -0.988090 0.427201 0.071050
v -0.987612 0.427201 0.066251
v -0.982805 0.431565 0.071050
v -0.982429 0.431565 0.074910
v -0.982805 0.431565 0.071050
v -0.976531 0.434770 0.073658
v -0.975746 0.434770 0.076162
v -0.976531 0.434770 0.073658
v -0.969711 0.436748 0.073658
v -0.969097 0.436748 0.074910
v -0.969711 0.436748 0.073658
v -0.982805 0.402548 0.042048
v -0.982429 0.409334 0.042674
v -0.987612 0.409334 0.046847
v -0.982429 0.409334 0.042674
v -0.986214 0.415880 0.048308
v -0.990238 0.415880 0.053211
v -0.986214 0.415880 0.048308
v -0.987544 0.421915 0.054984
v -0.990238 0.421915 0.059992
v -0.987544 0.421915 0.054984
v -0.986214 0.427201 0.061661
v -0.987612 0.427201 0.066251
v -0.986214 0.427201 0.061661
v -0.982429 0.431565 0.067295
v -0.982805 0.431565 0.071050
v -0.982429 0.431565 0.067295
v -0.976769 0.434770 0.071050
v -0.976531 0.434770 0.073658
v -0.976769 0.434770 0.071050
v -0.970086 0.436748 0.072406
v -0.969711 0.436748 0.073658
v -0.970086 0.436748 0.072406
v -0.982429 0.409334 0.042674
v -0.981338 0.415880 0.044343
v -0.986214 0.415880 0.048308
v -0.981338 0.415880 0.044343
v -0.983930 0.421915 0.050603
v -0.987544 0.421915 0.054984
v -0.983930 0.421915 0.050603
v -0.983930 0.427201 0.057384
v -0.986214 0.427201 0.061661
v -0.983930 0.427201 0.057384
v -0.981338 0.431565 0.063643
v -0.982429 0.431565 0.067295
v -0.981338 0.431565 0.063643
v -0.976531 0.434770 0.068546
v -0.976769 0.434770 0.071050
v -0.976531 0.434770 0.068546
v -0.970222 0.436748 0.071050
v -0.970086 0.436748 0.072406
v -0.970222 0.436748 0.071050
v -0.981338 0.415880 0.044343
v -0.979531 0.421915 0.046951
v -0.983930 0.421915 0.050603
v -0.979531 0.421915 0.046951
v -0.980861 0.427201 0.053628
v -0.983930 0.427201 0.057384
v -0.980861 0.427201 0.053628
v -0.979531 0.431565 0.060305
v -0.981338 0.431565 0.063643
v -0.979531 0.431565 0.060305
v -0.975746 0.434770 0.065938
v -0.976531 0.434770 0.068546
v -0.975746 0.434770 0.065938
v -0.970086 0.436748 0.069798
v -0.970222 0.436748 0.071050
v -0.970086 0.436748 0.069798
v -0.979531 0.421915 0.046951
v -0.977144 0.427201 0.050603
v -0.980861 0.427201 0.053628
v -0.977144 0.427201 0.050603
v -0.977144 0.431565 0.057384
v -0.979531 0.431565 0.060305
v -0.977144 0.431565 0.057384
v -0.974519 0.434770 0.063643
v -0.975746 0.434770 0.065938
v -0.974519 0.434770 0.063643
v -0.969711 0.436748 0.068546
v -0.970086 0.436748 0.069798
v -0.969711 0.436748 0.068546
v -0.977144 0.427201 0.050603
v -0.974178 0.431565 0.054984
v -0.977144 0.431565 0.057384
v -0.974178 0.431565 0.054984
v -0.972848 0.434770 0.061661
v -0.974519 0.434770 0.063643
v -0.972848 0.434770 0.061661
v -0.969097 0.436748 0.067295
v -0.969711 0.436748 0.068546
v -0.969097 0.436748 0.067295
v -0.974178 0.431565 0.054984
v -0.970836 0.434770 0.059992
v -0.972848 0.434770 0.061661
v -0.970836 0.434770 0.059992
v -0.968245 0.436748 0.066251
v -0.969097 0.436748 0.067295
v -0.968245 0.436748 0.066251
v -0.970836 0.434770 0.059992
v -0.967188 0.436748 0.065417
v -0.968245 0.436748 0.066251
v -0.967188 0.436748 0.065417
v -0.966028 0.436748 0.064791
v -0.939296 0.383147 0.087221
v -0.936602 0.389182 0.088994
v -0.933635 0.389182 0.083465
v -0.936602 0.389182 0.088994
v -0.931794 0.395728 0.084195
v -0.929851 0.395728 0.077727
v -0.931794 0.395728 0.084195
v -0.929203 0.402548 0.077936
v -0.928521 0.402548 0.071050
v -0.929203 0.402548 0.077936
v -0.929203 0.409334 0.071050
v -0.929851 0.409334 0.064374
v -0.929203 0.409334 0.071050
v -0.931794 0.415880 0.064791
v -0.933635 0.415880 0.058740
v -0.931794 0.415880 0.064791
v -0.936602 0.421915 0.059992
v -0.939296 0.421915 0.054984
v -0.936602 0.421915 0.059992
v -0.942910 0.427201 0.057384
v -0.945979 0.427201 0.053628
v -0.942910 0.427201 0.057384
v -0.949695 0.431565 0.057384
v -0.952662 0.431565 0.054984
v -0.949695 0.431565 0.057384
v -0.956004 0.434770 0.059992
v -0.958322 0.434770 0.058740
v -0.956004 0.434770 0.059992
v -0.960811 0.436748 0.064791
v -0.962107 0.436748 0.064374
v -0.960811 0.436748 0.064791
v -0.936602 0.389182 0.088994
v -0.934965 0.395728 0.090142
v -0.931794 0.395728 0.084195
v -0.934965 0.395728 0.090142
v -0.931180 0.402548 0.084404
v -0.929203 0.402548 0.077936
v -0.931180 0.402548 0.084404
v -0.929851 0.409334 0.077727
v -0.929203 0.409334 0.071050
v -0.929851 0.409334 0.077727
v -0.931180 0.415880 0.071050
v -0.931794 0.415880 0.064791
v -0.931180 0.415880 0.071050
v -0.934965 0.421915 0.065417
v -0.936602 0.421915 0.059992
v -0.934965 0.421915 0.065417
v -0.940625 0.427201 0.061661
v -0.942910 0.427201 0.057384
v -0.940625 0.427201 0.061661
v -0.947309 0.431565 0.060305
v -0.949695 0.431565 0.057384
v -0.947309 0.431565 0.060305
v -0.953992 0.434770 0.061661
v -0.956004 0.434770 0.059992
v -0.953992 0.434770 0.061661
v -0.959652 0.436748 0.065417
v -0.960811 0.436748 0.064791
v -0.959652 0.436748 0.065417
v -0.934965 0.395728 0.090142
v -0.934385 0.402548 0.090455
v -0.931180 0.402548 0.084404
v -0.934385 0.402548 0.090455
v -0.931794 0.409334 0.084195
v -0.929851 0.409334 0.077727
v -0.931794 0.409334 0.084195
v -0.931794 0.415880 0.077414
v -0.931180 0.415880 0.071050
v -0.931794 0.415880 0.077414
v -0.934385 0.421915 0.071050
v -0.934965 0.421915 0.065417
v -0.934385 0.421915 0.071050
v -0.939227 0.427201 0.066251
v -0.940625 0.427201 0.061661
v -0.939227 0.427201 0.066251
v -0.945501 0.431565 0.063643
v -0.947309 0.431565 0.060305
v -0.945501 0.431565 0.063643
v -0.952321 0.434770 0.063643
v -0.953992 0.434770 0.061661
v -0.952321 0.434770 0.063643
v -0.958595 0.436748 0.066251
v -0.959652 0.436748 0.065417
v -0.958595 0.436748 0.066251
v -0.934385 0.402548 0.090455
v -0.934965 0.409334 0.090142
v -0.931794 0.409334 0.084195
v -0.934965 0.409334 0.090142
v -0.933635 0.415880 0.083465
v -0.931794 0.415880 0.077414
v -0.933635 0.415880 0.083465
v -0.934965 0.421915 0.076788
v -0.934385 0.421915 0.071050
v -0.934965 0.421915 0.076788
v -0.938750 0.427201 0.071050
v -0.939227 0.427201 0.066251
v -0.938750 0.427201 0.071050
v -0.944410 0.431565 0.067295
v -0.945501 0.431565 0.063643
v -0.944410 0.431565 0.067295
v -0.951093 0.434770 0.065938
v -0.952321 0.434770 0.063643
v -0.951093 0.434770 0.065938
v -0.957742 0.436748 0.067295
v -0.958595 0.436748 0.066251
v -0.957742 0.436748 0.067295
v -0.934965 0.409334 0.090142
v -0.936602 0.415880 0.088994
v -0.933635 0.415880 0.083465
v -0.936602 0.415880 0.088994
v -0.936602 0.421915 0.082213
v -0.934965 0.421915 0.076788
v -0.936602 0.421915 0.082213
v -0.939227 0.427201 0.075954
v -0.938750 0.427201 0.071050
v -0.939227 0.427201 0.075954
v -0.944035 0.431565 0.071050
v -0.944410 0.431565 0.067295
v -0.944035 0.431565 0.071050
v -0.950309 0.434770 0.068546
v -0.951093 0.434770 0.065938
v -0.950309 0.434770 0.068546
v -0.957129 0.436748 0.068546
v -0.957742 0.436748 0.067295
v -0.957129 0.436748 0.068546
v -0.936602 0.415880 0.088994
v -0.939296 0.421915 0.087221
v -0.936602 0.421915 0.082213
v -0.939296 0.421915 0.087221
v -0.940625 0.427201 0.080544
v -0.939227 0.427201 0.075954
v -0.940625 0.427201 0.080544
v -0.944410 0.431565 0.074910
v -0.944035 0.431565 0.071050
v -0.944410 0.431565 0.074910
v -0.950071 0.434770 0.071050
v -0.950309 0.434770 0.068546
v -0.950071 0.434770 0.071050
v -0.956754 0.436748 0.069798
v -0.957129 0.436748 0.068546
v -0.956754 0.436748 0.069798
v -0.939296 0.421915 0.087221
v -0.942910 0.427201 0.084821
v -0.940625 0.427201 0.080544
v -0.942910 0.427201 0.084821
v -0.945501 0.431565 0.078562
v -0.944410 0.431565 0.074910
v -0.945501 0.431565 0.078562
v -0.950309 0.434770 0.073658
v -0.950071 0.434770 0.071050
v -0.950309 0.434770 0.073658
v -0.956617 0.436748 0.071050
v -0.956754 0.436748 0.069798
v -0.956617 0.436748 0.071050
v -0.942910 0.427201 0.084821
v -0.947309 0.431565 0.081900
v -0.945501 0.431565 0.078562
v -0.947309 0.431565 0.081900
v -0.951093 0.434770 0.076162
v -0.950309 0.434770 0.073658
v -0.951093 0.434770 0.076162
v -0.956754 0.436748 0.072406
v -0.956617 0.436748 0.071050
v -0.956754 0.436748 0.072406
v -0.947309 0.431565 0.081900
v -0.952321 0.434770 0.078562
v -0.951093 0.434770 0.076162
v -0.952321 0.434770 0.078562
v -0.957129 0.436748 0.073658
v -0.956754 0.436748 0.072406
v -0.957129 0.436748 0.073658
v -0.952321 0.434770 0.078562
v -0.957742 0.436748 0.074910
v -0.957129 0.436748 0.073658
v -0.957742 0.436748 0.074910
v -0.958595 0.436748 0.075954
v -0.969097 0.421915 0.099531
v -0.969097 0.421915 0.099531
v -0.975746 0.415880 0.100887
v -0.975746 0.415880 0.100887
v -0.982429 0.409334 0.099531
v -0.982429 0.409334 0.099531
v -0.988090 0.402548 0.095775
v -0.988090 0.402548 0.095775
v -0.991875 0.395728 0.090142
v -0.991875 0.395728 0.090142
v -0.993204 0.389182 0.083465
v -0.993204 0.389182 0.083465
v -0.991875 0.383147 0.076788
v -0.991875 0.383147 0.076788
v -0.988090 0.377861 0.071050
v -0.988090 0.377861 0.071050
v -0.982429 0.373497 0.067295
v -0.982429 0.373497 0.067295
v -0.975746 0.370292 0.065938
v -0.975746 0.370292 0.065938
v -0.969097 0.368314 0.067295
v -0.969097 0.368314 0.067295
v -0.963437 0.367632 0.071050
v -0.969711 0.368314 0.068546
v -0.969711 0.368314 0.068546
v -0.976531 0.370292 0.068546
v -0.976531 0.370292 0.068546
v -0.982805 0.373497 0.071050
v -0.982805 0.373497 0.071050
v -0.987612 0.377861 0.075954
v -0.987612 0.377861 0.075954
v -0.990238 0.383147 0.082213
v -0.990238 0.383147 0.082213
v -0.990238 0.389182 0.088994
v -0.990238 0.389182 0.088994
v -0.987612 0.395728 0.095253
v -0.987612 0.395728 0.095253
v -0.982805 0.402548 0.100157
v -0.982805 0.402548 0.100157
v -0.976531 0.409334 0.102765
v -0.976531 0.409334 0.102765
v -0.969711 0.415880 0.102765
v -0.969711 0.415880 0.102765
v -0.963437 0.421915 0.100157
v -0.963437 0.427201 0.095775
v -0.963437 0.421915 0.100157
v -0.958595 0.427201 0.095253
v -0.963437 0.427201 0.095775
v -0.959652 0.431565 0.090142
v -0.958595 0.427201 0.095253
v -0.956004 0.431565 0.088994
v -0.959652 0.431565 0.090142
v -0.958322 0.434770 0.083465
v -0.956004 0.431565 0.088994
v -0.958322 0.434770 0.083465
v -0.959652 0.436748 0.076788
v -0.952662 0.431565 0.087221
v -0.953992 0.427201 0.093897
v -0.953992 0.427201 0.093897
v -0.957742 0.421915 0.099531
v -0.957742 0.421915 0.099531
v -0.963437 0.415880 0.103391
v -0.963437 0.415880 0.103391
v -0.970086 0.409334 0.104643
v -0.970086 0.409334 0.104643
v -0.976769 0.402548 0.103391
v -0.976769 0.402548 0.103391
v -0.982429 0.395728 0.099531
v -0.982429 0.395728 0.099531
v -0.986214 0.389182 0.093897
v -0.986214 0.389182 0.093897
v -0.987544 0.383147 0.087221
v -0.987544 0.383147 0.087221
v -0.986214 0.377861 0.080544
v -0.986214 0.377861 0.080544
v -0.982429 0.373497 0.074910
v -0.982429 0.373497 0.074910
v -0.976769 0.370292 0.071050
v -0.976769 0.370292 0.071050
v -0.970086 0.368314 0.069798
v -0.970086 0.368314 0.069798
v -0.949695 0.427201 0.091602
v -0.953992 0.427201 0.093897
v -0.952321 0.421915 0.097862
v -0.957742 0.421915 0.099531
v -0.952321 0.421915 0.097862
v -0.957129 0.415880 0.102765
v -0.963437 0.415880 0.103391
v -0.957129 0.415880 0.102765
v -0.963437 0.409334 0.105373
v -0.970086 0.409334 0.104643
v -0.963437 0.409334 0.105373
v -0.970222 0.402548 0.105373
v -0.976769 0.402548 0.103391
v -0.970222 0.402548 0.105373
v -0.976531 0.395728 0.102765
v -0.982429 0.395728 0.099531
v -0.976531 0.395728 0.102765
v -0.981338 0.389182 0.097862
v -0.986214 0.389182 0.093897
v -0.981338 0.389182 0.097862
v -0.983930 0.383147 0.091602
v -0.987544 0.383147 0.087221
v -0.983930 0.383147 0.091602
v -0.983930 0.377861 0.084821
v -0.986214 0.377861 0.080544
v -0.983930 0.377861 0.084821
v -0.981338 0.373497 0.078562
v -0.982429 0.373497 0.074910
v -0.981338 0.373497 0.078562
v -0.976531 0.370292 0.073658
v -0.976769 0.370292 0.071050
v -0.976531 0.370292 0.073658
v -0.970222 0.368314 0.071050
v -0.970086 0.368314 0.069798
v -0.970222 0.368314 0.071050
v -0.947309 0.421915 0.095253
v -0.952321 0.421915 0.097862
v -0.951093 0.415880 0.100887
v -0.957129 0.415880 0.102765
v -0.951093 0.415880 0.100887
v -0.956754 0.409334 0.104643
v -0.963437 0.409334 0.105373
v -0.956754 0.409334 0.104643
v -0.963437 0.402548 0.105999
v -0.970222 0.402548 0.105373
v -0.963437 0.402548 0.105999
v -0.970086 0.395728 0.104643
v -0.976531 0.395728 0.102765
v -0.970086 0.395728 0.104643
v -0.975746 0.389182 0.100887
v -0.981338 0.389182 0.097862
v -0.975746 0.389182 0.100887
v -0.979531 0.383147 0.095253
v -0.983930 0.383147 0.091602
v -0.979531 0.383147 0.095253
v -0.980861 0.377861 0.088577
v -0.983930 0.377861 0.084821
v -0.980861 0.377861 0.088577
v -0.979531 0.373497 0.081900
v -0.981338 0.373497 0.078562
v -0.979531 0.373497 0.081900
v -0.975746 0.370292 0.076162
v -0.976531 0.370292 0.073658
v -0.975746 0.370292 0.076162
v -0.970086 0.368314 0.072406
v -0.970222 0.368314 0.071050
v -0.970086 0.368314 0.072406
v -0.945501 0.415880 0.097862
v -0.951093 0.415880 0.100887
v -0.950309 0.409334 0.102765
v -0.956754 0.409334 0.104643
v -0.950309 0.409334 0.102765
v -0.956617 0.402548 0.105373
v -0.963437 0.402548 0.105999
v -0.956617 0.402548 0.105373
v -0.963437 0.395728 0.105373
v -0.970086 0.395728 0.104643
v -0.963437 0.395728 0.105373
v -0.969711 0.389182 0.102765
v -0.975746 0.389182 0.100887
v -0.969711 0.389182 0.102765
v -0.974519 0.383147 0.097862
v -0.979531 0.383147 0.095253
v -0.974519 0.383147 0.097862
v -0.977144 0.377861 0.091602
v -0.980861 0.377861 0.088577
v -0.977144 0.377861 0.091602
v -0.977144 0.373497 0.084821
v -0.979531 0.373497 0.081900
v -0.977144 0.373497 0.084821
v -0.974519 0.370292 0.078562
v -0.975746 0.370292 0.076162
v -0.974519 0.370292 0.078562
v -0.969711 0.368314 0.073658
v -0.970086 0.368314 0.072406
v -0.969711 0.368314 0.073658
v -0.944410 0.409334 0.099531
v -0.950309 0.409334 0.102765
v -0.950071 0.402548 0.103391
v -0.956617 0.402548 0.105373
v -0.950071 0.402548 0.103391
v -0.956754 0.395728 0.104643
v -0.963437 0.395728 0.105373
v -0.956754 0.395728 0.104643
v -0.963437 0.389182 0.103391
v -0.969711 0.389182 0.102765
v -0.963437 0.389182 0.103391
v -0.969097 0.383147 0.099531
v -0.974519 0.383147 0.097862
v -0.969097 0.383147 0.099531
v -0.972848 0.377861 0.093897
v -0.977144 0.377861 0.091602
v -0.972848 0.377861 0.093897
v -0.974178 0.373497 0.087221
v -0.977144 0.373497 0.084821
v -0.974178 0.373497 0.087221
v -0.972848 0.370292 0.080544
v -0.974519 0.370292 0.078562
v -0.972848 0.370292 0.080544
v -0.969097 0.368314 0.074910
v -0.969711 0.368314 0.073658
v -0.969097 0.368314 0.074910
v -0.944035 0.402548 0.100157
v -0.950071 0.402548 0.103391
v -0.950309 0.395728 0.102765
v -0.956754 0.395728 0.104643
v -0.950309 0.395728 0.102765
v -0.957129 0.389182 0.102765
v -0.963437 0.389182 0.103391
v -0.957129 0.389182 0.102765
v -0.963437 0.383147 0.100157
v -0.969097 0.383147 0.099531
v -0.963437 0.383147 0.100157
v -0.968245 0.377861 0.095253
v -0.972848 0.377861 0.093897
v -0.968245 0.377861 0.095253
v -0.970836 0.373497 0.088994
v -0.974178 0.373497 0.087221
v -0.970836 0.373497 0.088994
v -0.970836 0.370292 0.082213
v -0.972848 0.370292 0.080544
v -0.970836 0.370292 0.082213
v -0.968245 0.368314 0.075954
v -0.969097 0.368314 0.074910
v -0.968245 0.368314 0.075954
v -0.944410 0.395728 0.099531
v -0.950309 0.395728 0.102765
v -0.951093 0.389182 0.100887
v -0.957129 0.389182 0.102765
v -0.951093 0.389182 0.100887
v -0.957742 0.383147 0.099531
v -0.963437 0.383147 0.100157
v -0.957742 0.383147 0.099531
v -0.963437 0.377861 0.095775
v -0.968245 0.377861 0.095253
v -0.963437 0.377861 0.095775
v -0.967188 0.373497 0.090142
v -0.970836 0.373497 0.088994
v -0.967188 0.373497 0.090142
v -0.968518 0.370292 0.083465
v -0.970836 0.370292 0.082213
v -0.968518 0.370292 0.083465
v -0.967188 0.368314 0.076788
v -0.968245 0.368314 0.075954
v -0.967188 0.368314 0.076788
v -0.945501 0.389182 0.097862
v -0.951093 0.389182 0.100887
v -0.952321 0.383147 0.097862
v -0.957742 0.383147 0.099531
v -0.952321 0.383147 0.097862
v -0.958595 0.377861 0.095253
v -0.963437 0.377861 0.095775
v -0.958595 0.377861 0.095253
v -0.963437 0.373497 0.090455
v -0.967188 0.373497 0.090142
v -0.963437 0.373497 0.090455
v -0.966028 0.370292 0.084195
v -0.968518 0.370292 0.083465
v -0.966028 0.370292 0.084195
v -0.966028 0.368314 0.077414
v -0.967188 0.368314 0.076788
v -0.966028 0.368314 0.077414
v -0.964733 0.368314 0.077727
v -0.966028 0.368314 0.077414
v -0.964733 0.368314 0.077727
v -0.963437 0.370292 0.084404
v -0.963437 0.370292 0.084404
v -0.959652 0.373497 0.090142
v -0.959652 0.373497 0.090142
v -0.953992 0.377861 0.093897
v -0.953992 0.377861 0.093897
v -0.949695 0.377861 0.091602
v -0.956004 0.373497 0.088994
v -0.956004 0.373497 0.088994
v -0.960811 0.370292 0.084195
v -0.960811 0.370292 0.084195
v -0.956004 0.373497 0.088994
v -0.960811 0.370292 0.084195
v -0.963437 0.368314 0.077936
v -0.968245 0.427201 0.095253
v -0.963437 0.427201 0.095775
v -0.963437 0.431565 0.090455
v -0.959652 0.431565 0.090142
v -0.960811 0.434770 0.084195
v -0.958322 0.434770 0.083465
v -0.960811 0.436748 0.077414
v -0.929851 0.395728 0.064374
v -0.929851 0.395728 0.064374
v -0.931180 0.389182 0.071050
v -0.931180 0.389182 0.071050
v -0.934965 0.383147 0.076788
v -0.934965 0.383147 0.076788
v -0.940625 0.377861 0.080544
v -0.940625 0.377861 0.080544
v -0.947309 0.373497 0.081900
v -0.947309 0.373497 0.081900
v -0.953992 0.370292 0.080544
v -0.953992 0.370292 0.080544
v -0.959652 0.368314 0.076788
v -0.959652 0.368314 0.076788
v -0.958595 0.368314 0.075954
v -0.958595 0.368314 0.075954
v -0.952321 0.370292 0.078562
v -0.952321 0.370292 0.078562
v -0.945501 0.373497 0.078562
v -0.945501 0.373497 0.078562
v -0.939227 0.377861 0.075954
v -0.939227 0.377861 0.075954
v -0.934385 0.383147 0.071050
v -0.934385 0.383147 0.071050
v -0.931794 0.389182 0.064791
v -0.931794 0.389182 0.064791
v -0.931794 0.395728 0.058010
v -0.931180 0.402548 0.057697
v -0.931794 0.395728 0.058010
v -0.934385 0.402548 0.051750
v -0.931180 0.402548 0.057697
v -0.934965 0.409334 0.052063
v -0.934385 0.402548 0.051750
v -0.939227 0.409334 0.046847
v -0.934965 0.409334 0.052063
v -0.940625 0.415880 0.048308
v -0.939227 0.409334 0.046847
v -0.945501 0.415880 0.044343
v -0.940625 0.415880 0.048308
v -0.947309 0.421915 0.046951
v -0.945501 0.415880 0.044343
v -0.952321 0.421915 0.044343
v -0.947309 0.421915 0.046951
v -0.953992 0.427201 0.048308
v -0.952321 0.421915 0.044343
v -0.958595 0.427201 0.046847
v -0.953992 0.427201 0.048308
v -0.959652 0.431565 0.052063
v -0.958595 0.427201 0.046847
v -0.963437 0.431565 0.051750
v -0.959652 0.431565 0.052063
v -0.963437 0.434770 0.057697
v -0.963437 0.431565 0.051750
v -0.963437 0.434770 0.057697
v -0.964733 0.436748 0.064374
v -0.929203 0.402548 0.064269
v -0.931180 0.402548 0.057697
v -0.931794 0.409334 0.058010
v -0.934965 0.409334 0.052063
v -0.936602 0.415880 0.053211
v -0.940625 0.415880 0.048308
v -0.942910 0.421915 0.050603
v -0.947309 0.421915 0.046951
v -0.949695 0.427201 0.050603
v -0.953992 0.427201 0.048308
v -0.956004 0.431565 0.053211
v -0.959652 0.431565 0.052063
v -0.960811 0.434770 0.058010
v -0.963437 0.434770 0.057697
v -0.963437 0.436748 0.064269
v -0.967188 0.431565 0.052063
v -0.963437 0.427201 0.046430
v -0.963437 0.427201 0.046430
v -0.957742 0.421915 0.042674
v -0.957742 0.421915 0.042674
v -0.951093 0.415880 0.041318
v -0.951093 0.415880 0.041318
v -0.944410 0.409334 0.042674
v -0.944410 0.409334 0.042674
v -0.938750 0.402548 0.046430
v -0.938750 0.402548 0.046430
v -0.934965 0.395728 0.052063
v -0.934965 0.395728 0.052063
v -0.933635 0.389182 0.058740
v -0.933635 0.389182 0.058740
v -0.934965 0.383147 0.065417
v -0.934965 0.383147 0.065417
v -0.938750 0.377861 0.071050
v -0.938750 0.377861 0.071050
v -0.944410 0.373497 0.074910
v -0.944410 0.373497 0.074910
v -0.951093 0.370292 0.076162
v -0.951093 0.370292 0.076162
v -0.957742 0.368314 0.074910
v -0.957742 0.368314 0.074910
v -0.968245 0.427201 0.046847
v -0.963437 0.427201 0.046430
v -0.963437 0.421915 0.042048
v -0.957742 0.421915 0.042674
v -0.963437 0.421915 0.042048
v -0.957129 0.415880 0.039440
v -0.951093 0.415880 0.041318
v -0.957129 0.415880 0.039440
v -0.950309 0.409334 0.039440
v -0.944410 0.409334 0.042674
v -0.950309 0.409334 0.039440
v -0.944035 0.402548 0.042048
v -0.938750 0.402548 0.046430
v -0.944035 0.402548 0.042048
v -0.939227 0.395728 0.046847
v -0.934965 0.395728 0.052063
v -0.939227 0.395728 0.046847
v -0.936602 0.389182 0.053211
v -0.933635 0.389182 0.058740
v -0.936602 0.389182 0.053211
v -0.936602 0.383147 0.059992
v -0.934965 0.383147 0.065417
v -0.936602 0.383147 0.059992
v -0.939227 0.377861 0.066251
v -0.938750 0.377861 0.071050
v -0.939227 0.377861 0.066251
v -0.944035 0.373497 0.071050
v -0.944410 0.373497 0.074910
v -0.944035 0.373497 0.071050
v -0.950309 0.370292 0.073658
v -0.951093 0.370292 0.076162
v -0.950309 0.370292 0.073658
v -0.957129 0.368314 0.073658
v -0.957742 0.368314 0.074910
v -0.957129 0.368314 0.073658
v -0.969097 0.421915 0.042674
v -0.963437 0.421915 0.042048
v -0.963437 0.415880 0.038814
v -0.957129 0.415880 0.039440
v -0.963437 0.415880 0.038814
v -0.956754 0.409334 0.037562
v -0.950309 0.409334 0.039440
v -0.956754 0.409334 0.037562
v -0.950071 0.402548 0.038814
v -0.944035 0.402548 0.042048
v -0.950071 0.402548 0.038814
v -0.944410 0.395728 0.042674
v -0.939227 0.395728 0.046847
v -0.944410 0.395728 0.042674
v -0.940625 0.389182 0.048308
v -0.936602 0.389182 0.053211
v -0.940625 0.389182 0.048308
v -0.939296 0.383147 0.054984
v -0.936602 0.383147 0.059992
v -0.939296 0.383147 0.054984
v -0.940625 0.377861 0.061661
v -0.939227 0.377861 0.066251
v -0.940625 0.377861 0.061661
v -0.944410 0.373497 0.067295
v -0.944035 0.373497 0.071050
v -0.944410 0.373497 0.067295
v -0.950071 0.370292 0.071050
v -0.950309 0.370292 0.073658
v -0.950071 0.370292 0.071050
v -0.956754 0.368314 0.072406
v -0.957129 0.368314 0.073658
v -0.956754 0.368314 0.072406
v -0.969711 0.415880 0.039440
v -0.963437 0.415880 0.038814
v -0.963437 0.409334 0.036832
v -0.956754 0.409334 0.037562
v -0.963437 0.409334 0.036832
v -0.956617 0.402548 0.036832
v -0.950071 0.402548 0.038814
v -0.956617 0.402548 0.036832
v -0.950309 0.395728 0.039440
v -0.944410 0.395728 0.042674
v -0.950309 0.395728 0.039440
v -0.945501 0.389182 0.044343
v -0.940625 0.389182 0.048308
v -0.945501 0.389182 0.044343
v -0.942910 0.383147 0.050603
v -0.939296 0.383147 0.054984
v -0.942910 0.383147 0.050603
v -0.942910 0.377861 0.057384
v -0.940625 0.377861 0.061661
v -0.942910 0.377861 0.057384
v -0.945501 0.373497 0.063643
v -0.944410 0.373497 0.067295
v -0.945501 0.373497 0.063643
v -0.950309 0.370292 0.068546
v -0.950071 0.370292 0.071050
v -0.950309 0.370292 0.068546
v -0.956617 0.368314 0.071050
v -0.956754 0.368314 0.072406
v -0.956617 0.368314 0.071050
v -0.970086 0.409334 0.037562
v -0.963437 0.409334 0.036832
v -0.963437 0.402548 0.036206
v -0.956617 0.402548 0.036832
v -0.963437 0.402548 0.036206
v -0.956754 0.395728 0.037562
v -0.950309 0.395728 0.039440
v -0.956754 0.395728 0.037562
v -0.951093 0.389182 0.041318
v -0.945501 0.389182 0.044343
v -0.951093 0.389182 0.041318
v -0.947309 0.383147 0.046951
v -0.942910 0.383147 0.050603
v -0.947309 0.383147 0.046951
v -0.945979 0.377861 0.053628
v -0.942910 0.377861 0.057384
v -0.945979 0.377861 0.053628
v -0.947309 0.373497 0.060305
v -0.945501 0.373497 0.063643
v -0.947309 0.373497 0.060305
v -0.951093 0.370292 0.065938
v -0.950309 0.370292 0.068546
v -0.951093 0.370292 0.065938
v -0.956754 0.368314 0.069798
v -0.956617 0.368314 0.071050
v -0.956754 0.368314 0.069798
v -0.970222 0.402548 0.036832
v -0.963437 0.402548 0.036206
v -0.963437 0.395728 0.036832
v -0.956754 0.395728 0.037562
v -0.963437 0.395728 0.036832
v -0.957129 0.389182 0.039440
v -0.951093 0.389182 0.041318
v -0.957129 0.389182 0.039440
v -0.952321 0.383147 0.044343
v -0.947309 0.383147 0.046951
v -0.952321 0.383147 0.044343
v -0.949695 0.377861 0.050603
v -0.945979 0.377861 0.053628
v -0.949695 0.377861 0.050603
v -0.949695 0.373497 0.057384
v -0.947309 0.373497 0.060305
v -0.949695 0.373497 0.057384
v -0.952321 0.370292 0.063643
v -0.951093 0.370292 0.065938
v -0.952321 0.370292 0.063643
v -0.957129 0.368314 0.068546
v -0.956754 0.368314 0.069798
v -0.957129 0.368314 0.068546
v -0.970086 0.395728 0.037562
v -0.963437 0.395728 0.036832
v -0.963437 0.389182 0.038814
v -0.957129 0.389182 0.039440
v -0.963437 0.389182 0.038814
v -0.957742 0.383147 0.042674
v -0.952321 0.383147 0.044343
v -0.957742 0.383147 0.042674
v -0.953992 0.377861 0.048308
v -0.949695 0.377861 0.050603
v -0.953992 0.377861 0.048308
v -0.952662 0.373497 0.054984
v -0.949695 0.373497 0.057384
v -0.952662 0.373497 0.054984
v -0.953992 0.370292 0.061661
v -0.952321 0.370292 0.063643
v -0.953992 0.370292 0.061661
v -0.957742 0.368314 0.067295
v -0.957129 0.368314 0.068546
v -0.957742 0.368314 0.067295
v -0.969711 0.389182 0.039440
v -0.963437 0.389182 0.038814
v -0.963437 0.383147 0.042048
v -0.957742 0.383147 0.042674
v -0.963437 0.383147 0.042048
v -0.958595 0.377861 0.046847
v -0.953992 0.377861 0.048308
v -0.958595 0.377861 0.046847
v -0.956004 0.373497 0.053211
v -0.952662 0.373497 0.054984
v -0.956004 0.373497 0.053211
v -0.956004 0.370292 0.059992
v -0.953992 0.370292 0.061661
v -0.956004 0.370292 0.059992
v -0.958595 0.368314 0.066251
v -0.957742 0.368314 0.067295
v -0.958595 0.368314 0.066251
v -0.969097 0.383147 0.042674
v -0.963437 0.383147 0.042048
v -0.963437 0.377861 0.046430
v -0.958595 0.377861 0.046847
v -0.963437 0.377861 0.046430
v -0.959652 0.373497 0.052063
v -0.956004 0.373497 0.053211
v -0.959652 0.373497 0.052063
v -0.958322 0.370292 0.058740
v -0.956004 0.370292 0.059992
v -0.958322 0.370292 0.058740
v -0.959652 0.368314 0.065417
v -0.958595 0.368314 0.066251
v -0.959652 0.368314 0.065417
v -0.968245 0.377861 0.046847
v -0.963437 0.377861 0.046430
v -0.963437 0.373497 0.051750
v -0.959652 0.373497 0.052063
v -0.963437 0.373497 0.051750
v -0.960811 0.370292 0.058010
v -0.958322 0.370292 0.058740
v -0.960811 0.370292 0.058010
v -0.960811 0.368314 0.064791
v -0.959652 0.368314 0.065417
v -0.960811 0.368314 0.064791
v -0.967188 0.373497 0.052063
v -0.963437 0.373497 0.051750
v -0.963437 0.370292 0.057697
v -0.960811 0.370292 0.058010
v -0.963437 0.370292 0.057697
v -0.962107 0.368314 0.064374
v -0.960811 0.368314 0.064791
v -0.962107 0.368314 0.064374
v -0.966028 0.370292 0.058010
v -0.963437 0.370292 0.057697
v -0.963437 0.368314 0.064269
v -0.962107 0.368314 0.064374
v -0.963437 0.368314 0.064269
v -0.966028 0.436748 -0.078968
v -0.964733 0.436748 -0.079281
v -0.963437 0.437430 -0.072604
v -0.964733 0.436748 -0.079281
v -0.963437 0.436748 -0.079490
v -0.963437 0.437430 -0.072604
v -0.962107 0.436748 -0.079281
v -0.963437 0.436748 -0.079490
v -0.960811 0.434770 -0.085749
v -0.962107 0.436748 -0.079281
v -0.958322 0.434770 -0.085019
v -0.960811 0.434770 -0.085749
v -0.956004 0.431565 -0.090548
v -0.958322 0.434770 -0.085019
v -0.952662 0.431565 -0.088775
v -0.956004 0.431565 -0.090548
v -0.949695 0.427201 -0.093156
v -0.952662 0.431565 -0.088775
v -0.945979 0.427201 -0.090131
v -0.949695 0.427201 -0.093156
v -0.942910 0.421915 -0.093156
v -0.945979 0.427201 -0.090131
v -0.939296 0.421915 -0.088775
v -0.942910 0.421915 -0.093156
v -0.936602 0.415880 -0.090548
v -0.939296 0.421915 -0.088775
v -0.933635 0.415880 -0.085019
v -0.936602 0.415880 -0.090548
v -0.931794 0.409334 -0.085749
v -0.933635 0.415880 -0.085019
v -0.929851 0.409334 -0.079281
v -0.931794 0.409334 -0.085749
v -0.929203 0.402548 -0.079490
v -0.929851 0.409334 -0.079281
v -0.928521 0.402548 -0.072604
v -0.929203 0.402548 -0.079490
v -0.929203 0.395728 -0.072604
v -0.928521 0.402548 -0.072604
v -0.929851 0.395728 -0.065928
v -0.929203 0.395728 -0.072604
v -0.931794 0.389182 -0.066345
v -0.929851 0.395728 -0.065928
v -0.933635 0.389182 -0.060294
v -0.931794 0.389182 -0.066345
v -0.936602 0.383147 -0.061546
v -0.933635 0.389182 -0.060294
v -0.939296 0.383147 -0.056538
v -0.936602 0.383147 -0.061546
v -0.942910 0.377861 -0.058938
v -0.939296 0.383147 -0.056538
v -0.945979 0.377861 -0.055182
v -0.942910 0.377861 -0.058938
v -0.949695 0.373497 -0.058938
v -0.945979 0.377861 -0.055182
v -0.952662 0.373497 -0.056538
v -0.949695 0.373497 -0.058938
v -0.956004 0.370292 -0.061546
v -0.952662 0.373497 -0.056538
v -0.958322 0.370292 -0.060294
v -0.956004 0.370292 -0.061546
v -0.960811 0.368314 -0.066345
v -0.958322 0.370292 -0.060294
v -0.962107 0.368314 -0.065928
v -0.960811 0.368314 -0.066345
v -0.963437 0.367632 -0.072604
v -0.962107 0.368314 -0.065928
v -0.963437 0.368314 -0.065823
v -0.963437 0.367632 -0.072604
v -0.964733 0.368314 -0.065928
v -0.963437 0.368314 -0.065823
v -0.963437 0.370292 -0.059251
v -0.964733 0.368314 -0.065928
v -0.966028 0.370292 -0.059564
v -0.963437 0.370292 -0.059251
v -0.963437 0.373497 -0.053304
v -0.966028 0.370292 -0.059564
v -0.967188 0.373497 -0.053617
v -0.963437 0.373497 -0.053304
v -0.963437 0.377861 -0.047984
v -0.967188 0.373497 -0.053617
v -0.968245 0.377861 -0.048401
v -0.963437 0.377861 -0.047984
v -0.963437 0.383147 -0.043602
v -0.968245 0.377861 -0.048401
v -0.969097 0.383147 -0.044228
v -0.963437 0.383147 -0.043602
v -0.963437 0.389182 -0.040368
v -0.969097 0.383147 -0.044228
v -0.969711 0.389182 -0.040994
v -0.963437 0.389182 -0.040368
v -0.963437 0.395728 -0.038386
v -0.969711 0.389182 -0.040994
v -0.970086 0.395728 -0.039116
v -0.963437 0.395728 -0.038386
v -0.963437 0.402548 -0.037760
v -0.970086 0.395728 -0.039116
v -0.970222 0.402548 -0.038386
v -0.963437 0.402548 -0.037760
v -0.963437 0.409334 -0.038386
v -0.970222 0.402548 -0.038386
v -0.970086 0.409334 -0.039116
v -0.963437 0.409334 -0.038386
v -0.963437 0.415880 -0.040368
v -0.970086 0.409334 -0.039116
v -0.969711 0.415880 -0.040994
v -0.963437 0.415880 -0.040368
v -0.963437 0.421915 -0.043602
v -0.969711 0.415880 -0.040994
v -0.969097 0.421915 -0.044228
v -0.963437 0.421915 -0.043602
v -0.963437 0.427201 -0.047984
v -0.969097 0.421915 -0.044228
v -0.968245 0.427201 -0.048401
v -0.963437 0.427201 -0.047984
v -0.963437 0.431565 -0.053304
v -0.968245 0.427201 -0.048401
v -0.967188 0.431565 -0.053617
v -0.963437 0.431565 -0.053304
v -0.963437 0.434770 -0.059251
v -0.967188 0.431565 -0.053617
v -0.966028 0.434770 -0.059564
v -0.963437 0.434770 -0.059251
v -0.963437 0.436748 -0.065823
v -0.966028 0.434770 -0.059564
v -0.964733 0.436748 -0.065928
v -0.963437 0.436748 -0.065823
v -0.964733 0.436748 -0.065928
v -0.966028 0.436748 -0.066345
v -0.967188 0.436748 -0.066971
v -0.966028 0.436748 -0.066345
v -0.970836 0.434770 -0.061546
v -0.967188 0.436748 -0.066971
v -0.972848 0.434770 -0.063215
v -0.970836 0.434770 -0.061546
v -0.977144 0.431565 -0.058938
v -0.972848 0.434770 -0.063215
v -0.979531 0.431565 -0.061859
v -0.977144 0.431565 -0.058938
v -0.983930 0.427201 -0.058938
v -0.979531 0.431565 -0.061859
v -0.986214 0.427201 -0.063215
v -0.983930 0.427201 -0.058938
v -0.990238 0.421915 -0.061546
v -0.986214 0.427201 -0.063215
v -0.991875 0.421915 -0.066971
v -0.990238 0.421915 -0.061546
v -0.995046 0.415880 -0.066345
v -0.991875 0.421915 -0.066971
v -0.995659 0.415880 -0.072604
v -0.995046 0.415880 -0.066345
v -0.997637 0.409334 -0.072604
v -0.995659 0.415880 -0.072604
v -0.996989 0.409334 -0.079281
v -0.997637 0.409334 -0.072604
v -0.997637 0.402548 -0.079490
v -0.996989 0.409334 -0.079281
v -0.995659 0.402548 -0.085958
v -0.997637 0.402548 -0.079490
v -0.995046 0.395728 -0.085749
v -0.995659 0.402548 -0.085958
v -0.991875 0.395728 -0.091696
v -0.995046 0.395728 -0.085749
v -0.990238 0.389182 -0.090548
v -0.991875 0.395728 -0.091696
v -0.986214 0.389182 -0.095451
v -0.990238 0.389182 -0.090548
v -0.983930 0.383147 -0.093156
v -0.986214 0.389182 -0.095451
v -0.979531 0.383147 -0.096808
v -0.983930 0.383147 -0.093156
v -0.977144 0.377861 -0.093156
v -0.979531 0.383147 -0.096808
v -0.972848 0.377861 -0.095451
v -0.977144 0.377861 -0.093156
v -0.970836 0.373497 -0.090548
v -0.972848 0.377861 -0.095451
v -0.967188 0.373497 -0.091696
v -0.970836 0.373497 -0.090548
v -0.966028 0.370292 -0.085749
v -0.967188 0.373497 -0.091696
v -0.963437 0.370292 -0.085958
v -0.966028 0.370292 -0.085749
v -0.963437 0.368314 -0.079490
v -0.963437 0.370292 -0.085958
v -0.962107 0.368314 -0.079281
v -0.963437 0.368314 -0.079490
v -0.962107 0.368314 -0.079281
v -0.960811 0.368314 -0.078968
v -0.959652 0.368314 -0.078342
v -0.960811 0.368314 -0.078968
v -0.958322 0.370292 -0.085019
v -0.959652 0.368314 -0.078342
v -0.956004 0.370292 -0.083767
v -0.958322 0.370292 -0.085019
v -0.956004 0.373497 -0.090548
v -0.956004 0.370292 -0.083767
v -0.952662 0.373497 -0.088775
v -0.956004 0.373497 -0.090548
v -0.953992 0.377861 -0.095451
v -0.952662 0.373497 -0.088775
v -0.949695 0.377861 -0.093156
v -0.953992 0.377861 -0.095451
v -0.952321 0.383147 -0.099416
v -0.949695 0.377861 -0.093156
v -0.947309 0.383147 -0.096808
v -0.952321 0.383147 -0.099416
v -0.951093 0.389182 -0.102441
v -0.947309 0.383147 -0.096808
v -0.945501 0.389182 -0.099416
v -0.951093 0.389182 -0.102441
v -0.950309 0.395728 -0.104319
v -0.945501 0.389182 -0.099416
v -0.944410 0.395728 -0.101085
v -0.950309 0.395728 -0.104319
v -0.950071 0.402548 -0.104945
v -0.944410 0.395728 -0.101085
v -0.944035 0.402548 -0.101711
v -0.950071 0.402548 -0.104945
v -0.950309 0.409334 -0.104319
v -0.944035 0.402548 -0.101711
v -0.944410 0.409334 -0.101085
v -0.950309 0.409334 -0.104319
v -0.951093 0.415880 -0.102441
v -0.944410 0.409334 -0.101085
v -0.945501 0.415880 -0.099416
v -0.951093 0.415880 -0.102441
v -0.952321 0.421915 -0.099416
v -0.945501 0.415880 -0.099416
v -0.947309 0.421915 -0.096808
v -0.952321 0.421915 -0.099416
v -0.953992 0.427201 -0.095451
v -0.947309 0.421915 -0.096808
v -0.953992 0.427201 -0.095451
v -0.956004 0.431565 -0.090548
v -0.964733 0.368314 -0.079281
v -0.964733 0.368314 -0.079281
v -0.968518 0.370292 -0.085019
v -0.968518 0.370292 -0.085019
v -0.974178 0.373497 -0.088775
v -0.974178 0.373497 -0.088775
v -0.980861 0.377861 -0.090131
v -0.980861 0.377861 -0.090131
v -0.987544 0.383147 -0.088775
v -0.987544 0.383147 -0.088775
v -0.993204 0.389182 -0.085019
v -0.993204 0.389182 -0.085019
v -0.996989 0.395728 -0.079281
v -0.996989 0.395728 -0.079281
v -0.998319 0.402548 -0.072604
v -0.998319 0.402548 -0.072604
v -0.996989 0.409334 -0.065928
v -0.996989 0.409334 -0.065928
v -0.993204 0.415880 -0.060294
v -0.993204 0.415880 -0.060294
v -0.987544 0.421915 -0.056538
v -0.987544 0.421915 -0.056538
v -0.980861 0.427201 -0.055182
v -0.980861 0.427201 -0.055182
v -0.974178 0.431565 -0.056538
v -0.974178 0.431565 -0.056538
v -0.968518 0.434770 -0.060294
v -0.968518 0.434770 -0.060294
v -0.964733 0.436748 -0.065928
v -0.970836 0.431565 -0.054765
v -0.970836 0.431565 -0.054765
v -0.977144 0.427201 -0.052157
v -0.977144 0.427201 -0.052157
v -0.983930 0.421915 -0.052157
v -0.983930 0.421915 -0.052157
v -0.990238 0.415880 -0.054765
v -0.990238 0.415880 -0.054765
v -0.995046 0.409334 -0.059564
v -0.995046 0.409334 -0.059564
v -0.997637 0.402548 -0.065823
v -0.997637 0.402548 -0.065823
v -0.997637 0.395728 -0.072604
v -0.997637 0.395728 -0.072604
v -0.995046 0.389182 -0.078968
v -0.995046 0.389182 -0.078968
v -0.990238 0.383147 -0.083767
v -0.990238 0.383147 -0.083767
v -0.983930 0.377861 -0.086375
v -0.983930 0.377861 -0.086375
v -0.977144 0.373497 -0.086375
v -0.977144 0.373497 -0.086375
v -0.970836 0.370292 -0.083767
v -0.970836 0.370292 -0.083767
v -0.966028 0.368314 -0.078968
v -0.966028 0.368314 -0.078968
v -0.970836 0.431565 -0.054765
v -0.972848 0.427201 -0.049862
v -0.977144 0.427201 -0.052157
v -0.972848 0.427201 -0.049862
v -0.979531 0.421915 -0.048505
v -0.983930 0.421915 -0.052157
v -0.979531 0.421915 -0.048505
v -0.986214 0.415880 -0.049862
v -0.990238 0.415880 -0.054765
v -0.986214 0.415880 -0.049862
v -0.991875 0.409334 -0.053617
v -0.995046 0.409334 -0.059564
v -0.991875 0.409334 -0.053617
v -0.995659 0.402548 -0.059251
v -0.997637 0.402548 -0.065823
v -0.995659 0.402548 -0.059251
v -0.996989 0.395728 -0.065928
v -0.997637 0.395728 -0.072604
v -0.996989 0.395728 -0.065928
v -0.995659 0.389182 -0.072604
v -0.995046 0.389182 -0.078968
v -0.995659 0.389182 -0.072604
v -0.991875 0.383147 -0.078342
v -0.990238 0.383147 -0.083767
v -0.991875 0.383147 -0.078342
v -0.986214 0.377861 -0.082098
v -0.983930 0.377861 -0.086375
v -0.986214 0.377861 -0.082098
v -0.979531 0.373497 -0.083454
v -0.977144 0.373497 -0.086375
v -0.979531 0.373497 -0.083454
v -0.972848 0.370292 -0.082098
v -0.970836 0.370292 -0.083767
v -0.972848 0.370292 -0.082098
v -0.967188 0.368314 -0.078342
v -0.966028 0.368314 -0.078968
v -0.967188 0.368314 -0.078342
v -0.972848 0.427201 -0.049862
v -0.974519 0.421915 -0.045897
v -0.979531 0.421915 -0.048505
v -0.974519 0.421915 -0.045897
v -0.981338 0.415880 -0.045897
v -0.986214 0.415880 -0.049862
v -0.981338 0.415880 -0.045897
v -0.987612 0.409334 -0.048401
v -0.991875 0.409334 -0.053617
v -0.987612 0.409334 -0.048401
v -0.992454 0.402548 -0.053304
v -0.995659 0.402548 -0.059251
v -0.992454 0.402548 -0.053304
v -0.995046 0.395728 -0.059564
v -0.996989 0.395728 -0.065928
v -0.995046 0.395728 -0.059564
v -0.995046 0.389182 -0.066345
v -0.995659 0.389182 -0.072604
v -0.995046 0.389182 -0.066345
v -0.992454 0.383147 -0.072604
v -0.991875 0.383147 -0.078342
v -0.992454 0.383147 -0.072604
v -0.987612 0.377861 -0.077508
v -0.986214 0.377861 -0.082098
v -0.987612 0.377861 -0.077508
v -0.981338 0.373497 -0.080116
v -0.979531 0.373497 -0.083454
v -0.981338 0.373497 -0.080116
v -0.974519 0.370292 -0.080116
v -0.972848 0.370292 -0.082098
v -0.974519 0.370292 -0.080116
v -0.968245 0.368314 -0.077508
v -0.967188 0.368314 -0.078342
v -0.968245 0.368314 -0.077508
v -0.974519 0.421915 -0.045897
v -0.975746 0.415880 -0.042872
v -0.981338 0.415880 -0.045897
v -0.975746 0.415880 -0.042872
v -0.982429 0.409334 -0.044228
v -0.987612 0.409334 -0.048401
v -0.982429 0.409334 -0.044228
v -0.988090 0.402548 -0.047984
v -0.992454 0.402548 -0.053304
v -0.988090 0.402548 -0.047984
v -0.991875 0.395728 -0.053617
v -0.995046 0.395728 -0.059564
v -0.991875 0.395728 -0.053617
v -0.993204 0.389182 -0.060294
v -0.995046 0.389182 -0.066345
v -0.993204 0.389182 -0.060294
v -0.991875 0.383147 -0.066971
v -0.992454 0.383147 -0.072604
v -0.991875 0.383147 -0.066971
v -0.988090 0.377861 -0.072604
v -0.987612 0.377861 -0.077508
v -0.988090 0.377861 -0.072604
v -0.982429 0.373497 -0.076464
v -0.981338 0.373497 -0.080116
v -0.982429 0.373497 -0.076464
v -0.975746 0.370292 -0.077716
v -0.974519 0.370292 -0.080116
v -0.975746 0.370292 -0.077716
v -0.969097 0.368314 -0.076464
v -0.968245 0.368314 -0.077508
v -0.969097 0.368314 -0.076464
v -0.975746 0.415880 -0.042872
v -0.976531 0.409334 -0.040994
v -0.982429 0.409334 -0.044228
v -0.976531 0.409334 -0.040994
v -0.982805 0.402548 -0.043602
v -0.988090 0.402548 -0.047984
v -0.982805 0.402548 -0.043602
v -0.987612 0.395728 -0.048401
v -0.991875 0.395728 -0.053617
v -0.987612 0.395728 -0.048401
v -0.990238 0.389182 -0.054765
v -0.993204 0.389182 -0.060294
v -0.990238 0.389182 -0.054765
v -0.990238 0.383147 -0.061546
v -0.991875 0.383147 -0.066971
v -0.990238 0.383147 -0.061546
v -0.987612 0.377861 -0.067806
v -0.988090 0.377861 -0.072604
v -0.987612 0.377861 -0.067806
v -0.982805 0.373497 -0.072604
v -0.982429 0.373497 -0.076464
v -0.982805 0.373497 -0.072604
v -0.976531 0.370292 -0.075212
v -0.975746 0.370292 -0.077716
v -0.976531 0.370292 -0.075212
v -0.969711 0.368314 -0.075212
v -0.969097 0.368314 -0.076464
v -0.969711 0.368314 -0.075212
v -0.976531 0.409334 -0.040994
v -0.976769 0.402548 -0.040368
v -0.982805 0.402548 -0.043602
v -0.976769 0.402548 -0.040368
v -0.982429 0.395728 -0.044228
v -0.987612 0.395728 -0.048401
v -0.982429 0.395728 -0.044228
v -0.986214 0.389182 -0.049862
v -0.990238 0.389182 -0.054765
v -0.986214 0.389182 -0.049862
v -0.987544 0.383147 -0.056538
v -0.990238 0.383147 -0.061546
v -0.987544 0.383147 -0.056538
v -0.986214 0.377861 -0.063215
v -0.987612 0.377861 -0.067806
v -0.986214 0.377861 -0.063215
v -0.982429 0.373497 -0.068849
v -0.982805 0.373497 -0.072604
v -0.982429 0.373497 -0.068849
v -0.976769 0.370292 -0.072604
v -0.976531 0.370292 -0.075212
v -0.976769 0.370292 -0.072604
v -0.970086 0.368314 -0.073961
v -0.969711 0.368314 -0.075212
v -0.970086 0.368314 -0.073961
v -0.976769 0.402548 -0.040368
v -0.976531 0.395728 -0.040994
v -0.982429 0.395728 -0.044228
v -0.976531 0.395728 -0.040994
v -0.981338 0.389182 -0.045897
v -0.986214 0.389182 -0.049862
v -0.981338 0.389182 -0.045897
v -0.983930 0.383147 -0.052157
v -0.987544 0.383147 -0.056538
v -0.983930 0.383147 -0.052157
v -0.983930 0.377861 -0.058938
v -0.986214 0.377861 -0.063215
v -0.983930 0.377861 -0.058938
v -0.981338 0.373497 -0.065198
v -0.982429 0.373497 -0.068849
v -0.981338 0.373497 -0.065198
v -0.976531 0.370292 -0.069996
v -0.976769 0.370292 -0.072604
v -0.976531 0.370292 -0.069996
v -0.970222 0.368314 -0.072604
v -0.970086 0.368314 -0.073961
v -0.970222 0.368314 -0.072604
v -0.976531 0.395728 -0.040994
v -0.975746 0.389182 -0.042872
v -0.981338 0.389182 -0.045897
v -0.975746 0.389182 -0.042872
v -0.979531 0.383147 -0.048505
v -0.983930 0.383147 -0.052157
v -0.979531 0.383147 -0.048505
v -0.980861 0.377861 -0.055182
v -0.983930 0.377861 -0.058938
v -0.980861 0.377861 -0.055182
v -0.979531 0.373497 -0.061859
v -0.981338 0.373497 -0.065198
v -0.979531 0.373497 -0.061859
v -0.975746 0.370292 -0.067493
v -0.976531 0.370292 -0.069996
v -0.975746 0.370292 -0.067493
v -0.970086 0.368314 -0.071352
v -0.970222 0.368314 -0.072604
v -0.970086 0.368314 -0.071352
v -0.975746 0.389182 -0.042872
v -0.974519 0.383147 -0.045897
v -0.979531 0.383147 -0.048505
v -0.974519 0.383147 -0.045897
v -0.977144 0.377861 -0.052157
v -0.980861 0.377861 -0.055182
v -0.977144 0.377861 -0.052157
v -0.977144 0.373497 -0.058938
v -0.979531 0.373497 -0.061859
v -0.977144 0.373497 -0.058938
v -0.974519 0.370292 -0.065198
v -0.975746 0.370292 -0.067493
v -0.974519 0.370292 -0.065198
v -0.969711 0.368314 -0.069996
v -0.970086 0.368314 -0.071352
v -0.969711 0.368314 -0.069996
v -0.974519 0.383147 -0.045897
v -0.972848 0.377861 -0.049862
v -0.977144 0.377861 -0.052157
v -0.972848 0.377861 -0.049862
v -0.974178 0.373497 -0.056538
v -0.977144 0.373497 -0.058938
v -0.974178 0.373497 -0.056538
v -0.972848 0.370292 -0.063215
v -0.974519 0.370292 -0.065198
v -0.972848 0.370292 -0.063215
v -0.969097 0.368314 -0.068849
v -0.969711 0.368314 -0.069996
v -0.969097 0.368314 -0.068849
v -0.972848 0.377861 -0.049862
v -0.970836 0.373497 -0.054765
v -0.974178 0.373497 -0.056538
v -0.970836 0.373497 -0.054765
v -0.970836 0.370292 -0.061546
v -0.972848 0.370292 -0.063215
v -0.970836 0.370292 -0.061546
v -0.968245 0.368314 -0.067806
v -0.969097 0.368314 -0.068849
v -0.968245 0.368314 -0.067806
v -0.970836 0.373497 -0.054765
v -0.968518 0.370292 -0.060294
v -0.970836 0.370292 -0.061546
v -0.968518 0.370292 -0.060294
v -0.967188 0.368314 -0.066971
v -0.968245 0.368314 -0.067806
v -0.967188 0.368314 -0.066971
v -0.968518 0.370292 -0.060294
v -0.966028 0.368314 -0.066345
v -0.967188 0.368314 -0.066971
v -0.966028 0.368314 -0.066345
v -0.964733 0.368314 -0.065928
v -0.942910 0.421915 -0.093156
v -0.940625 0.415880 -0.095451
v -0.936602 0.415880 -0.090548
v -0.940625 0.415880 -0.095451
v -0.934965 0.409334 -0.091696
v -0.931794 0.409334 -0.085749
v -0.934965 0.409334 -0.091696
v -0.931180 0.402548 -0.085958
v -0.929203 0.402548 -0.079490
v -0.931180 0.402548 -0.085958
v -0.929851 0.395728 -0.079281
v -0.929203 0.395728 -0.072604
v -0.929851 0.395728 -0.079281
v -0.931180 0.389182 -0.072604
v -0.931794 0.389182 -0.066345
v -0.931180 0.389182 -0.072604
v -0.934965 0.383147 -0.066971
v -0.936602 0.383147 -0.061546
v -0.934965 0.383147 -0.066971
v -0.940625 0.377861 -0.063215
v -0.942910 0.377861 -0.058938
v -0.940625 0.377861 -0.063215
v -0.947309 0.373497 -0.061859
v -0.949695 0.373497 -0.058938
v -0.947309 0.373497 -0.061859
v -0.953992 0.370292 -0.063215
v -0.956004 0.370292 -0.061546
v -0.953992 0.370292 -0.063215
v -0.959652 0.368314 -0.066971
v -0.960811 0.368314 -0.066345
v -0.959652 0.368314 -0.066971
v -0.940625 0.415880 -0.095451
v -0.939227 0.409334 -0.096808
v -0.934965 0.409334 -0.091696
v -0.939227 0.409334 -0.096808
v -0.934385 0.402548 -0.092009
v -0.931180 0.402548 -0.085958
v -0.934385 0.402548 -0.092009
v -0.931794 0.395728 -0.085749
v -0.929851 0.395728 -0.079281
v -0.931794 0.395728 -0.085749
v -0.931794 0.389182 -0.078968
v -0.931180 0.389182 -0.072604
v -0.931794 0.389182 -0.078968
v -0.934385 0.383147 -0.072604
v -0.934965 0.383147 -0.066971
v -0.934385 0.383147 -0.072604
v -0.939227 0.377861 -0.067806
v -0.940625 0.377861 -0.063215
v -0.939227 0.377861 -0.067806
v -0.945501 0.373497 -0.065198
v -0.947309 0.373497 -0.061859
v -0.945501 0.373497 -0.065198
v -0.952321 0.370292 -0.065198
v -0.953992 0.370292 -0.063215
v -0.952321 0.370292 -0.065198
v -0.958595 0.368314 -0.067806
v -0.959652 0.368314 -0.066971
v -0.958595 0.368314 -0.067806
v -0.939227 0.409334 -0.096808
v -0.938750 0.402548 -0.097329
v -0.934385 0.402548 -0.092009
v -0.938750 0.402548 -0.097329
v -0.934965 0.395728 -0.091696
v -0.931794 0.395728 -0.085749
v -0.934965 0.395728 -0.091696
v -0.933635 0.389182 -0.085019
v -0.931794 0.389182 -0.078968
v -0.933635 0.389182 -0.085019
v -0.934965 0.383147 -0.078342
v -0.934385 0.383147 -0.072604
v -0.934965 0.383147 -0.078342
v -0.938750 0.377861 -0.072604
v -0.939227 0.377861 -0.067806
v -0.938750 0.377861 -0.072604
v -0.944410 0.373497 -0.068849
v -0.945501 0.373497 -0.065198
v -0.944410 0.373497 -0.068849
v -0.951093 0.370292 -0.067493
v -0.952321 0.370292 -0.065198
v -0.951093 0.370292 -0.067493
v -0.957742 0.368314 -0.068849
v -0.958595 0.368314 -0.067806
v -0.957742 0.368314 -0.068849
v -0.938750 0.402548 -0.097329
v -0.939227 0.395728 -0.096808
v -0.934965 0.395728 -0.091696
v -0.939227 0.395728 -0.096808
v -0.936602 0.389182 -0.090548
v -0.933635 0.389182 -0.085019
v -0.936602 0.389182 -0.090548
v -0.936602 0.383147 -0.083767
v -0.934965 0.383147 -0.078342
v -0.936602 0.383147 -0.083767
v -0.939227 0.377861 -0.077508
v -0.938750 0.377861 -0.072604
v -0.939227 0.377861 -0.077508
v -0.944035 0.373497 -0.072604
v -0.944410 0.373497 -0.068849
v -0.944035 0.373497 -0.072604
v -0.950309 0.370292 -0.069996
v -0.951093 0.370292 -0.067493
v -0.950309 0.370292 -0.069996
v -0.957129 0.368314 -0.069996
v -0.957742 0.368314 -0.068849
v -0.957129 0.368314 -0.069996
v -0.939227 0.395728 -0.096808
v -0.940625 0.389182 -0.095451
v -0.936602 0.389182 -0.090548
v -0.940625 0.389182 -0.095451
v -0.939296 0.383147 -0.088775
v -0.936602 0.383147 -0.083767
v -0.939296 0.383147 -0.088775
v -0.940625 0.377861 -0.082098
v -0.939227 0.377861 -0.077508
v -0.940625 0.377861 -0.082098
v -0.944410 0.373497 -0.076464
v -0.944035 0.373497 -0.072604
v -0.944410 0.373497 -0.076464
v -0.950071 0.370292 -0.072604
v -0.950309 0.370292 -0.069996
v -0.950071 0.370292 -0.072604
v -0.956754 0.368314 -0.071352
v -0.957129 0.368314 -0.069996
v -0.956754 0.368314 -0.071352
v -0.940625 0.389182 -0.095451
v -0.942910 0.383147 -0.093156
v -0.939296 0.383147 -0.088775
v -0.942910 0.383147 -0.093156
v -0.942910 0.377861 -0.086375
v -0.940625 0.377861 -0.082098
v -0.942910 0.377861 -0.086375
v -0.945501 0.373497 -0.080116
v -0.944410 0.373497 -0.076464
v -0.945501 0.373497 -0.080116
v -0.950309 0.370292 -0.075212
v -0.950071 0.370292 -0.072604
v -0.950309 0.370292 -0.075212
v -0.956617 0.368314 -0.072604
v -0.956754 0.368314 -0.071352
v -0.956617 0.368314 -0.072604
v -0.942910 0.383147 -0.093156
v -0.945979 0.377861 -0.090131
v -0.942910 0.377861 -0.086375
v -0.945979 0.377861 -0.090131
v -0.947309 0.373497 -0.083454
v -0.945501 0.373497 -0.080116
v -0.947309 0.373497 -0.083454
v -0.951093 0.370292 -0.077716
v -0.950309 0.370292 -0.075212
v -0.951093 0.370292 -0.077716
v -0.956754 0.368314 -0.073961
v -0.956617 0.368314 -0.072604
v -0.956754 0.368314 -0.073961
v -0.945979 0.377861 -0.090131
v -0.949695 0.373497 -0.086375
v -0.947309 0.373497 -0.083454
v -0.949695 0.373497 -0.086375
v -0.952321 0.370292 -0.080116
v -0.951093 0.370292 -0.077716
v -0.952321 0.370292 -0.080116
v -0.957129 0.368314 -0.075212
v -0.956754 0.368314 -0.073961
v -0.957129 0.368314 -0.075212
v -0.949695 0.373497 -0.086375
v -0.953992 0.370292 -0.082098
v -0.952321 0.370292 -0.080116
v -0.953992 0.370292 -0.082098
v -0.957742 0.368314 -0.076464
v -0.957129 0.368314 -0.075212
v -0.957742 0.368314 -0.076464
v -0.953992 0.370292 -0.082098
v -0.958595 0.368314 -0.077508
v -0.957742 0.368314 -0.076464
v -0.958595 0.368314 -0.077508
v -0.959652 0.368314 -0.078342
v -0.974519 0.383147 -0.099416
v -0.974519 0.383147 -0.099416
v -0.981338 0.389182 -0.099416
v -0.981338 0.389182 -0.099416
v -0.987612 0.395728 -0.096808
v -0.987612 0.395728 -0.096808
v -0.992454 0.402548 -0.092009
v -0.992454 0.402548 -0.092009
v -0.995046 0.409334 -0.085749
v -0.995046 0.409334 -0.085749
v -0.995046 0.415880 -0.078968
v -0.995046 0.415880 -0.078968
v -0.992454 0.421915 -0.072604
v -0.992454 0.421915 -0.072604
v -0.987612 0.427201 -0.067806
v -0.987612 0.427201 -0.067806
v -0.981338 0.431565 -0.065198
v -0.981338 0.431565 -0.065198
v -0.974519 0.434770 -0.065198
v -0.974519 0.434770 -0.065198
v -0.968245 0.436748 -0.067806
v -0.968245 0.436748 -0.067806
v -0.963437 0.437430 -0.072604
v -0.969097 0.436748 -0.068849
v -0.969097 0.436748 -0.068849
v -0.975746 0.434770 -0.067493
v -0.975746 0.434770 -0.067493
v -0.982429 0.431565 -0.068849
v -0.982429 0.431565 -0.068849
v -0.988090 0.427201 -0.072604
v -0.988090 0.427201 -0.072604
v -0.991875 0.421915 -0.078342
v -0.991875 0.421915 -0.078342
v -0.993204 0.415880 -0.085019
v -0.993204 0.415880 -0.085019
v -0.991875 0.409334 -0.091696
v -0.991875 0.409334 -0.091696
v -0.988090 0.402548 -0.097329
v -0.988090 0.402548 -0.097329
v -0.982429 0.395728 -0.101085
v -0.982429 0.395728 -0.101085
v -0.975746 0.389182 -0.102441
v -0.975746 0.389182 -0.102441
v -0.969097 0.383147 -0.101085
v -0.968245 0.377861 -0.096808
v -0.969097 0.383147 -0.101085
v -0.963437 0.377861 -0.097329
v -0.968245 0.377861 -0.096808
v -0.963437 0.373497 -0.092009
v -0.963437 0.377861 -0.097329
v -0.959652 0.373497 -0.091696
v -0.963437 0.373497 -0.092009
v -0.960811 0.370292 -0.085749
v -0.959652 0.373497 -0.091696
v -0.960811 0.370292 -0.085749
v -0.960811 0.368314 -0.078968
v -0.956004 0.373497 -0.090548
v -0.958595 0.377861 -0.096808
v -0.958595 0.377861 -0.096808
v -0.963437 0.383147 -0.101711
v -0.963437 0.383147 -0.101711
v -0.969711 0.389182 -0.104319
v -0.969711 0.389182 -0.104319
v -0.976531 0.395728 -0.104319
v -0.976531 0.395728 -0.104319
v -0.982805 0.402548 -0.101711
v -0.982805 0.402548 -0.101711
v -0.987612 0.409334 -0.096808
v -0.987612 0.409334 -0.096808
v -0.990238 0.415880 -0.090548
v -0.990238 0.415880 -0.090548
v -0.990238 0.421915 -0.083767
v -0.990238 0.421915 -0.083767
v -0.987612 0.427201 -0.077508
v -0.987612 0.427201 -0.077508
v -0.982805 0.431565 -0.072604
v -0.982805 0.431565 -0.072604
v -0.976531 0.434770 -0.069996
v -0.976531 0.434770 -0.069996
v -0.969711 0.436748 -0.069996
v -0.969711 0.436748 -0.069996
v -0.953992 0.377861 -0.095451
v -0.958595 0.377861 -0.096808
v -0.957742 0.383147 -0.101085
v -0.963437 0.383147 -0.101711
v -0.957742 0.383147 -0.101085
v -0.963437 0.389182 -0.104945
v -0.969711 0.389182 -0.104319
v -0.963437 0.389182 -0.104945
v -0.970086 0.395728 -0.106197
v -0.976531 0.395728 -0.104319
v -0.970086 0.395728 -0.106197
v -0.976769 0.402548 -0.104945
v -0.982805 0.402548 -0.101711
v -0.976769 0.402548 -0.104945
v -0.982429 0.409334 -0.101085
v -0.987612 0.409334 -0.096808
v -0.982429 0.409334 -0.101085
v -0.986214 0.415880 -0.095451
v -0.990238 0.415880 -0.090548
v -0.986214 0.415880 -0.095451
v -0.987544 0.421915 -0.088775
v -0.990238 0.421915 -0.083767
v -0.987544 0.421915 -0.088775
v -0.986214 0.427201 -0.082098
v -0.987612 0.427201 -0.077508
v -0.986214 0.427201 -0.082098
v -0.982429 0.431565 -0.076464
v -0.982805 0.431565 -0.072604
v -0.982429 0.431565 -0.076464
v -0.976769 0.434770 -0.072604
v -0.976531 0.434770 -0.069996
v -0.976769 0.434770 -0.072604
v -0.970086 0.436748 -0.071352
v -0.969711 0.436748 -0.069996
v -0.970086 0.436748 -0.071352
v -0.952321 0.383147 -0.099416
v -0.957742 0.383147 -0.101085
v -0.957129 0.389182 -0.104319
v -0.963437 0.389182 -0.104945
v -0.957129 0.389182 -0.104319
v -0.963437 0.395728 -0.106927
v -0.970086 0.395728 -0.106197
v -0.963437 0.395728 -0.106927
v -0.970222 0.402548 -0.106927
v -0.976769 0.402548 -0.104945
v -0.970222 0.402548 -0.106927
v -0.976531 0.409334 -0.104319
v -0.982429 0.409334 -0.101085
v -0.976531 0.409334 -0.104319
v -0.981338 0.415880 -0.099416
v -0.986214 0.415880 -0.095451
v -0.981338 0.415880 -0.099416
v -0.983930 0.421915 -0.093156
v -0.987544 0.421915 -0.088775
v -0.983930 0.421915 -0.093156
v -0.983930 0.427201 -0.086375
v -0.986214 0.427201 -0.082098
v -0.983930 0.427201 -0.086375
v -0.981338 0.431565 -0.080116
v -0.982429 0.431565 -0.076464
v -0.981338 0.431565 -0.080116
v -0.976531 0.434770 -0.075212
v -0.976769 0.434770 -0.072604
v -0.976531 0.434770 -0.075212
v -0.970222 0.436748 -0.072604
v -0.970086 0.436748 -0.071352
v -0.970222 0.436748 -0.072604
v -0.951093 0.389182 -0.102441
v -0.957129 0.389182 -0.104319
v -0.956754 0.395728 -0.106197
v -0.963437 0.395728 -0.106927
v -0.956754 0.395728 -0.106197
v -0.963437 0.402548 -0.107553
v -0.970222 0.402548 -0.106927
v -0.963437 0.402548 -0.107553
v -0.970086 0.409334 -0.106197
v -0.976531 0.409334 -0.104319
v -0.970086 0.409334 -0.106197
v -0.975746 0.415880 -0.102441
v -0.981338 0.415880 -0.099416
v -0.975746 0.415880 -0.102441
v -0.979531 0.421915 -0.096808
v -0.983930 0.421915 -0.093156
v -0.979531 0.421915 -0.096808
v -0.980861 0.427201 -0.090131
v -0.983930 0.427201 -0.086375
v -0.980861 0.427201 -0.090131
v -0.979531 0.431565 -0.083454
v -0.981338 0.431565 -0.080116
v -0.979531 0.431565 -0.083454
v -0.975746 0.434770 -0.077716
v -0.976531 0.434770 -0.075212
v -0.975746 0.434770 -0.077716
v -0.970086 0.436748 -0.073961
v -0.970222 0.436748 -0.072604
v -0.970086 0.436748 -0.073961
v -0.950309 0.395728 -0.104319
v -0.956754 0.395728 -0.106197
v -0.956617 0.402548 -0.106927
v -0.963437 0.402548 -0.107553
v -0.956617 0.402548 -0.106927
v -0.963437 0.409334 -0.106927
v -0.970086 0.409334 -0.106197
v -0.963437 0.409334 -0.106927
v -0.969711 0.415880 -0.104319
v -0.975746 0.415880 -0.102441
v -0.969711 0.415880 -0.104319
v -0.974519 0.421915 -0.099416
v -0.979531 0.421915 -0.096808
v -0.974519 0.421915 -0.099416
v -0.977144 0.427201 -0.093156
v -0.980861 0.427201 -0.090131
v -0.977144 0.427201 -0.093156
v -0.977144 0.431565 -0.086375
v -0.979531 0.431565 -0.083454
v -0.977144 0.431565 -0.086375
v -0.974519 0.434770 -0.080116
v -0.975746 0.434770 -0.077716
v -0.974519 0.434770 -0.080116
v -0.969711 0.436748 -0.075212
v -0.970086 0.436748 -0.073961
v -0.969711 0.436748 -0.075212
v -0.950071 0.402548 -0.104945
v -0.956617 0.402548 -0.106927
v -0.956754 0.409334 -0.106197
v -0.963437 0.409334 -0.106927
v -0.956754 0.409334 -0.106197
v -0.963437 0.415880 -0.104945
v -0.969711 0.415880 -0.104319
v -0.963437 0.415880 -0.104945
v -0.969097 0.421915 -0.101085
v -0.974519 0.421915 -0.099416
v -0.969097 0.421915 -0.101085
v -0.972848 0.427201 -0.095451
v -0.977144 0.427201 -0.093156
v -0.972848 0.427201 -0.095451
v -0.974178 0.431565 -0.088775
v -0.977144 0.431565 -0.086375
v -0.974178 0.431565 -0.088775
v -0.972848 0.434770 -0.082098
v -0.974519 0.434770 -0.080116
v -0.972848 0.434770 -0.082098
v -0.969097 0.436748 -0.076464
v -0.969711 0.436748 -0.075212
v -0.969097 0.436748 -0.076464
v -0.950309 0.409334 -0.104319
v -0.956754 0.409334 -0.106197
v -0.957129 0.415880 -0.104319
v -0.963437 0.415880 -0.104945
v -0.957129 0.415880 -0.104319
v -0.963437 0.421915 -0.101711
v -0.969097 0.421915 -0.101085
v -0.963437 0.421915 -0.101711
v -0.968245 0.427201 -0.096808
v -0.972848 0.427201 -0.095451
v -0.968245 0.427201 -0.096808
v -0.970836 0.431565 -0.090548
v -0.974178 0.431565 -0.088775
v -0.970836 0.431565 -0.090548
v -0.970836 0.434770 -0.083767
v -0.972848 0.434770 -0.082098
v -0.970836 0.434770 -0.083767
v -0.968245 0.436748 -0.077508
v -0.969097 0.436748 -0.076464
v -0.968245 0.436748 -0.077508
v -0.951093 0.415880 -0.102441
v -0.957129 0.415880 -0.104319
v -0.957742 0.421915 -0.101085
v -0.963437 0.421915 -0.101711
v -0.957742 0.421915 -0.101085
v -0.963437 0.427201 -0.097329
v -0.968245 0.427201 -0.096808
v -0.963437 0.427201 -0.097329
v -0.967188 0.431565 -0.091696
v -0.970836 0.431565 -0.090548
v -0.967188 0.431565 -0.091696
v -0.968518 0.434770 -0.085019
v -0.970836 0.434770 -0.083767
v -0.968518 0.434770 -0.085019
v -0.967188 0.436748 -0.078342
v -0.968245 0.436748 -0.077508
v -0.967188 0.436748 -0.078342
v -0.966028 0.436748 -0.078968
v -0.966028 0.434770 -0.085749
v -0.966028 0.434770 -0.085749
v -0.963437 0.431565 -0.092009
v -0.963437 0.431565 -0.092009
v -0.958595 0.427201 -0.096808
v -0.958595 0.427201 -0.096808
v -0.953992 0.427201 -0.095451
v -0.959652 0.431565 -0.091696
v -0.959652 0.431565 -0.091696
v -0.963437 0.434770 -0.085958
v -0.963437 0.434770 -0.085958
v -0.959652 0.431565 -0.091696
v -0.963437 0.434770 -0.085958
v -0.964733 0.436748 -0.079281
v -0.972848 0.377861 -0.095451
v -0.968245 0.377861 -0.096808
v -0.967188 0.373497 -0.091696
v -0.963437 0.373497 -0.092009
v -0.963437 0.370292 -0.085958
v -0.960811 0.370292 -0.085749
v -0.962107 0.368314 -0.079281
v -0.960811 0.434770 -0.059564
v -0.960811 0.434770 -0.059564
v -0.959652 0.431565 -0.053617
v -0.959652 0.431565 -0.053617
v -0.958595 0.427201 -0.048401
v -0.958595 0.427201 -0.048401
v -0.957742 0.421915 -0.044228
v -0.957742 0.421915 -0.044228
v -0.957129 0.415880 -0.040994
v -0.957129 0.415880 -0.040994
v -0.956754 0.409334 -0.039116
v -0.956754 0.409334 -0.039116
v -0.956617 0.402548 -0.038386
v -0.956617 0.402548 -0.038386
v -0.956754 0.395728 -0.039116
v -0.956754 0.395728 -0.039116
v -0.957129 0.389182 -0.040994
v -0.957129 0.389182 -0.040994
v -0.957742 0.383147 -0.044228
v -0.957742 0.383147 -0.044228
v -0.958595 0.377861 -0.048401
v -0.958595 0.377861 -0.048401
v -0.959652 0.373497 -0.053617
v -0.959652 0.373497 -0.053617
v -0.960811 0.370292 -0.059564
v -0.960811 0.370292 -0.059564
v -0.962107 0.368314 -0.065928
v -0.956004 0.373497 -0.054765
v -0.956004 0.373497 -0.054765
v -0.949695 0.377861 -0.052157
v -0.949695 0.377861 -0.052157
v -0.942910 0.383147 -0.052157
v -0.942910 0.383147 -0.052157
v -0.936602 0.389182 -0.054765
v -0.936602 0.389182 -0.054765
v -0.931794 0.395728 -0.059564
v -0.931794 0.395728 -0.059564
v -0.929203 0.402548 -0.065823
v -0.929203 0.402548 -0.065823
v -0.929203 0.409334 -0.072604
v -0.929203 0.409334 -0.072604
v -0.931794 0.415880 -0.078968
v -0.931794 0.415880 -0.078968
v -0.936602 0.421915 -0.083767
v -0.936602 0.421915 -0.083767
v -0.942910 0.427201 -0.086375
v -0.942910 0.427201 -0.086375
v -0.949695 0.431565 -0.086375
v -0.949695 0.431565 -0.086375
v -0.956004 0.434770 -0.083767
v -0.956004 0.434770 -0.083767
v -0.960811 0.436748 -0.078968
v -0.960811 0.436748 -0.078968
v -0.956004 0.373497 -0.054765
v -0.953992 0.377861 -0.049862
v -0.949695 0.377861 -0.052157
v -0.953992 0.377861 -0.049862
v -0.947309 0.383147 -0.048505
v -0.942910 0.383147 -0.052157
v -0.947309 0.383147 -0.048505
v -0.940625 0.389182 -0.049862
v -0.936602 0.389182 -0.054765
v -0.940625 0.389182 -0.049862
v -0.934965 0.395728 -0.053617
v -0.931794 0.395728 -0.059564
v -0.934965 0.395728 -0.053617
v -0.931180 0.402548 -0.059251
v -0.929203 0.402548 -0.065823
v -0.931180 0.402548 -0.059251
v -0.929851 0.409334 -0.065928
v -0.929203 0.409334 -0.072604
v -0.929851 0.409334 -0.065928
v -0.931180 0.415880 -0.072604
v -0.931794 0.415880 -0.078968
v -0.931180 0.415880 -0.072604
v -0.934965 0.421915 -0.078342
v -0.936602 0.421915 -0.083767
v -0.934965 0.421915 -0.078342
v -0.940625 0.427201 -0.082098
v -0.942910 0.427201 -0.086375
v -0.940625 0.427201 -0.082098
v -0.947309 0.431565 -0.083454
v -0.949695 0.431565 -0.086375
v -0.947309 0.431565 -0.083454
v -0.953992 0.434770 -0.082098
v -0.956004 0.434770 -0.083767
v -0.953992 0.434770 -0.082098
v -0.959652 0.436748 -0.078342
v -0.960811 0.436748 -0.078968
v -0.959652 0.436748 -0.078342
v -0.953992 0.377861 -0.049862
v -0.952321 0.383147 -0.045897
v -0.947309 0.383147 -0.048505
v -0.952321 0.383147 -0.045897
v -0.945501 0.389182 -0.045897
v -0.940625 0.389182 -0.049862
v -0.945501 0.389182 -0.045897
v -0.939227 0.395728 -0.048401
v -0.934965 0.395728 -0.053617
v -0.939227 0.395728 -0.048401
v -0.934385 0.402548 -0.053304
v -0.931180 0.402548 -0.059251
v -0.934385 0.402548 -0.053304
v -0.931794 0.409334 -0.059564
v -0.929851 0.409334 -0.065928
v -0.931794 0.409334 -0.059564
v -0.931794 0.415880 -0.066345
v -0.931180 0.415880 -0.072604
v -0.931794 0.415880 -0.066345
v -0.934385 0.421915 -0.072604
v -0.934965 0.421915 -0.078342
v -0.934385 0.421915 -0.072604
v -0.939227 0.427201 -0.077508
v -0.940625 0.427201 -0.082098
v -0.939227 0.427201 -0.077508
v -0.945501 0.431565 -0.080116
v -0.947309 0.431565 -0.083454
v -0.945501 0.431565 -0.080116
v -0.952321 0.434770 -0.080116
v -0.953992 0.434770 -0.082098
v -0.952321 0.434770 -0.080116
v -0.958595 0.436748 -0.077508
v -0.959652 0.436748 -0.078342
v -0.958595 0.436748 -0.077508
v -0.952321 0.383147 -0.045897
v -0.951093 0.389182 -0.042872
v -0.945501 0.389182 -0.045897
v -0.951093 0.389182 -0.042872
v -0.944410 0.395728 -0.044228
v -0.939227 0.395728 -0.048401
v -0.944410 0.395728 -0.044228
v -0.938750 0.402548 -0.047984
v -0.934385 0.402548 -0.053304
v -0.938750 0.402548 -0.047984
v -0.934965 0.409334 -0.053617
v -0.931794 0.409334 -0.059564
v -0.934965 0.409334 -0.053617
v -0.933635 0.415880 -0.060294
v -0.931794 0.415880 -0.066345
v -0.933635 0.415880 -0.060294
v -0.934965 0.421915 -0.066971
v -0.934385 0.421915 -0.072604
v -0.934965 0.421915 -0.066971
v -0.938750 0.427201 -0.072604
v -0.939227 0.427201 -0.077508
v -0.938750 0.427201 -0.072604
v -0.944410 0.431565 -0.076464
v -0.945501 0.431565 -0.080116
v -0.944410 0.431565 -0.076464
v -0.951093 0.434770 -0.077716
v -0.952321 0.434770 -0.080116
v -0.951093 0.434770 -0.077716
v -0.957742 0.436748 -0.076464
v -0.958595 0.436748 -0.077508
v -0.957742 0.436748 -0.076464
v -0.951093 0.389182 -0.042872
v -0.950309 0.395728 -0.040994
v -0.944410 0.395728 -0.044228
v -0.950309 0.395728 -0.040994
v -0.944035 0.402548 -0.043602
v -0.938750 0.402548 -0.047984
v -0.944035 0.402548 -0.043602
v -0.939227 0.409334 -0.048401
v -0.934965 0.409334 -0.053617
v -0.939227 0.409334 -0.048401
v -0.936602 0.415880 -0.054765
v -0.933635 0.415880 -0.060294
v -0.936602 0.415880 -0.054765
v -0.936602 0.421915 -0.061546
v -0.934965 0.421915 -0.066971
v -0.936602 0.421915 -0.061546
v -0.939227 0.427201 -0.067806
v -0.938750 0.427201 -0.072604
v -0.939227 0.427201 -0.067806
v -0.944035 0.431565 -0.072604
v -0.944410 0.431565 -0.076464
v -0.944035 0.431565 -0.072604
v -0.950309 0.434770 -0.075212
v -0.951093 0.434770 -0.077716
v -0.950309 0.434770 -0.075212
v -0.957129 0.436748 -0.075212
v -0.957742 0.436748 -0.076464
v -0.957129 0.436748 -0.075212
v -0.950309 0.395728 -0.040994
v -0.950071 0.402548 -0.040368
v -0.944035 0.402548 -0.043602
v -0.950071 0.402548 -0.040368
v -0.944410 0.409334 -0.044228
v -0.939227 0.409334 -0.048401
v -0.944410 0.409334 -0.044228
v -0.940625 0.415880 -0.049862
v -0.936602 0.415880 -0.054765
v -0.940625 0.415880 -0.049862
v -0.939296 0.421915 -0.056538
v -0.936602 0.421915 -0.061546
v -0.939296 0.421915 -0.056538
v -0.940625 0.427201 -0.063215
v -0.939227 0.427201 -0.067806
v -0.940625 0.427201 -0.063215
v -0.944410 0.431565 -0.068849
v -0.944035 0.431565 -0.072604
v -0.944410 0.431565 -0.068849
v -0.950071 0.434770 -0.072604
v -0.950309 0.434770 -0.075212
v -0.950071 0.434770 -0.072604
v -0.956754 0.436748 -0.073961
v -0.957129 0.436748 -0.075212
v -0.956754 0.436748 -0.073961
v -0.950071 0.402548 -0.040368
v -0.950309 0.409334 -0.040994
v -0.944410 0.409334 -0.044228
v -0.950309 0.409334 -0.040994
v -0.945501 0.415880 -0.045897
v -0.940625 0.415880 -0.049862
v -0.945501 0.415880 -0.045897
v -0.942910 0.421915 -0.052157
v -0.939296 0.421915 -0.056538
v -0.942910 0.421915 -0.052157
v -0.942910 0.427201 -0.058938
v -0.940625 0.427201 -0.063215
v -0.942910 0.427201 -0.058938
v -0.945501 0.431565 -0.065198
v -0.944410 0.431565 -0.068849
v -0.945501 0.431565 -0.065198
v -0.950309 0.434770 -0.069996
v -0.950071 0.434770 -0.072604
v -0.950309 0.434770 -0.069996
v -0.956617 0.436748 -0.072604
v -0.956754 0.436748 -0.073961
v -0.956617 0.436748 -0.072604
v -0.950309 0.409334 -0.040994
v -0.951093 0.415880 -0.042872
v -0.945501 0.415880 -0.045897
v -0.951093 0.415880 -0.042872
v -0.947309 0.421915 -0.048505
v -0.942910 0.421915 -0.052157
v -0.947309 0.421915 -0.048505
v -0.945979 0.427201 -0.055182
v -0.942910 0.427201 -0.058938
v -0.945979 0.427201 -0.055182
v -0.947309 0.431565 -0.061859
v -0.945501 0.431565 -0.065198
v -0.947309 0.431565 -0.061859
v -0.951093 0.434770 -0.067493
v -0.950309 0.434770 -0.069996
v -0.951093 0.434770 -0.067493
v -0.956754 0.436748 -0.071352
v -0.956617 0.436748 -0.072604
v -0.956754 0.436748 -0.071352
v -0.951093 0.415880 -0.042872
v -0.952321 0.421915 -0.045897
v -0.947309 0.421915 -0.048505
v -0.952321 0.421915 -0.045897
v -0.949695 0.427201 -0.052157
v -0.945979 0.427201 -0.055182
v -0.949695 0.427201 -0.052157
v -0.949695 0.431565 -0.058938
v -0.947309 0.431565 -0.061859
v -0.949695 0.431565 -0.058938
v -0.952321 0.434770 -0.065198
v -0.951093 0.434770 -0.067493
v -0.952321 0.434770 -0.065198
v -0.957129 0.436748 -0.069996
v -0.956754 0.436748 -0.071352
v -0.957129 0.436748 -0.069996
v -0.952321 0.421915 -0.045897
v -0.953992 0.427201 -0.049862
v -0.949695 0.427201 -0.052157
v -0.953992 0.427201 -0.049862
v -0.952662 0.431565 -0.056538
v -0.949695 0.431565 -0.058938
v -0.952662 0.431565 -0.056538
v -0.953992 0.434770 -0.063215
v -0.952321 0.434770 -0.065198
v -0.953992 0.434770 -0.063215
v -0.957742 0.436748 -0.068849
v -0.957129 0.436748 -0.069996
v -0.957742 0.436748 -0.068849
v -0.953992 0.427201 -0.049862
v -0.956004 0.431565 -0.054765
v -0.952662 0.431565 -0.056538
v -0.956004 0.431565 -0.054765
v -0.956004 0.434770 -0.061546
v -0.953992 0.434770 -0.063215
v -0.956004 0.434770 -0.061546
v -0.958595 0.436748 -0.067806
v -0.957742 0.436748 -0.068849
v -0.958595 0.436748 -0.067806
v -0.956004 0.431565 -0.054765
v -0.958322 0.434770 -0.060294
v -0.956004 0.434770 -0.061546
v -0.958322 0.434770 -0.060294
v -0.959652 0.436748 -0.066971
v -0.958595 0.436748 -0.067806
v -0.959652 0.436748 -0.066971
v -0.958322 0.434770 -0.060294
v -0.960811 0.436748 -0.066345
v -0.959652 0.436748 -0.066971
v -0.960811 0.436748 -0.066345
v -0.962107 0.436748 -0.065928
v -0.962107 0.436748 -0.065928
v -0.963437 0.436748 -0.065823
v -0.962123 0.436342 0.064537
v -0.963437 0.436342 0.064329
v -0.963437 0.437016 0.071084
v -0.963437 0.436342 0.064329
v -0.964717 0.436342 0.064537
v -0.963437 0.437016 0.071084
v -0.965998 0.436342 0.064849
v -0.964717 0.436342 0.064537
v -0.968457 0.434388 0.058925
v -0.965998 0.436342 0.064849
v -0.970749 0.434388 0.060172
v -0.968457 0.434388 0.058925
v -0.974051 0.431220 0.055184
v -0.970749 0.434388 0.060172
v -0.976982 0.431220 0.057574
v -0.974051 0.431220 0.055184
v -0.980654 0.426908 0.053833
v -0.976982 0.431220 0.057574
v -0.983687 0.426908 0.057574
v -0.980654 0.426908 0.053833
v -0.987258 0.421685 0.055184
v -0.983687 0.426908 0.057574
v -0.989920 0.421685 0.060172
v -0.987258 0.421685 0.055184
v -0.992851 0.415722 0.058925
v -0.989920 0.421685 0.060172
v -0.994671 0.415722 0.064849
v -0.992851 0.415722 0.058925
v -0.996591 0.409252 0.064537
v -0.994671 0.415722 0.064849
v -0.997232 0.409252 0.071084
v -0.996591 0.409252 0.064537
v -0.997905 0.402547 0.071084
v -0.997232 0.409252 0.071084
v -0.997232 0.402547 0.077839
v -0.997905 0.402547 0.071084
v -0.996591 0.395809 0.077735
v -0.997232 0.402547 0.077839
v -0.994671 0.395809 0.084074
v -0.996591 0.395809 0.077735
v -0.992851 0.389340 0.083242
v -0.994671 0.395809 0.084074
v -0.989920 0.389340 0.088750
v -0.992851 0.389340 0.083242
v -0.987258 0.383376 0.086984
v -0.989920 0.389340 0.088750
v -0.983687 0.383376 0.091348
v -0.987258 0.383376 0.086984
v -0.980654 0.378154 0.088335
v -0.983687 0.383376 0.091348
v -0.976982 0.378154 0.091348
v -0.980654 0.378154 0.088335
v -0.974051 0.373841 0.086984
v -0.976982 0.378154 0.091348
v -0.970749 0.373841 0.088750
v -0.974051 0.373841 0.086984
v -0.968457 0.370674 0.083242
v -0.970749 0.373841 0.088750
v -0.965998 0.370674 0.084074
v -0.968457 0.370674 0.083242
v -0.964717 0.368720 0.077735
v -0.965998 0.370674 0.084074
v -0.963437 0.368720 0.077839
v -0.964717 0.368720 0.077735
v -0.963437 0.368046 0.071084
v -0.963437 0.368720 0.077839
v -0.962123 0.368720 0.077735
v -0.963437 0.368046 0.071084
v -0.960843 0.368720 0.077319
v -0.962123 0.368720 0.077735
v -0.960843 0.370674 0.084074
v -0.960843 0.368720 0.077319
v -0.958383 0.370674 0.083242
v -0.960843 0.370674 0.084074
v -0.959697 0.373841 0.089893
v -0.958383 0.370674 0.083242
v -0.956092 0.373841 0.088750
v -0.959697 0.373841 0.089893
v -0.958653 0.378154 0.094985
v -0.956092 0.373841 0.088750
v -0.954104 0.378154 0.093634
v -0.958653 0.378154 0.094985
v -0.957810 0.383376 0.099246
v -0.954104 0.378154 0.093634
v -0.952453 0.383376 0.097583
v -0.957810 0.383376 0.099246
v -0.957204 0.389340 0.102364
v -0.952453 0.383376 0.097583
v -0.951240 0.389340 0.100493
v -0.957204 0.389340 0.102364
v -0.956833 0.395809 0.104234
v -0.951240 0.389340 0.100493
v -0.950465 0.395809 0.102364
v -0.956833 0.395809 0.104234
v -0.956698 0.402547 0.104962
v -0.950465 0.395809 0.102364
v -0.950229 0.402547 0.102987
v -0.956698 0.402547 0.104962
v -0.956833 0.409252 0.104234
v -0.950229 0.402547 0.102987
v -0.950465 0.409252 0.102364
v -0.956833 0.409252 0.104234
v -0.957204 0.415722 0.102364
v -0.950465 0.409252 0.102364
v -0.951240 0.415722 0.100493
v -0.957204 0.415722 0.102364
v -0.957810 0.421685 0.099246
v -0.951240 0.415722 0.100493
v -0.952453 0.421685 0.097583
v -0.957810 0.421685 0.099246
v -0.958653 0.426908 0.094985
v -0.952453 0.421685 0.097583
v -0.954104 0.426908 0.093634
v -0.958653 0.426908 0.094985
v -0.959697 0.431220 0.089893
v -0.954104 0.426908 0.093634
v -0.956092 0.431220 0.088750
v -0.959697 0.431220 0.089893
v -0.960843 0.434388 0.084074
v -0.956092 0.431220 0.088750
v -0.958383 0.434388 0.083242
v -0.960843 0.434388 0.084074
v -0.962123 0.436342 0.077735
v -0.958383 0.434388 0.083242
v -0.960843 0.436342 0.077319
v -0.962123 0.436342 0.077735
v -0.960843 0.436342 0.077319
v -0.959697 0.436342 0.076695
v -0.958653 0.436342 0.075864
v -0.959697 0.436342 0.076695
v -0.954104 0.434388 0.080437
v -0.958653 0.436342 0.075864
v -0.952453 0.434388 0.078462
v -0.954104 0.434388 0.080437
v -0.947500 0.431220 0.081788
v -0.952453 0.434388 0.078462
v -0.945714 0.431220 0.078462
v -0.947500 0.431220 0.081788
v -0.940896 0.426908 0.080437
v -0.945714 0.431220 0.078462
v -0.939515 0.426908 0.075864
v -0.940896 0.426908 0.080437
v -0.935303 0.421685 0.076695
v -0.939515 0.426908 0.075864
v -0.934730 0.421685 0.071084
v -0.935303 0.421685 0.076695
v -0.931563 0.415722 0.071084
v -0.934730 0.421685 0.071084
v -0.932170 0.415722 0.064849
v -0.931563 0.415722 0.071084
v -0.930249 0.409252 0.064537
v -0.932170 0.415722 0.064849
v -0.932170 0.409252 0.058198
v -0.930249 0.409252 0.064537
v -0.931563 0.402547 0.057886
v -0.932170 0.409252 0.058198
v -0.934730 0.402547 0.051963
v -0.931563 0.402547 0.057886
v -0.935303 0.395809 0.052274
v -0.934730 0.402547 0.051963
v -0.939515 0.395809 0.047182
v -0.935303 0.395809 0.052274
v -0.940896 0.389340 0.048533
v -0.939515 0.395809 0.047182
v -0.945714 0.389340 0.044584
v -0.940896 0.389340 0.048533
v -0.947500 0.383376 0.047286
v -0.945714 0.389340 0.044584
v -0.952453 0.383376 0.044584
v -0.947500 0.383376 0.047286
v -0.954104 0.378154 0.048533
v -0.952453 0.383376 0.044584
v -0.958653 0.378154 0.047182
v -0.954104 0.378154 0.048533
v -0.959697 0.373841 0.052274
v -0.958653 0.378154 0.047182
v -0.963437 0.373841 0.051963
v -0.959697 0.373841 0.052274
v -0.963437 0.370674 0.057886
v -0.963437 0.373841 0.051963
v -0.965998 0.370674 0.058198
v -0.963437 0.370674 0.057886
v -0.964717 0.368720 0.064537
v -0.965998 0.370674 0.058198
v -0.965998 0.368720 0.064849
v -0.964717 0.368720 0.064537
v -0.965998 0.368720 0.064849
v -0.967143 0.368720 0.065472
v -0.968188 0.368720 0.066304
v -0.967143 0.368720 0.065472
v -0.970749 0.370674 0.060172
v -0.968188 0.368720 0.066304
v -0.972736 0.370674 0.061731
v -0.970749 0.370674 0.060172
v -0.974051 0.373841 0.055184
v -0.972736 0.370674 0.061731
v -0.976982 0.373841 0.057574
v -0.974051 0.373841 0.055184
v -0.976982 0.378154 0.050820
v -0.976982 0.373841 0.057574
v -0.980654 0.378154 0.053833
v -0.976982 0.378154 0.050820
v -0.979340 0.383376 0.047286
v -0.980654 0.378154 0.053833
v -0.983687 0.383376 0.050820
v -0.979340 0.383376 0.047286
v -0.981126 0.389340 0.044584
v -0.983687 0.383376 0.050820
v -0.985944 0.389340 0.048533
v -0.981126 0.389340 0.044584
v -0.982204 0.395809 0.043025
v -0.985944 0.389340 0.048533
v -0.987326 0.395809 0.047182
v -0.982204 0.395809 0.043025
v -0.982575 0.402547 0.042402
v -0.987326 0.395809 0.047182
v -0.987797 0.402547 0.046767
v -0.982575 0.402547 0.042402
v -0.982204 0.409252 0.043025
v -0.987797 0.402547 0.046767
v -0.987326 0.409252 0.047182
v -0.982204 0.409252 0.043025
v -0.981126 0.415722 0.044584
v -0.987326 0.409252 0.047182
v -0.985944 0.415722 0.048533
v -0.981126 0.415722 0.044584
v -0.979340 0.421685 0.047286
v -0.985944 0.415722 0.048533
v -0.983687 0.421685 0.050820
v -0.979340 0.421685 0.047286
v -0.976982 0.426908 0.050820
v -0.983687 0.421685 0.050820
v -0.976982 0.426908 0.050820
v -0.974051 0.431220 0.055184
v -0.963437 0.368720 0.064329
v -0.963437 0.368720 0.064329
v -0.960843 0.370674 0.058198
v -0.960843 0.370674 0.058198
v -0.956092 0.373841 0.053417
v -0.956092 0.373841 0.053417
v -0.949858 0.378154 0.050820
v -0.949858 0.378154 0.050820
v -0.943154 0.383376 0.050820
v -0.943154 0.383376 0.050820
v -0.936920 0.389340 0.053417
v -0.936920 0.389340 0.053417
v -0.932170 0.395809 0.058198
v -0.932170 0.395809 0.058198
v -0.929609 0.402547 0.064329
v -0.929609 0.402547 0.064329
v -0.929609 0.409252 0.071084
v -0.929609 0.409252 0.071084
v -0.932170 0.415722 0.077319
v -0.932170 0.415722 0.077319
v -0.936920 0.421685 0.082099
v -0.936920 0.421685 0.082099
v -0.943154 0.426908 0.084697
v -0.943154 0.426908 0.084697
v -0.949858 0.431220 0.084697
v -0.949858 0.431220 0.084697
v -0.956092 0.434388 0.082099
v -0.956092 0.434388 0.082099
v -0.960843 0.436342 0.077319
v -0.952790 0.431220 0.086984
v -0.952790 0.431220 0.086984
v -0.946186 0.426908 0.088335
v -0.946186 0.426908 0.088335
v -0.939582 0.421685 0.086984
v -0.939582 0.421685 0.086984
v -0.933989 0.415722 0.083242
v -0.933989 0.415722 0.083242
v -0.930249 0.409252 0.077735
v -0.930249 0.409252 0.077735
v -0.928935 0.402547 0.071084
v -0.928935 0.402547 0.071084
v -0.930249 0.395809 0.064537
v -0.930249 0.395809 0.064537
v -0.933989 0.389340 0.058925
v -0.933989 0.389340 0.058925
v -0.939582 0.383376 0.055184
v -0.939582 0.383376 0.055184
v -0.946186 0.378154 0.053833
v -0.946186 0.378154 0.053833
v -0.952790 0.373841 0.055184
v -0.952790 0.373841 0.055184
v -0.958383 0.370674 0.058925
v -0.958383 0.370674 0.058925
v -0.962123 0.368720 0.064537
v -0.962123 0.368720 0.064537
v -0.952790 0.431220 0.086984
v -0.949858 0.426908 0.091348
v -0.946186 0.426908 0.088335
v -0.949858 0.426908 0.091348
v -0.943154 0.421685 0.091348
v -0.939582 0.421685 0.086984
v -0.943154 0.421685 0.091348
v -0.936920 0.415722 0.088750
v -0.933989 0.415722 0.083242
v -0.936920 0.415722 0.088750
v -0.932170 0.409252 0.084074
v -0.930249 0.409252 0.077735
v -0.932170 0.409252 0.084074
v -0.929609 0.402547 0.077839
v -0.928935 0.402547 0.071084
v -0.929609 0.402547 0.077839
v -0.929609 0.395809 0.071084
v -0.930249 0.395809 0.064537
v -0.929609 0.395809 0.071084
v -0.932170 0.389340 0.064849
v -0.933989 0.389340 0.058925
v -0.932170 0.389340 0.064849
v -0.936920 0.383376 0.060172
v -0.939582 0.383376 0.055184
v -0.936920 0.383376 0.060172
v -0.943154 0.378154 0.057574
v -0.946186 0.378154 0.053833
v -0.943154 0.378154 0.057574
v -0.949858 0.373841 0.057574
v -0.952790 0.373841 0.055184
v -0.949858 0.373841 0.057574
v -0.956092 0.370674 0.060172
v -0.958383 0.370674 0.058925
v -0.956092 0.370674 0.060172
v -0.960843 0.368720 0.064849
v -0.962123 0.368720 0.064537
v -0.960843 0.368720 0.064849
v -0.949858 0.426908 0.091348
v -0.947500 0.421685 0.094985
v -0.943154 0.421685 0.091348
v -0.947500 0.421685 0.094985
v -0.940896 0.415722 0.093634
v -0.936920 0.415722 0.088750
v -0.940896 0.415722 0.093634
v -0.935303 0.409252 0.089893
v -0.932170 0.409252 0.084074
v -0.935303 0.409252 0.089893
v -0.931563 0.402547 0.084282
v -0.929609 0.402547 0.077839
v -0.931563 0.402547 0.084282
v -0.930249 0.395809 0.077735
v -0.929609 0.395809 0.071084
v -0.930249 0.395809 0.077735
v -0.931563 0.389340 0.071084
v -0.932170 0.389340 0.064849
v -0.931563 0.389340 0.071084
v -0.935303 0.383376 0.065472
v -0.936920 0.383376 0.060172
v -0.935303 0.383376 0.065472
v -0.940896 0.378154 0.061731
v -0.943154 0.378154 0.057574
v -0.940896 0.378154 0.061731
v -0.947500 0.373841 0.060484
v -0.949858 0.373841 0.057574
v -0.947500 0.373841 0.060484
v -0.954104 0.370674 0.061731
v -0.956092 0.370674 0.060172
v -0.954104 0.370674 0.061731
v -0.959697 0.368720 0.065472
v -0.960843 0.368720 0.064849
v -0.959697 0.368720 0.065472
v -0.947500 0.421685 0.094985
v -0.945714 0.415722 0.097583
v -0.940896 0.415722 0.093634
v -0.945714 0.415722 0.097583
v -0.939515 0.409252 0.094985
v -0.935303 0.409252 0.089893
v -0.939515 0.409252 0.094985
v -0.934730 0.402547 0.090309
v -0.931563 0.402547 0.084282
v -0.934730 0.402547 0.090309
v -0.932170 0.395809 0.084074
v -0.930249 0.395809 0.077735
v -0.932170 0.395809 0.084074
v -0.932170 0.389340 0.077319
v -0.931563 0.389340 0.071084
v -0.932170 0.389340 0.077319
v -0.934730 0.383376 0.071084
v -0.935303 0.383376 0.065472
v -0.934730 0.383376 0.071084
v -0.939515 0.378154 0.066304
v -0.940896 0.378154 0.061731
v -0.939515 0.378154 0.066304
v -0.945714 0.373841 0.063809
v -0.947500 0.373841 0.060484
v -0.945714 0.373841 0.063809
v -0.952453 0.370674 0.063809
v -0.954104 0.370674 0.061731
v -0.952453 0.370674 0.063809
v -0.958653 0.368720 0.066304
v -0.959697 0.368720 0.065472
v -0.958653 0.368720 0.066304
v -0.945714 0.415722 0.097583
v -0.944636 0.409252 0.099246
v -0.939515 0.409252 0.094985
v -0.944636 0.409252 0.099246
v -0.939043 0.402547 0.095505
v -0.934730 0.402547 0.090309
v -0.939043 0.402547 0.095505
v -0.935303 0.395809 0.089893
v -0.932170 0.395809 0.084074
v -0.935303 0.395809 0.089893
v -0.933989 0.389340 0.083242
v -0.932170 0.389340 0.077319
v -0.933989 0.389340 0.083242
v -0.935303 0.383376 0.076695
v -0.934730 0.383376 0.071084
v -0.935303 0.383376 0.076695
v -0.939043 0.378154 0.071084
v -0.939515 0.378154 0.066304
v -0.939043 0.378154 0.071084
v -0.944636 0.373841 0.067343
v -0.945714 0.373841 0.063809
v -0.944636 0.373841 0.067343
v -0.951240 0.370674 0.066096
v -0.952453 0.370674 0.063809
v -0.951240 0.370674 0.066096
v -0.957810 0.368720 0.067343
v -0.958653 0.368720 0.066304
v -0.957810 0.368720 0.067343
v -0.944636 0.409252 0.099246
v -0.944266 0.402547 0.099766
v -0.939043 0.402547 0.095505
v -0.944266 0.402547 0.099766
v -0.939515 0.395809 0.094985
v -0.935303 0.395809 0.089893
v -0.939515 0.395809 0.094985
v -0.936920 0.389340 0.088750
v -0.933989 0.389340 0.083242
v -0.936920 0.389340 0.088750
v -0.936920 0.383376 0.082099
v -0.935303 0.383376 0.076695
v -0.936920 0.383376 0.082099
v -0.939515 0.378154 0.075864
v -0.939043 0.378154 0.071084
v -0.939515 0.378154 0.075864
v -0.944266 0.373841 0.071084
v -0.944636 0.373841 0.067343
v -0.944266 0.373841 0.071084
v -0.950465 0.370674 0.068486
v -0.951240 0.370674 0.066096
v -0.950465 0.370674 0.068486
v -0.957204 0.368720 0.068486
v -0.957810 0.368720 0.067343
v -0.957204 0.368720 0.068486
v -0.944266 0.402547 0.099766
v -0.944636 0.395809 0.099246
v -0.939515 0.395809 0.094985
v -0.944636 0.395809 0.099246
v -0.940896 0.389340 0.093634
v -0.936920 0.389340 0.088750
v -0.940896 0.389340 0.093634
v -0.939582 0.383376 0.086984
v -0.936920 0.383376 0.082099
v -0.939582 0.383376 0.086984
v -0.940896 0.378154 0.080437
v -0.939515 0.378154 0.075864
v -0.940896 0.378154 0.080437
v -0.944636 0.373841 0.074825
v -0.944266 0.373841 0.071084
v -0.944636 0.373841 0.074825
v -0.950229 0.370674 0.071084
v -0.950465 0.370674 0.068486
v -0.950229 0.370674 0.071084
v -0.956833 0.368720 0.069837
v -0.957204 0.368720 0.068486
v -0.956833 0.368720 0.069837
v -0.944636 0.395809 0.099246
v -0.945714 0.389340 0.097583
v -0.940896 0.389340 0.093634
v -0.945714 0.389340 0.097583
v -0.943154 0.383376 0.091348
v -0.939582 0.383376 0.086984
v -0.943154 0.383376 0.091348
v -0.943154 0.378154 0.084697
v -0.940896 0.378154 0.080437
v -0.943154 0.378154 0.084697
v -0.945714 0.373841 0.078462
v -0.944636 0.373841 0.074825
v -0.945714 0.373841 0.078462
v -0.950465 0.370674 0.073682
v -0.950229 0.370674 0.071084
v -0.950465 0.370674 0.073682
v -0.956698 0.368720 0.071084
v -0.956833 0.368720 0.069837
v -0.956698 0.368720 0.071084
v -0.945714 0.389340 0.097583
v -0.947500 0.383376 0.094985
v -0.943154 0.383376 0.091348
v -0.947500 0.383376 0.094985
v -0.946186 0.378154 0.088335
v -0.943154 0.378154 0.084697
v -0.946186 0.378154 0.088335
v -0.947500 0.373841 0.081788
v -0.945714 0.373841 0.078462
v -0.947500 0.373841 0.081788
v -0.951240 0.370674 0.076176
v -0.950465 0.370674 0.073682
v -0.951240 0.370674 0.076176
v -0.956833 0.368720 0.072435
v -0.956698 0.368720 0.071084
v -0.956833 0.368720 0.072435
v -0.947500 0.383376 0.094985
v -0.949858 0.378154 0.091348
v -0.946186 0.378154 0.088335
v -0.949858 0.378154 0.091348
v -0.949858 0.373841 0.084697
v -0.947500 0.373841 0.081788
v -0.949858 0.373841 0.084697
v -0.952453 0.370674 0.078462
v -0.951240 0.370674 0.076176
v -0.952453 0.370674 0.078462
v -0.957204 0.368720 0.073682
v -0.956833 0.368720 0.072435
v -0.957204 0.368720 0.073682
v -0.949858 0.378154 0.091348
v -0.952790 0.373841 0.086984
v -0.949858 0.373841 0.084697
v -0.952790 0.373841 0.086984
v -0.954104 0.370674 0.080437
v -0.952453 0.370674 0.078462
v -0.954104 0.370674 0.080437
v -0.957810 0.368720 0.074825
v -0.957204 0.368720 0.073682
v -0.957810 0.368720 0.074825
v -0.952790 0.373841 0.086984
v -0.956092 0.370674 0.082099
v -0.954104 0.370674 0.080437
v -0.956092 0.370674 0.082099
v -0.958653 0.368720 0.075864
v -0.957810 0.368720 0.074825
v -0.958653 0.368720 0.075864
v -0.956092 0.370674 0.082099
v -0.959697 0.368720 0.076695
v -0.958653 0.368720 0.075864
v -0.959697 0.368720 0.076695
v -0.960843 0.368720 0.077319
v -0.987258 0.421685 0.055184
v -0.989920 0.415722 0.053417
v -0.992851 0.415722 0.058925
v -0.989920 0.415722 0.053417
v -0.994671 0.409252 0.058198
v -0.996591 0.409252 0.064537
v -0.994671 0.409252 0.058198
v -0.997232 0.402547 0.064329
v -0.997905 0.402547 0.071084
v -0.997232 0.402547 0.064329
v -0.997232 0.395809 0.071084
v -0.996591 0.395809 0.077735
v -0.997232 0.395809 0.071084
v -0.994671 0.389340 0.077319
v -0.992851 0.389340 0.083242
v -0.994671 0.389340 0.077319
v -0.989920 0.383376 0.082099
v -0.987258 0.383376 0.086984
v -0.989920 0.383376 0.082099
v -0.983687 0.378154 0.084697
v -0.980654 0.378154 0.088335
v -0.983687 0.378154 0.084697
v -0.976982 0.373841 0.084697
v -0.974051 0.373841 0.086984
v -0.976982 0.373841 0.084697
v -0.970749 0.370674 0.082099
v -0.968457 0.370674 0.083242
v -0.970749 0.370674 0.082099
v -0.965998 0.368720 0.077319
v -0.964717 0.368720 0.077735
v -0.965998 0.368720 0.077319
v -0.989920 0.415722 0.053417
v -0.991537 0.409252 0.052274
v -0.994671 0.409252 0.058198
v -0.991537 0.409252 0.052274
v -0.995277 0.402547 0.057886
v -0.997232 0.402547 0.064329
v -0.995277 0.402547 0.057886
v -0.996591 0.395809 0.064537
v -0.997232 0.395809 0.071084
v -0.996591 0.395809 0.064537
v -0.995277 0.389340 0.071084
v -0.994671 0.389340 0.077319
v -0.995277 0.389340 0.071084
v -0.991537 0.383376 0.076695
v -0.989920 0.383376 0.082099
v -0.991537 0.383376 0.076695
v -0.985944 0.378154 0.080437
v -0.983687 0.378154 0.084697
v -0.985944 0.378154 0.080437
v -0.979340 0.373841 0.081788
v -0.976982 0.373841 0.084697
v -0.979340 0.373841 0.081788
v -0.972736 0.370674 0.080437
v -0.970749 0.370674 0.082099
v -0.972736 0.370674 0.080437
v -0.967143 0.368720 0.076695
v -0.965998 0.368720 0.077319
v -0.967143 0.368720 0.076695
v -0.991537 0.409252 0.052274
v -0.992110 0.402547 0.051963
v -0.995277 0.402547 0.057886
v -0.992110 0.402547 0.051963
v -0.994671 0.395809 0.058198
v -0.996591 0.395809 0.064537
v -0.994671 0.395809 0.058198
v -0.994671 0.389340 0.064849
v -0.995277 0.389340 0.071084
v -0.994671 0.389340 0.064849
v -0.992110 0.383376 0.071084
v -0.991537 0.383376 0.076695
v -0.992110 0.383376 0.071084
v -0.987326 0.378154 0.075864
v -0.985944 0.378154 0.080437
v -0.987326 0.378154 0.075864
v -0.981126 0.373841 0.078462
v -0.979340 0.373841 0.081788
v -0.981126 0.373841 0.078462
v -0.974388 0.370674 0.078462
v -0.972736 0.370674 0.080437
v -0.974388 0.370674 0.078462
v -0.968188 0.368720 0.075864
v -0.967143 0.368720 0.076695
v -0.968188 0.368720 0.075864
v -0.992110 0.402547 0.051963
v -0.991537 0.395809 0.052274
v -0.994671 0.395809 0.058198
v -0.991537 0.395809 0.052274
v -0.992851 0.389340 0.058925
v -0.994671 0.389340 0.064849
v -0.992851 0.389340 0.058925
v -0.991537 0.383376 0.065472
v -0.992110 0.383376 0.071084
v -0.991537 0.383376 0.065472
v -0.987797 0.378154 0.071084
v -0.987326 0.378154 0.075864
v -0.987797 0.378154 0.071084
v -0.982204 0.373841 0.074825
v -0.981126 0.373841 0.078462
v -0.982204 0.373841 0.074825
v -0.975600 0.370674 0.076176
v -0.974388 0.370674 0.078462
v -0.975600 0.370674 0.076176
v -0.969030 0.368720 0.074825
v -0.968188 0.368720 0.075864
v -0.969030 0.368720 0.074825
v -0.991537 0.395809 0.052274
v -0.989920 0.389340 0.053417
v -0.992851 0.389340 0.058925
v -0.989920 0.389340 0.053417
v -0.989920 0.383376 0.060172
v -0.991537 0.383376 0.065472
v -0.989920 0.383376 0.060172
v -0.987326 0.378154 0.066304
v -0.987797 0.378154 0.071084
v -0.987326 0.378154 0.066304
v -0.982575 0.373841 0.071084
v -0.982204 0.373841 0.074825
v -0.982575 0.373841 0.071084
v -0.976375 0.370674 0.073682
v -0.975600 0.370674 0.076176
v -0.976375 0.370674 0.073682
v -0.969637 0.368720 0.073682
v -0.969030 0.368720 0.074825
v -0.969637 0.368720 0.073682
v -0.989920 0.389340 0.053417
v -0.987258 0.383376 0.055184
v -0.989920 0.383376 0.060172
v -0.987258 0.383376 0.055184
v -0.985944 0.378154 0.061731
v -0.987326 0.378154 0.066304
v -0.985944 0.378154 0.061731
v -0.982204 0.373841 0.067343
v -0.982575 0.373841 0.071084
v -0.982204 0.373841 0.067343
v -0.976611 0.370674 0.071084
v -0.976375 0.370674 0.073682
v -0.976611 0.370674 0.071084
v -0.970007 0.368720 0.072435
v -0.969637 0.368720 0.073682
v -0.970007 0.368720 0.072435
v -0.987258 0.383376 0.055184
v -0.983687 0.378154 0.057574
v -0.985944 0.378154 0.061731
v -0.983687 0.378154 0.057574
v -0.981126 0.373841 0.063809
v -0.982204 0.373841 0.067343
v -0.981126 0.373841 0.063809
v -0.976375 0.370674 0.068486
v -0.976611 0.370674 0.071084
v -0.976375 0.370674 0.068486
v -0.970142 0.368720 0.071084
v -0.970007 0.368720 0.072435
v -0.970142 0.368720 0.071084
v -0.983687 0.378154 0.057574
v -0.979340 0.373841 0.060484
v -0.981126 0.373841 0.063809
v -0.979340 0.373841 0.060484
v -0.975600 0.370674 0.066096
v -0.976375 0.370674 0.068486
v -0.975600 0.370674 0.066096
v -0.970007 0.368720 0.069837
v -0.970142 0.368720 0.071084
v -0.970007 0.368720 0.069837
v -0.979340 0.373841 0.060484
v -0.974388 0.370674 0.063809
v -0.975600 0.370674 0.066096
v -0.974388 0.370674 0.063809
v -0.969637 0.368720 0.068486
v -0.970007 0.368720 0.069837
v -0.969637 0.368720 0.068486
v -0.974388 0.370674 0.063809
v -0.969030 0.368720 0.067343
v -0.969637 0.368720 0.068486
v -0.969030 0.368720 0.067343
v -0.968188 0.368720 0.066304
v -0.972736 0.378154 0.093634
v -0.972736 0.378154 0.093634
v -0.979340 0.383376 0.094985
v -0.979340 0.383376 0.094985
v -0.985944 0.389340 0.093634
v -0.985944 0.389340 0.093634
v -0.991537 0.395809 0.089893
v -0.991537 0.395809 0.089893
v -0.995277 0.402547 0.084282
v -0.995277 0.402547 0.084282
v -0.996591 0.409252 0.077735
v -0.996591 0.409252 0.077735
v -0.995277 0.415722 0.071084
v -0.995277 0.415722 0.071084
v -0.991537 0.421685 0.065472
v -0.991537 0.421685 0.065472
v -0.985944 0.426908 0.061731
v -0.985944 0.426908 0.061731
v -0.979340 0.431220 0.060484
v -0.979340 0.431220 0.060484
v -0.972736 0.434388 0.061731
v -0.972736 0.434388 0.061731
v -0.967143 0.436342 0.065472
v -0.967143 0.436342 0.065472
v -0.963437 0.437016 0.071084
v -0.968188 0.436342 0.066304
v -0.968188 0.436342 0.066304
v -0.974388 0.434388 0.063809
v -0.974388 0.434388 0.063809
v -0.981126 0.431220 0.063809
v -0.981126 0.431220 0.063809
v -0.987326 0.426908 0.066304
v -0.987326 0.426908 0.066304
v -0.992110 0.421685 0.071084
v -0.992110 0.421685 0.071084
v -0.994671 0.415722 0.077319
v -0.994671 0.415722 0.077319
v -0.994671 0.409252 0.084074
v -0.994671 0.409252 0.084074
v -0.992110 0.402547 0.090309
v -0.992110 0.402547 0.090309
v -0.987326 0.395809 0.094985
v -0.987326 0.395809 0.094985
v -0.981126 0.389340 0.097583
v -0.981126 0.389340 0.097583
v -0.974388 0.383376 0.097583
v -0.974388 0.383376 0.097583
v -0.968188 0.378154 0.094985
v -0.967143 0.373841 0.089893
v -0.968188 0.378154 0.094985
v -0.963437 0.373841 0.090309
v -0.967143 0.373841 0.089893
v -0.963437 0.370674 0.084282
v -0.963437 0.373841 0.090309
v -0.963437 0.370674 0.084282
v -0.962123 0.368720 0.077735
v -0.959697 0.373841 0.089893
v -0.963437 0.378154 0.095505
v -0.963437 0.378154 0.095505
v -0.969030 0.383376 0.099246
v -0.969030 0.383376 0.099246
v -0.975600 0.389340 0.100493
v -0.975600 0.389340 0.100493
v -0.982204 0.395809 0.099246
v -0.982204 0.395809 0.099246
v -0.987797 0.402547 0.095505
v -0.987797 0.402547 0.095505
v -0.991537 0.409252 0.089893
v -0.991537 0.409252 0.089893
v -0.992851 0.415722 0.083242
v -0.992851 0.415722 0.083242
v -0.991537 0.421685 0.076695
v -0.991537 0.421685 0.076695
v -0.987797 0.426908 0.071084
v -0.987797 0.426908 0.071084
v -0.982204 0.431220 0.067343
v -0.982204 0.431220 0.067343
v -0.975600 0.434388 0.066096
v -0.975600 0.434388 0.066096
v -0.969030 0.436342 0.067343
v -0.969030 0.436342 0.067343
v -0.958653 0.378154 0.094985
v -0.963437 0.378154 0.095505
v -0.963437 0.383376 0.099766
v -0.969030 0.383376 0.099246
v -0.963437 0.383376 0.099766
v -0.969637 0.389340 0.102364
v -0.975600 0.389340 0.100493
v -0.969637 0.389340 0.102364
v -0.976375 0.395809 0.102364
v -0.982204 0.395809 0.099246
v -0.976375 0.395809 0.102364
v -0.982575 0.402547 0.099766
v -0.987797 0.402547 0.095505
v -0.982575 0.402547 0.099766
v -0.987326 0.409252 0.094985
v -0.991537 0.409252 0.089893
v -0.987326 0.409252 0.094985
v -0.989920 0.415722 0.088750
v -0.992851 0.415722 0.083242
v -0.989920 0.415722 0.088750
v -0.989920 0.421685 0.082099
v -0.991537 0.421685 0.076695
v -0.989920 0.421685 0.082099
v -0.987326 0.426908 0.075864
v -0.987797 0.426908 0.071084
v -0.987326 0.426908 0.075864
v -0.982575 0.431220 0.071084
v -0.982204 0.431220 0.067343
v -0.982575 0.431220 0.071084
v -0.976375 0.434388 0.068486
v -0.975600 0.434388 0.066096
v -0.976375 0.434388 0.068486
v -0.969637 0.436342 0.068486
v -0.969030 0.436342 0.067343
v -0.969637 0.436342 0.068486
v -0.957810 0.383376 0.099246
v -0.963437 0.383376 0.099766
v -0.963437 0.389340 0.102987
v -0.969637 0.389340 0.102364
v -0.963437 0.389340 0.102987
v -0.970007 0.395809 0.104234
v -0.976375 0.395809 0.102364
v -0.970007 0.395809 0.104234
v -0.976611 0.402547 0.102987
v -0.982575 0.402547 0.099766
v -0.976611 0.402547 0.102987
v -0.982204 0.409252 0.099246
v -0.987326 0.409252 0.094985
v -0.982204 0.409252 0.099246
v -0.985944 0.415722 0.093634
v -0.989920 0.415722 0.088750
v -0.985944 0.415722 0.093634
v -0.987258 0.421685 0.086984
v -0.989920 0.421685 0.082099
v -0.987258 0.421685 0.086984
v -0.985944 0.426908 0.080437
v -0.987326 0.426908 0.075864
v -0.985944 0.426908 0.080437
v -0.982204 0.431220 0.074825
v -0.982575 0.431220 0.071084
v -0.982204 0.431220 0.074825
v -0.976611 0.434388 0.071084
v -0.976375 0.434388 0.068486
v -0.976611 0.434388 0.071084
v -0.970007 0.436342 0.069837
v -0.969637 0.436342 0.068486
v -0.970007 0.436342 0.069837
v -0.957204 0.389340 0.102364
v -0.963437 0.389340 0.102987
v -0.963437 0.395809 0.104962
v -0.970007 0.395809 0.104234
v -0.963437 0.395809 0.104962
v -0.970142 0.402547 0.104962
v -0.976611 0.402547 0.102987
v -0.970142 0.402547 0.104962
v -0.976375 0.409252 0.102364
v -0.982204 0.409252 0.099246
v -0.976375 0.409252 0.102364
v -0.981126 0.415722 0.097583
v -0.985944 0.415722 0.093634
v -0.981126 0.415722 0.097583
v -0.983687 0.421685 0.091348
v -0.987258 0.421685 0.086984
v -0.983687 0.421685 0.091348
v -0.983687 0.426908 0.084697
v -0.985944 0.426908 0.080437
v -0.983687 0.426908 0.084697
v -0.981126 0.431220 0.078462
v -0.982204 0.431220 0.074825
v -0.981126 0.431220 0.078462
v -0.976375 0.434388 0.073682
v -0.976611 0.434388 0.071084
v -0.976375 0.434388 0.073682
v -0.970142 0.436342 0.071084
v -0.970007 0.436342 0.069837
v -0.970142 0.436342 0.071084
v -0.956833 0.395809 0.104234
v -0.963437 0.395809 0.104962
v -0.963437 0.402547 0.105585
v -0.970142 0.402547 0.104962
v -0.963437 0.402547 0.105585
v -0.970007 0.409252 0.104234
v -0.976375 0.409252 0.102364
v -0.970007 0.409252 0.104234
v -0.975600 0.415722 0.100493
v -0.981126 0.415722 0.097583
v -0.975600 0.415722 0.100493
v -0.979340 0.421685 0.094985
v -0.983687 0.421685 0.091348
v -0.979340 0.421685 0.094985
v -0.980654 0.426908 0.088335
v -0.983687 0.426908 0.084697
v -0.980654 0.426908 0.088335
v -0.979340 0.431220 0.081788
v -0.981126 0.431220 0.078462
v -0.979340 0.431220 0.081788
v -0.975600 0.434388 0.076176
v -0.976375 0.434388 0.073682
v -0.975600 0.434388 0.076176
v -0.970007 0.436342 0.072435
v -0.970142 0.436342 0.071084
v -0.970007 0.436342 0.072435
v -0.956698 0.402547 0.104962
v -0.963437 0.402547 0.105585
v -0.963437 0.409252 0.104962
v -0.970007 0.409252 0.104234
v -0.963437 0.409252 0.104962
v -0.969637 0.415722 0.102364
v -0.975600 0.415722 0.100493
v -0.969637 0.415722 0.102364
v -0.974388 0.421685 0.097583
v -0.979340 0.421685 0.094985
v -0.974388 0.421685 0.097583
v -0.976982 0.426908 0.091348
v -0.980654 0.426908 0.088335
v -0.976982 0.426908 0.091348
v -0.976982 0.431220 0.084697
v -0.979340 0.431220 0.081788
v -0.976982 0.431220 0.084697
v -0.974388 0.434388 0.078462
v -0.975600 0.434388 0.076176
v -0.974388 0.434388 0.078462
v -0.969637 0.436342 0.073682
v -0.970007 0.436342 0.072435
v -0.969637 0.436342 0.073682
v -0.956833 0.409252 0.104234
v -0.963437 0.409252 0.104962
v -0.963437 0.415722 0.102987
v -0.969637 0.415722 0.102364
v -0.963437 0.415722 0.102987
v -0.969030 0.421685 0.099246
v -0.974388 0.421685 0.097583
v -0.969030 0.421685 0.099246
v -0.972736 0.426908 0.093634
v -0.976982 0.426908 0.091348
v -0.972736 0.426908 0.093634
v -0.974051 0.431220 0.086984
v -0.976982 0.431220 0.084697
v -0.974051 0.431220 0.086984
v -0.972736 0.434388 0.080437
v -0.974388 0.434388 0.078462
v -0.972736 0.434388 0.080437
v -0.969030 0.436342 0.074825
v -0.969637 0.436342 0.073682
v -0.969030 0.436342 0.074825
v -0.957204 0.415722 0.102364
v -0.963437 0.415722 0.102987
v -0.963437 0.421685 0.099766
v -0.969030 0.421685 0.099246
v -0.963437 0.421685 0.099766
v -0.968188 0.426908 0.094985
v -0.972736 0.426908 0.093634
v -0.968188 0.426908 0.094985
v -0.970749 0.431220 0.088750
v -0.974051 0.431220 0.086984
v -0.970749 0.431220 0.088750
v -0.970749 0.434388 0.082099
v -0.972736 0.434388 0.080437
v -0.970749 0.434388 0.082099
v -0.968188 0.436342 0.075864
v -0.969030 0.436342 0.074825
v -0.968188 0.436342 0.075864
v -0.957810 0.421685 0.099246
v -0.963437 0.421685 0.099766
v -0.963437 0.426908 0.095505
v -0.968188 0.426908 0.094985
v -0.963437 0.426908 0.095505
v -0.967143 0.431220 0.089893
v -0.970749 0.431220 0.088750
v -0.967143 0.431220 0.089893
v -0.968457 0.434388 0.083242
v -0.970749 0.434388 0.082099
v -0.968457 0.434388 0.083242
v -0.967143 0.436342 0.076695
v -0.968188 0.436342 0.075864
v -0.967143 0.436342 0.076695
v -0.958653 0.426908 0.094985
v -0.963437 0.426908 0.095505
v -0.963437 0.431220 0.090309
v -0.967143 0.431220 0.089893
v -0.963437 0.431220 0.090309
v -0.965998 0.434388 0.084074
v -0.968457 0.434388 0.083242
v -0.965998 0.434388 0.084074
v -0.965998 0.436342 0.077319
v -0.967143 0.436342 0.076695
v -0.965998 0.436342 0.077319
v -0.959697 0.431220 0.089893
v -0.963437 0.431220 0.090309
v -0.963437 0.434388 0.084282
v -0.965998 0.434388 0.084074
v -0.963437 0.434388 0.084282
v -0.964717 0.436342 0.077735
v -0.965998 0.436342 0.077319
v -0.964717 0.436342 0.077735
v -0.960843 0.434388 0.084074
v -0.963437 0.434388 0.084282
v -0.963437 0.436342 0.077839
v -0.964717 0.436342 0.077735
v -0.963437 0.436342 0.077839
v -0.970749 0.373841 0.088750
v -0.967143 0.373841 0.089893
v -0.965998 0.370674 0.084074
v -0.963437 0.370674 0.084282
v -0.963437 0.368720 0.077839
v -0.944636 0.395809 0.043025
v -0.944636 0.395809 0.043025
v -0.939043 0.402547 0.046767
v -0.939043 0.402547 0.046767
v -0.935303 0.409252 0.052274
v -0.935303 0.409252 0.052274
v -0.933989 0.415722 0.058925
v -0.933989 0.415722 0.058925
v -0.935303 0.421685 0.065472
v -0.935303 0.421685 0.065472
v -0.939043 0.426908 0.071084
v -0.939043 0.426908 0.071084
v -0.944636 0.431220 0.074825
v -0.944636 0.431220 0.074825
v -0.951240 0.434388 0.076176
v -0.951240 0.434388 0.076176
v -0.957810 0.436342 0.074825
v -0.957810 0.436342 0.074825
v -0.957204 0.436342 0.073682
v -0.957204 0.436342 0.073682
v -0.950465 0.434388 0.073682
v -0.950465 0.434388 0.073682
v -0.944266 0.431220 0.071084
v -0.944266 0.431220 0.071084
v -0.939515 0.426908 0.066304
v -0.939515 0.426908 0.066304
v -0.936920 0.421685 0.060172
v -0.936920 0.421685 0.060172
v -0.936920 0.415722 0.053417
v -0.936920 0.415722 0.053417
v -0.939515 0.409252 0.047182
v -0.939515 0.409252 0.047182
v -0.944266 0.402547 0.042402
v -0.944266 0.402547 0.042402
v -0.950465 0.395809 0.039804
v -0.951240 0.389340 0.041674
v -0.950465 0.395809 0.039804
v -0.957204 0.389340 0.039804
v -0.951240 0.389340 0.041674
v -0.957810 0.383376 0.043025
v -0.957204 0.389340 0.039804
v -0.963437 0.383376 0.042402
v -0.957810 0.383376 0.043025
v -0.963437 0.378154 0.046767
v -0.963437 0.383376 0.042402
v -0.968188 0.378154 0.047182
v -0.963437 0.378154 0.046767
v -0.967143 0.373841 0.052274
v -0.968188 0.378154 0.047182
v -0.970749 0.373841 0.053417
v -0.967143 0.373841 0.052274
v -0.968457 0.370674 0.058925
v -0.970749 0.373841 0.053417
v -0.968457 0.370674 0.058925
v -0.967143 0.368720 0.065472
v -0.974051 0.373841 0.055184
v -0.972736 0.378154 0.048533
v -0.972736 0.378154 0.048533
v -0.969030 0.383376 0.043025
v -0.969030 0.383376 0.043025
v -0.963437 0.389340 0.039284
v -0.963437 0.389340 0.039284
v -0.956833 0.395809 0.037933
v -0.956833 0.395809 0.037933
v -0.950229 0.402547 0.039284
v -0.950229 0.402547 0.039284
v -0.944636 0.409252 0.043025
v -0.944636 0.409252 0.043025
v -0.940896 0.415722 0.048533
v -0.940896 0.415722 0.048533
v -0.939582 0.421685 0.055184
v -0.939582 0.421685 0.055184
v -0.940896 0.426908 0.061731
v -0.940896 0.426908 0.061731
v -0.944636 0.431220 0.067343
v -0.944636 0.431220 0.067343
v -0.950229 0.434388 0.071084
v -0.950229 0.434388 0.071084
v -0.956833 0.436342 0.072435
v -0.956833 0.436342 0.072435
v -0.976982 0.378154 0.050820
v -0.972736 0.378154 0.048533
v -0.974388 0.383376 0.044584
v -0.969030 0.383376 0.043025
v -0.974388 0.383376 0.044584
v -0.969637 0.389340 0.039804
v -0.963437 0.389340 0.039284
v -0.969637 0.389340 0.039804
v -0.963437 0.395809 0.037310
v -0.956833 0.395809 0.037933
v -0.963437 0.395809 0.037310
v -0.956698 0.402547 0.037310
v -0.950229 0.402547 0.039284
v -0.956698 0.402547 0.037310
v -0.950465 0.409252 0.039804
v -0.944636 0.409252 0.043025
v -0.950465 0.409252 0.039804
v -0.945714 0.415722 0.044584
v -0.940896 0.415722 0.048533
v -0.945714 0.415722 0.044584
v -0.943154 0.421685 0.050820
v -0.939582 0.421685 0.055184
v -0.943154 0.421685 0.050820
v -0.943154 0.426908 0.057574
v -0.940896 0.426908 0.061731
v -0.943154 0.426908 0.057574
v -0.945714 0.431220 0.063809
v -0.944636 0.431220 0.067343
v -0.945714 0.431220 0.063809
v -0.950465 0.434388 0.068486
v -0.950229 0.434388 0.071084
v -0.950465 0.434388 0.068486
v -0.956698 0.436342 0.071084
v -0.956833 0.436342 0.072435
v -0.956698 0.436342 0.071084
v -0.979340 0.383376 0.047286
v -0.974388 0.383376 0.044584
v -0.975600 0.389340 0.041674
v -0.969637 0.389340 0.039804
v -0.975600 0.389340 0.041674
v -0.970007 0.395809 0.037933
v -0.963437 0.395809 0.037310
v -0.970007 0.395809 0.037933
v -0.963437 0.402547 0.036582
v -0.956698 0.402547 0.037310
v -0.963437 0.402547 0.036582
v -0.956833 0.409252 0.037933
v -0.950465 0.409252 0.039804
v -0.956833 0.409252 0.037933
v -0.951240 0.415722 0.041674
v -0.945714 0.415722 0.044584
v -0.951240 0.415722 0.041674
v -0.947500 0.421685 0.047286
v -0.943154 0.421685 0.050820
v -0.947500 0.421685 0.047286
v -0.946186 0.426908 0.053833
v -0.943154 0.426908 0.057574
v -0.946186 0.426908 0.053833
v -0.947500 0.431220 0.060484
v -0.945714 0.431220 0.063809
v -0.947500 0.431220 0.060484
v -0.951240 0.434388 0.066096
v -0.950465 0.434388 0.068486
v -0.951240 0.434388 0.066096
v -0.956833 0.436342 0.069837
v -0.956698 0.436342 0.071084
v -0.956833 0.436342 0.069837
v -0.981126 0.389340 0.044584
v -0.975600 0.389340 0.041674
v -0.976375 0.395809 0.039804
v -0.970007 0.395809 0.037933
v -0.976375 0.395809 0.039804
v -0.970142 0.402547 0.037310
v -0.963437 0.402547 0.036582
v -0.970142 0.402547 0.037310
v -0.963437 0.409252 0.037310
v -0.956833 0.409252 0.037933
v -0.963437 0.409252 0.037310
v -0.957204 0.415722 0.039804
v -0.951240 0.415722 0.041674
v -0.957204 0.415722 0.039804
v -0.952453 0.421685 0.044584
v -0.947500 0.421685 0.047286
v -0.952453 0.421685 0.044584
v -0.949858 0.426908 0.050820
v -0.946186 0.426908 0.053833
v -0.949858 0.426908 0.050820
v -0.949858 0.431220 0.057574
v -0.947500 0.431220 0.060484
v -0.949858 0.431220 0.057574
v -0.952453 0.434388 0.063809
v -0.951240 0.434388 0.066096
v -0.952453 0.434388 0.063809
v -0.957204 0.436342 0.068486
v -0.956833 0.436342 0.069837
v -0.957204 0.436342 0.068486
v -0.982204 0.395809 0.043025
v -0.976375 0.395809 0.039804
v -0.976611 0.402547 0.039284
v -0.970142 0.402547 0.037310
v -0.976611 0.402547 0.039284
v -0.970007 0.409252 0.037933
v -0.963437 0.409252 0.037310
v -0.970007 0.409252 0.037933
v -0.963437 0.415722 0.039284
v -0.957204 0.415722 0.039804
v -0.963437 0.415722 0.039284
v -0.957810 0.421685 0.043025
v -0.952453 0.421685 0.044584
v -0.957810 0.421685 0.043025
v -0.954104 0.426908 0.048533
v -0.949858 0.426908 0.050820
v -0.954104 0.426908 0.048533
v -0.952790 0.431220 0.055184
v -0.949858 0.431220 0.057574
v -0.952790 0.431220 0.055184
v -0.954104 0.434388 0.061731
v -0.952453 0.434388 0.063809
v -0.954104 0.434388 0.061731
v -0.957810 0.436342 0.067343
v -0.957204 0.436342 0.068486
v -0.957810 0.436342 0.067343
v -0.982575 0.402547 0.042402
v -0.976611 0.402547 0.039284
v -0.976375 0.409252 0.039804
v -0.970007 0.409252 0.037933
v -0.976375 0.409252 0.039804
v -0.969637 0.415722 0.039804
v -0.963437 0.415722 0.039284
v -0.969637 0.415722 0.039804
v -0.963437 0.421685 0.042402
v -0.957810 0.421685 0.043025
v -0.963437 0.421685 0.042402
v -0.958653 0.426908 0.047182
v -0.954104 0.426908 0.048533
v -0.958653 0.426908 0.047182
v -0.956092 0.431220 0.053417
v -0.952790 0.431220 0.055184
v -0.956092 0.431220 0.053417
v -0.956092 0.434388 0.060172
v -0.954104 0.434388 0.061731
v -0.956092 0.434388 0.060172
v -0.958653 0.436342 0.066304
v -0.957810 0.436342 0.067343
v -0.958653 0.436342 0.066304
v -0.982204 0.409252 0.043025
v -0.976375 0.409252 0.039804
v -0.975600 0.415722 0.041674
v -0.969637 0.415722 0.039804
v -0.975600 0.415722 0.041674
v -0.969030 0.421685 0.043025
v -0.963437 0.421685 0.042402
v -0.969030 0.421685 0.043025
v -0.963437 0.426908 0.046767
v -0.958653 0.426908 0.047182
v -0.963437 0.426908 0.046767
v -0.959697 0.431220 0.052274
v -0.956092 0.431220 0.053417
v -0.959697 0.431220 0.052274
v -0.958383 0.434388 0.058925
v -0.956092 0.434388 0.060172
v -0.958383 0.434388 0.058925
v -0.959697 0.436342 0.065472
v -0.958653 0.436342 0.066304
v -0.959697 0.436342 0.065472
v -0.981126 0.415722 0.044584
v -0.975600 0.415722 0.041674
v -0.974388 0.421685 0.044584
v -0.969030 0.421685 0.043025
v -0.974388 0.421685 0.044584
v -0.968188 0.426908 0.047182
v -0.963437 0.426908 0.046767
v -0.968188 0.426908 0.047182
v -0.963437 0.431220 0.051963
v -0.959697 0.431220 0.052274
v -0.963437 0.431220 0.051963
v -0.960843 0.434388 0.058198
v -0.958383 0.434388 0.058925
v -0.960843 0.434388 0.058198
v -0.960843 0.436342 0.064849
v -0.959697 0.436342 0.065472
v -0.960843 0.436342 0.064849
v -0.962123 0.436342 0.064537
v -0.960843 0.436342 0.064849
v -0.963437 0.434388 0.057886
v -0.963437 0.434388 0.057886
v -0.967143 0.431220 0.052274
v -0.967143 0.431220 0.052274
v -0.972736 0.426908 0.048533
v -0.972736 0.426908 0.048533
v -0.976982 0.426908 0.050820
v -0.970749 0.431220 0.053417
v -0.970749 0.431220 0.053417
v -0.965998 0.434388 0.058198
v -0.965998 0.434388 0.058198
v -0.970749 0.431220 0.053417
v -0.965998 0.434388 0.058198
v -0.963437 0.436342 0.064329
v -0.945714 0.389340 0.044584
v -0.951240 0.389340 0.041674
v -0.952453 0.383376 0.044584
v -0.957810 0.383376 0.043025
v -0.958653 0.378154 0.047182
v -0.963437 0.378154 0.046767
v -0.963437 0.373841 0.051963
v -0.967143 0.373841 0.052274
v -0.965998 0.370674 0.058198
v -0.968457 0.370674 0.058925
v -0.965998 0.368720 0.064849
v -0.957204 0.415722 -0.103917
v -0.951240 0.415722 -0.102047
v -0.956833 0.409252 -0.105788
v -0.951240 0.415722 -0.102047
v -0.950465 0.409252 -0.103917
v -0.956833 0.409252 -0.105788
v -0.956698 0.402547 -0.106515
v -0.950465 0.409252 -0.103917
v -0.950229 0.402547 -0.104541
v -0.956698 0.402547 -0.106515
v -0.956833 0.395809 -0.105788
v -0.950229 0.402547 -0.104541
v -0.950465 0.395809 -0.103917
v -0.956833 0.395809 -0.105788
v -0.957204 0.389340 -0.103917
v -0.950465 0.395809 -0.103917
v -0.951240 0.389340 -0.102047
v -0.957204 0.389340 -0.103917
v -0.957810 0.383376 -0.100800
v -0.951240 0.389340 -0.102047
v -0.952453 0.383376 -0.099137
v -0.957810 0.383376 -0.100800
v -0.958653 0.378154 -0.096539
v -0.952453 0.383376 -0.099137
v -0.954104 0.378154 -0.095188
v -0.958653 0.378154 -0.096539
v -0.959697 0.373841 -0.091447
v -0.954104 0.378154 -0.095188
v -0.956092 0.373841 -0.090304
v -0.959697 0.373841 -0.091447
v -0.960843 0.370674 -0.085628
v -0.956092 0.373841 -0.090304
v -0.958383 0.370674 -0.084796
v -0.960843 0.370674 -0.085628
v -0.962123 0.368720 -0.079288
v -0.958383 0.370674 -0.084796
v -0.960843 0.368720 -0.078873
v -0.962123 0.368720 -0.079288
v -0.963437 0.368046 -0.072637
v -0.960843 0.368720 -0.078873
v -0.959697 0.368720 -0.078249
v -0.963437 0.368046 -0.072637
v -0.958653 0.368720 -0.077418
v -0.959697 0.368720 -0.078249
v -0.954104 0.370674 -0.081990
v -0.958653 0.368720 -0.077418
v -0.952453 0.370674 -0.080016
v -0.954104 0.370674 -0.081990
v -0.947500 0.373841 -0.083341
v -0.952453 0.370674 -0.080016
v -0.945714 0.373841 -0.080016
v -0.947500 0.373841 -0.083341
v -0.940896 0.378154 -0.081990
v -0.945714 0.373841 -0.080016
v -0.939515 0.378154 -0.077418
v -0.940896 0.378154 -0.081990
v -0.935303 0.383376 -0.078249
v -0.939515 0.378154 -0.077418
v -0.934730 0.383376 -0.072637
v -0.935303 0.383376 -0.078249
v -0.931563 0.389340 -0.072637
v -0.934730 0.383376 -0.072637
v -0.932170 0.389340 -0.066402
v -0.931563 0.389340 -0.072637
v -0.930249 0.395809 -0.066091
v -0.932170 0.389340 -0.066402
v -0.932170 0.395809 -0.059751
v -0.930249 0.395809 -0.066091
v -0.931563 0.402547 -0.059440
v -0.932170 0.395809 -0.059751
v -0.934730 0.402547 -0.053516
v -0.931563 0.402547 -0.059440
v -0.935303 0.409252 -0.053828
v -0.934730 0.402547 -0.053516
v -0.939515 0.409252 -0.048736
v -0.935303 0.409252 -0.053828
v -0.940896 0.415722 -0.050087
v -0.939515 0.409252 -0.048736
v -0.945714 0.415722 -0.046138
v -0.940896 0.415722 -0.050087
v -0.947500 0.421685 -0.048840
v -0.945714 0.415722 -0.046138
v -0.952453 0.421685 -0.046138
v -0.947500 0.421685 -0.048840
v -0.954104 0.426908 -0.050087
v -0.952453 0.421685 -0.046138
v -0.958653 0.426908 -0.048736
v -0.954104 0.426908 -0.050087
v -0.959697 0.431220 -0.053828
v -0.958653 0.426908 -0.048736
v -0.963437 0.431220 -0.053516
v -0.959697 0.431220 -0.053828
v -0.963437 0.434388 -0.059440
v -0.963437 0.431220 -0.053516
v -0.965998 0.434388 -0.059751
v -0.963437 0.434388 -0.059440
v -0.964717 0.436342 -0.066091
v -0.965998 0.434388 -0.059751
v -0.965998 0.436342 -0.066402
v -0.964717 0.436342 -0.066091
v -0.963437 0.437016 -0.072637
v -0.965998 0.436342 -0.066402
v -0.967143 0.436342 -0.067026
v -0.963437 0.437016 -0.072637
v -0.968188 0.436342 -0.067857
v -0.967143 0.436342 -0.067026
v -0.970749 0.434388 -0.061726
v -0.968188 0.436342 -0.067857
v -0.972736 0.434388 -0.063285
v -0.970749 0.434388 -0.061726
v -0.974051 0.431220 -0.056738
v -0.972736 0.434388 -0.063285
v -0.976982 0.431220 -0.059128
v -0.974051 0.431220 -0.056738
v -0.976982 0.426908 -0.052373
v -0.976982 0.431220 -0.059128
v -0.980654 0.426908 -0.055387
v -0.976982 0.426908 -0.052373
v -0.979340 0.421685 -0.048840
v -0.980654 0.426908 -0.055387
v -0.983687 0.421685 -0.052373
v -0.979340 0.421685 -0.048840
v -0.981126 0.415722 -0.046138
v -0.983687 0.421685 -0.052373
v -0.985944 0.415722 -0.050087
v -0.981126 0.415722 -0.046138
v -0.982204 0.409252 -0.044579
v -0.985944 0.415722 -0.050087
v -0.987326 0.409252 -0.048736
v -0.982204 0.409252 -0.044579
v -0.982575 0.402547 -0.043956
v -0.987326 0.409252 -0.048736
v -0.987797 0.402547 -0.048320
v -0.982575 0.402547 -0.043956
v -0.982204 0.395809 -0.044579
v -0.987797 0.402547 -0.048320
v -0.987326 0.395809 -0.048736
v -0.982204 0.395809 -0.044579
v -0.981126 0.389340 -0.046138
v -0.987326 0.395809 -0.048736
v -0.985944 0.389340 -0.050087
v -0.981126 0.389340 -0.046138
v -0.979340 0.383376 -0.048840
v -0.985944 0.389340 -0.050087
v -0.983687 0.383376 -0.052373
v -0.979340 0.383376 -0.048840
v -0.976982 0.378154 -0.052373
v -0.983687 0.383376 -0.052373
v -0.980654 0.378154 -0.055387
v -0.976982 0.378154 -0.052373
v -0.974051 0.373841 -0.056738
v -0.980654 0.378154 -0.055387
v -0.976982 0.373841 -0.059128
v -0.974051 0.373841 -0.056738
v -0.970749 0.370674 -0.061726
v -0.976982 0.373841 -0.059128
v -0.972736 0.370674 -0.063285
v -0.970749 0.370674 -0.061726
v -0.967143 0.368720 -0.067026
v -0.972736 0.370674 -0.063285
v -0.968188 0.368720 -0.067857
v -0.967143 0.368720 -0.067026
v -0.968188 0.368720 -0.067857
v -0.969030 0.368720 -0.068896
v -0.969637 0.368720 -0.070040
v -0.969030 0.368720 -0.068896
v -0.975600 0.370674 -0.067649
v -0.969637 0.368720 -0.070040
v -0.976375 0.370674 -0.070040
v -0.975600 0.370674 -0.067649
v -0.982204 0.373841 -0.068896
v -0.976375 0.370674 -0.070040
v -0.982575 0.373841 -0.072637
v -0.982204 0.373841 -0.068896
v -0.987797 0.378154 -0.072637
v -0.982575 0.373841 -0.072637
v -0.987326 0.378154 -0.077418
v -0.987797 0.378154 -0.072637
v -0.991537 0.383376 -0.078249
v -0.987326 0.378154 -0.077418
v -0.989920 0.383376 -0.083653
v -0.991537 0.383376 -0.078249
v -0.992851 0.389340 -0.084796
v -0.989920 0.383376 -0.083653
v -0.989920 0.389340 -0.090304
v -0.992851 0.389340 -0.084796
v -0.991537 0.395809 -0.091447
v -0.989920 0.389340 -0.090304
v -0.987326 0.395809 -0.096539
v -0.991537 0.395809 -0.091447
v -0.987797 0.402547 -0.097059
v -0.987326 0.395809 -0.096539
v -0.982575 0.402547 -0.101319
v -0.987797 0.402547 -0.097059
v -0.982204 0.409252 -0.100800
v -0.982575 0.402547 -0.101319
v -0.976375 0.409252 -0.103917
v -0.982204 0.409252 -0.100800
v -0.975600 0.415722 -0.102047
v -0.976375 0.409252 -0.103917
v -0.969637 0.415722 -0.103917
v -0.975600 0.415722 -0.102047
v -0.969030 0.421685 -0.100800
v -0.969637 0.415722 -0.103917
v -0.963437 0.421685 -0.101319
v -0.969030 0.421685 -0.100800
v -0.963437 0.426908 -0.097059
v -0.963437 0.421685 -0.101319
v -0.958653 0.426908 -0.096539
v -0.963437 0.426908 -0.097059
v -0.959697 0.431220 -0.091447
v -0.958653 0.426908 -0.096539
v -0.956092 0.431220 -0.090304
v -0.959697 0.431220 -0.091447
v -0.958383 0.434388 -0.084796
v -0.956092 0.431220 -0.090304
v -0.956092 0.434388 -0.083653
v -0.958383 0.434388 -0.084796
v -0.959697 0.436342 -0.078249
v -0.956092 0.434388 -0.083653
v -0.958653 0.436342 -0.077418
v -0.959697 0.436342 -0.078249
v -0.958653 0.436342 -0.077418
v -0.957810 0.436342 -0.076379
v -0.957204 0.436342 -0.075235
v -0.957810 0.436342 -0.076379
v -0.952453 0.434388 -0.080016
v -0.957204 0.436342 -0.075235
v -0.951240 0.434388 -0.077730
v -0.952453 0.434388 -0.080016
v -0.947500 0.431220 -0.083341
v -0.951240 0.434388 -0.077730
v -0.945714 0.431220 -0.080016
v -0.947500 0.431220 -0.083341
v -0.943154 0.426908 -0.086251
v -0.945714 0.431220 -0.080016
v -0.940896 0.426908 -0.081990
v -0.943154 0.426908 -0.086251
v -0.939582 0.421685 -0.088537
v -0.940896 0.426908 -0.081990
v -0.936920 0.421685 -0.083653
v -0.939582 0.421685 -0.088537
v -0.936920 0.415722 -0.090304
v -0.936920 0.421685 -0.083653
v -0.933989 0.415722 -0.084796
v -0.936920 0.415722 -0.090304
v -0.935303 0.409252 -0.091447
v -0.933989 0.415722 -0.084796
v -0.932170 0.409252 -0.085628
v -0.935303 0.409252 -0.091447
v -0.934730 0.402547 -0.091863
v -0.932170 0.409252 -0.085628
v -0.931563 0.402547 -0.085835
v -0.934730 0.402547 -0.091863
v -0.935303 0.395809 -0.091447
v -0.931563 0.402547 -0.085835
v -0.932170 0.395809 -0.085628
v -0.935303 0.395809 -0.091447
v -0.936920 0.389340 -0.090304
v -0.932170 0.395809 -0.085628
v -0.933989 0.389340 -0.084796
v -0.936920 0.389340 -0.090304
v -0.939582 0.383376 -0.088537
v -0.933989 0.389340 -0.084796
v -0.936920 0.383376 -0.083653
v -0.939582 0.383376 -0.088537
v -0.943154 0.378154 -0.086251
v -0.936920 0.383376 -0.083653
v -0.943154 0.378154 -0.086251
v -0.947500 0.373841 -0.083341
v -0.960843 0.436342 -0.078873
v -0.960843 0.436342 -0.078873
v -0.960843 0.434388 -0.085628
v -0.960843 0.434388 -0.085628
v -0.963437 0.431220 -0.091863
v -0.963437 0.431220 -0.091863
v -0.968188 0.426908 -0.096539
v -0.968188 0.426908 -0.096539
v -0.974388 0.421685 -0.099137
v -0.974388 0.421685 -0.099137
v -0.981126 0.415722 -0.099137
v -0.981126 0.415722 -0.099137
v -0.987326 0.409252 -0.096539
v -0.987326 0.409252 -0.096539
v -0.992110 0.402547 -0.091863
v -0.992110 0.402547 -0.091863
v -0.994671 0.395809 -0.085628
v -0.994671 0.395809 -0.085628
v -0.994671 0.389340 -0.078873
v -0.994671 0.389340 -0.078873
v -0.992110 0.383376 -0.072637
v -0.992110 0.383376 -0.072637
v -0.987326 0.378154 -0.067857
v -0.987326 0.378154 -0.067857
v -0.981126 0.373841 -0.065363
v -0.981126 0.373841 -0.065363
v -0.974388 0.370674 -0.065363
v -0.974388 0.370674 -0.065363
v -0.968188 0.368720 -0.067857
v -0.979340 0.373841 -0.062038
v -0.979340 0.373841 -0.062038
v -0.985944 0.378154 -0.063285
v -0.985944 0.378154 -0.063285
v -0.991537 0.383376 -0.067026
v -0.991537 0.383376 -0.067026
v -0.995277 0.389340 -0.072637
v -0.995277 0.389340 -0.072637
v -0.996591 0.395809 -0.079288
v -0.996591 0.395809 -0.079288
v -0.995277 0.402547 -0.085835
v -0.995277 0.402547 -0.085835
v -0.991537 0.409252 -0.091447
v -0.991537 0.409252 -0.091447
v -0.985944 0.415722 -0.095188
v -0.985944 0.415722 -0.095188
v -0.979340 0.421685 -0.096539
v -0.979340 0.421685 -0.096539
v -0.972736 0.426908 -0.095188
v -0.972736 0.426908 -0.095188
v -0.967143 0.431220 -0.091447
v -0.967143 0.431220 -0.091447
v -0.963437 0.434388 -0.085835
v -0.963437 0.434388 -0.085835
v -0.962123 0.436342 -0.079288
v -0.962123 0.436342 -0.079288
v -0.979340 0.373841 -0.062038
v -0.983687 0.378154 -0.059128
v -0.985944 0.378154 -0.063285
v -0.983687 0.378154 -0.059128
v -0.989920 0.383376 -0.061726
v -0.991537 0.383376 -0.067026
v -0.989920 0.383376 -0.061726
v -0.994671 0.389340 -0.066402
v -0.995277 0.389340 -0.072637
v -0.994671 0.389340 -0.066402
v -0.997232 0.395809 -0.072637
v -0.996591 0.395809 -0.079288
v -0.997232 0.395809 -0.072637
v -0.997232 0.402547 -0.079392
v -0.995277 0.402547 -0.085835
v -0.997232 0.402547 -0.079392
v -0.994671 0.409252 -0.085628
v -0.991537 0.409252 -0.091447
v -0.994671 0.409252 -0.085628
v -0.989920 0.415722 -0.090304
v -0.985944 0.415722 -0.095188
v -0.989920 0.415722 -0.090304
v -0.983687 0.421685 -0.092902
v -0.979340 0.421685 -0.096539
v -0.983687 0.421685 -0.092902
v -0.976982 0.426908 -0.092902
v -0.972736 0.426908 -0.095188
v -0.976982 0.426908 -0.092902
v -0.970749 0.431220 -0.090304
v -0.967143 0.431220 -0.091447
v -0.970749 0.431220 -0.090304
v -0.965998 0.434388 -0.085628
v -0.963437 0.434388 -0.085835
v -0.965998 0.434388 -0.085628
v -0.963437 0.436342 -0.079392
v -0.962123 0.436342 -0.079288
v -0.963437 0.436342 -0.079392
v -0.983687 0.378154 -0.059128
v -0.987258 0.383376 -0.056738
v -0.989920 0.383376 -0.061726
v -0.987258 0.383376 -0.056738
v -0.992851 0.389340 -0.060479
v -0.994671 0.389340 -0.066402
v -0.992851 0.389340 -0.060479
v -0.996591 0.395809 -0.066091
v -0.997232 0.395809 -0.072637
v -0.996591 0.395809 -0.066091
v -0.997905 0.402547 -0.072637
v -0.997232 0.402547 -0.079392
v -0.997905 0.402547 -0.072637
v -0.996591 0.409252 -0.079288
v -0.994671 0.409252 -0.085628
v -0.996591 0.409252 -0.079288
v -0.992851 0.415722 -0.084796
v -0.989920 0.415722 -0.090304
v -0.992851 0.415722 -0.084796
v -0.987258 0.421685 -0.088537
v -0.983687 0.421685 -0.092902
v -0.987258 0.421685 -0.088537
v -0.980654 0.426908 -0.089888
v -0.976982 0.426908 -0.092902
v -0.980654 0.426908 -0.089888
v -0.974051 0.431220 -0.088537
v -0.970749 0.431220 -0.090304
v -0.974051 0.431220 -0.088537
v -0.968457 0.434388 -0.084796
v -0.965998 0.434388 -0.085628
v -0.968457 0.434388 -0.084796
v -0.964717 0.436342 -0.079288
v -0.963437 0.436342 -0.079392
v -0.964717 0.436342 -0.079288
v -0.987258 0.383376 -0.056738
v -0.989920 0.389340 -0.054971
v -0.992851 0.389340 -0.060479
v -0.989920 0.389340 -0.054971
v -0.994671 0.395809 -0.059751
v -0.996591 0.395809 -0.066091
v -0.994671 0.395809 -0.059751
v -0.997232 0.402547 -0.065883
v -0.997905 0.402547 -0.072637
v -0.997232 0.402547 -0.065883
v -0.997232 0.409252 -0.072637
v -0.996591 0.409252 -0.079288
v -0.997232 0.409252 -0.072637
v -0.994671 0.415722 -0.078873
v -0.992851 0.415722 -0.084796
v -0.994671 0.415722 -0.078873
v -0.989920 0.421685 -0.083653
v -0.987258 0.421685 -0.088537
v -0.989920 0.421685 -0.083653
v -0.983687 0.426908 -0.086251
v -0.980654 0.426908 -0.089888
v -0.983687 0.426908 -0.086251
v -0.976982 0.431220 -0.086251
v -0.974051 0.431220 -0.088537
v -0.976982 0.431220 -0.086251
v -0.970749 0.434388 -0.083653
v -0.968457 0.434388 -0.084796
v -0.970749 0.434388 -0.083653
v -0.965998 0.436342 -0.078873
v -0.964717 0.436342 -0.079288
v -0.965998 0.436342 -0.078873
v -0.989920 0.389340 -0.054971
v -0.991537 0.395809 -0.053828
v -0.994671 0.395809 -0.059751
v -0.991537 0.395809 -0.053828
v -0.995277 0.402547 -0.059440
v -0.997232 0.402547 -0.065883
v -0.995277 0.402547 -0.059440
v -0.996591 0.409252 -0.066091
v -0.997232 0.409252 -0.072637
v -0.996591 0.409252 -0.066091
v -0.995277 0.415722 -0.072637
v -0.994671 0.415722 -0.078873
v -0.995277 0.415722 -0.072637
v -0.991537 0.421685 -0.078249
v -0.989920 0.421685 -0.083653
v -0.991537 0.421685 -0.078249
v -0.985944 0.426908 -0.081990
v -0.983687 0.426908 -0.086251
v -0.985944 0.426908 -0.081990
v -0.979340 0.431220 -0.083341
v -0.976982 0.431220 -0.086251
v -0.979340 0.431220 -0.083341
v -0.972736 0.434388 -0.081990
v -0.970749 0.434388 -0.083653
v -0.972736 0.434388 -0.081990
v -0.967143 0.436342 -0.078249
v -0.965998 0.436342 -0.078873
v -0.967143 0.436342 -0.078249
v -0.991537 0.395809 -0.053828
v -0.992110 0.402547 -0.053516
v -0.995277 0.402547 -0.059440
v -0.992110 0.402547 -0.053516
v -0.994671 0.409252 -0.059751
v -0.996591 0.409252 -0.066091
v -0.994671 0.409252 -0.059751
v -0.994671 0.415722 -0.066402
v -0.995277 0.415722 -0.072637
v -0.994671 0.415722 -0.066402
v -0.992110 0.421685 -0.072637
v -0.991537 0.421685 -0.078249
v -0.992110 0.421685 -0.072637
v -0.987326 0.426908 -0.077418
v -0.985944 0.426908 -0.081990
v -0.987326 0.426908 -0.077418
v -0.981126 0.431220 -0.080016
v -0.979340 0.431220 -0.083341
v -0.981126 0.431220 -0.080016
v -0.974388 0.434388 -0.080016
v -0.972736 0.434388 -0.081990
v -0.974388 0.434388 -0.080016
v -0.968188 0.436342 -0.077418
v -0.967143 0.436342 -0.078249
v -0.968188 0.436342 -0.077418
v -0.992110 0.402547 -0.053516
v -0.991537 0.409252 -0.053828
v -0.994671 0.409252 -0.059751
v -0.991537 0.409252 -0.053828
v -0.992851 0.415722 -0.060479
v -0.994671 0.415722 -0.066402
v -0.992851 0.415722 -0.060479
v -0.991537 0.421685 -0.067026
v -0.992110 0.421685 -0.072637
v -0.991537 0.421685 -0.067026
v -0.987797 0.426908 -0.072637
v -0.987326 0.426908 -0.077418
v -0.987797 0.426908 -0.072637
v -0.982204 0.431220 -0.076379
v -0.981126 0.431220 -0.080016
v -0.982204 0.431220 -0.076379
v -0.975600 0.434388 -0.077730
v -0.974388 0.434388 -0.080016
v -0.975600 0.434388 -0.077730
v -0.969030 0.436342 -0.076379
v -0.968188 0.436342 -0.077418
v -0.969030 0.436342 -0.076379
v -0.991537 0.409252 -0.053828
v -0.989920 0.415722 -0.054971
v -0.992851 0.415722 -0.060479
v -0.989920 0.415722 -0.054971
v -0.989920 0.421685 -0.061726
v -0.991537 0.421685 -0.067026
v -0.989920 0.421685 -0.061726
v -0.987326 0.426908 -0.067857
v -0.987797 0.426908 -0.072637
v -0.987326 0.426908 -0.067857
v -0.982575 0.431220 -0.072637
v -0.982204 0.431220 -0.076379
v -0.982575 0.431220 -0.072637
v -0.976375 0.434388 -0.075235
v -0.975600 0.434388 -0.077730
v -0.976375 0.434388 -0.075235
v -0.969637 0.436342 -0.075235
v -0.969030 0.436342 -0.076379
v -0.969637 0.436342 -0.075235
v -0.989920 0.415722 -0.054971
v -0.987258 0.421685 -0.056738
v -0.989920 0.421685 -0.061726
v -0.987258 0.421685 -0.056738
v -0.985944 0.426908 -0.063285
v -0.987326 0.426908 -0.067857
v -0.985944 0.426908 -0.063285
v -0.982204 0.431220 -0.068896
v -0.982575 0.431220 -0.072637
v -0.982204 0.431220 -0.068896
v -0.976611 0.434388 -0.072637
v -0.976375 0.434388 -0.075235
v -0.976611 0.434388 -0.072637
v -0.970007 0.436342 -0.073988
v -0.969637 0.436342 -0.075235
v -0.970007 0.436342 -0.073988
v -0.987258 0.421685 -0.056738
v -0.983687 0.426908 -0.059128
v -0.985944 0.426908 -0.063285
v -0.983687 0.426908 -0.059128
v -0.981126 0.431220 -0.065363
v -0.982204 0.431220 -0.068896
v -0.981126 0.431220 -0.065363
v -0.976375 0.434388 -0.070040
v -0.976611 0.434388 -0.072637
v -0.976375 0.434388 -0.070040
v -0.970142 0.436342 -0.072637
v -0.970007 0.436342 -0.073988
v -0.970142 0.436342 -0.072637
v -0.983687 0.426908 -0.059128
v -0.979340 0.431220 -0.062038
v -0.981126 0.431220 -0.065363
v -0.979340 0.431220 -0.062038
v -0.975600 0.434388 -0.067649
v -0.976375 0.434388 -0.070040
v -0.975600 0.434388 -0.067649
v -0.970007 0.436342 -0.071391
v -0.970142 0.436342 -0.072637
v -0.970007 0.436342 -0.071391
v -0.979340 0.431220 -0.062038
v -0.974388 0.434388 -0.065363
v -0.975600 0.434388 -0.067649
v -0.974388 0.434388 -0.065363
v -0.969637 0.436342 -0.070040
v -0.970007 0.436342 -0.071391
v -0.969637 0.436342 -0.070040
v -0.974388 0.434388 -0.065363
v -0.969030 0.436342 -0.068896
v -0.969637 0.436342 -0.070040
v -0.969030 0.436342 -0.068896
v -0.968188 0.436342 -0.067857
v -0.935303 0.383376 -0.078249
v -0.932170 0.389340 -0.078873
v -0.931563 0.389340 -0.072637
v -0.932170 0.389340 -0.078873
v -0.929609 0.395809 -0.072637
v -0.930249 0.395809 -0.066091
v -0.929609 0.395809 -0.072637
v -0.929609 0.402547 -0.065883
v -0.931563 0.402547 -0.059440
v -0.929609 0.402547 -0.065883
v -0.932170 0.409252 -0.059751
v -0.935303 0.409252 -0.053828
v -0.932170 0.409252 -0.059751
v -0.936920 0.415722 -0.054971
v -0.940896 0.415722 -0.050087
v -0.936920 0.415722 -0.054971
v -0.943154 0.421685 -0.052373
v -0.947500 0.421685 -0.048840
v -0.943154 0.421685 -0.052373
v -0.949858 0.426908 -0.052373
v -0.954104 0.426908 -0.050087
v -0.949858 0.426908 -0.052373
v -0.956092 0.431220 -0.054971
v -0.959697 0.431220 -0.053828
v -0.956092 0.431220 -0.054971
v -0.960843 0.434388 -0.059751
v -0.963437 0.434388 -0.059440
v -0.960843 0.434388 -0.059751
v -0.963437 0.436342 -0.065883
v -0.964717 0.436342 -0.066091
v -0.963437 0.436342 -0.065883
v -0.932170 0.389340 -0.078873
v -0.930249 0.395809 -0.079288
v -0.929609 0.395809 -0.072637
v -0.930249 0.395809 -0.079288
v -0.928935 0.402547 -0.072637
v -0.929609 0.402547 -0.065883
v -0.928935 0.402547 -0.072637
v -0.930249 0.409252 -0.066091
v -0.932170 0.409252 -0.059751
v -0.930249 0.409252 -0.066091
v -0.933989 0.415722 -0.060479
v -0.936920 0.415722 -0.054971
v -0.933989 0.415722 -0.060479
v -0.939582 0.421685 -0.056738
v -0.943154 0.421685 -0.052373
v -0.939582 0.421685 -0.056738
v -0.946186 0.426908 -0.055387
v -0.949858 0.426908 -0.052373
v -0.946186 0.426908 -0.055387
v -0.952790 0.431220 -0.056738
v -0.956092 0.431220 -0.054971
v -0.952790 0.431220 -0.056738
v -0.958383 0.434388 -0.060479
v -0.960843 0.434388 -0.059751
v -0.958383 0.434388 -0.060479
v -0.962123 0.436342 -0.066091
v -0.963437 0.436342 -0.065883
v -0.962123 0.436342 -0.066091
v -0.930249 0.395809 -0.079288
v -0.929609 0.402547 -0.079392
v -0.928935 0.402547 -0.072637
v -0.929609 0.402547 -0.079392
v -0.929609 0.409252 -0.072637
v -0.930249 0.409252 -0.066091
v -0.929609 0.409252 -0.072637
v -0.932170 0.415722 -0.066402
v -0.933989 0.415722 -0.060479
v -0.932170 0.415722 -0.066402
v -0.936920 0.421685 -0.061726
v -0.939582 0.421685 -0.056738
v -0.936920 0.421685 -0.061726
v -0.943154 0.426908 -0.059128
v -0.946186 0.426908 -0.055387
v -0.943154 0.426908 -0.059128
v -0.949858 0.431220 -0.059128
v -0.952790 0.431220 -0.056738
v -0.949858 0.431220 -0.059128
v -0.956092 0.434388 -0.061726
v -0.958383 0.434388 -0.060479
v -0.956092 0.434388 -0.061726
v -0.960843 0.436342 -0.066402
v -0.962123 0.436342 -0.066091
v -0.960843 0.436342 -0.066402
v -0.929609 0.402547 -0.079392
v -0.930249 0.409252 -0.079288
v -0.929609 0.409252 -0.072637
v -0.930249 0.409252 -0.079288
v -0.931563 0.415722 -0.072637
v -0.932170 0.415722 -0.066402
v -0.931563 0.415722 -0.072637
v -0.935303 0.421685 -0.067026
v -0.936920 0.421685 -0.061726
v -0.935303 0.421685 -0.067026
v -0.940896 0.426908 -0.063285
v -0.943154 0.426908 -0.059128
v -0.940896 0.426908 -0.063285
v -0.947500 0.431220 -0.062038
v -0.949858 0.431220 -0.059128
v -0.947500 0.431220 -0.062038
v -0.954104 0.434388 -0.063285
v -0.956092 0.434388 -0.061726
v -0.954104 0.434388 -0.063285
v -0.959697 0.436342 -0.067026
v -0.960843 0.436342 -0.066402
v -0.959697 0.436342 -0.067026
v -0.930249 0.409252 -0.079288
v -0.932170 0.415722 -0.078873
v -0.931563 0.415722 -0.072637
v -0.932170 0.415722 -0.078873
v -0.934730 0.421685 -0.072637
v -0.935303 0.421685 -0.067026
v -0.934730 0.421685 -0.072637
v -0.939515 0.426908 -0.067857
v -0.940896 0.426908 -0.063285
v -0.939515 0.426908 -0.067857
v -0.945714 0.431220 -0.065363
v -0.947500 0.431220 -0.062038
v -0.945714 0.431220 -0.065363
v -0.952453 0.434388 -0.065363
v -0.954104 0.434388 -0.063285
v -0.952453 0.434388 -0.065363
v -0.958653 0.436342 -0.067857
v -0.959697 0.436342 -0.067026
v -0.958653 0.436342 -0.067857
v -0.932170 0.415722 -0.078873
v -0.935303 0.421685 -0.078249
v -0.934730 0.421685 -0.072637
v -0.935303 0.421685 -0.078249
v -0.939043 0.426908 -0.072637
v -0.939515 0.426908 -0.067857
v -0.939043 0.426908 -0.072637
v -0.944636 0.431220 -0.068896
v -0.945714 0.431220 -0.065363
v -0.944636 0.431220 -0.068896
v -0.951240 0.434388 -0.067649
v -0.952453 0.434388 -0.065363
v -0.951240 0.434388 -0.067649
v -0.957810 0.436342 -0.068896
v -0.958653 0.436342 -0.067857
v -0.957810 0.436342 -0.068896
v -0.935303 0.421685 -0.078249
v -0.939515 0.426908 -0.077418
v -0.939043 0.426908 -0.072637
v -0.939515 0.426908 -0.077418
v -0.944266 0.431220 -0.072637
v -0.944636 0.431220 -0.068896
v -0.944266 0.431220 -0.072637
v -0.950465 0.434388 -0.070040
v -0.951240 0.434388 -0.067649
v -0.950465 0.434388 -0.070040
v -0.957204 0.436342 -0.070040
v -0.957810 0.436342 -0.068896
v -0.957204 0.436342 -0.070040
v -0.939515 0.426908 -0.077418
v -0.944636 0.431220 -0.076379
v -0.944266 0.431220 -0.072637
v -0.944636 0.431220 -0.076379
v -0.950229 0.434388 -0.072637
v -0.950465 0.434388 -0.070040
v -0.950229 0.434388 -0.072637
v -0.956833 0.436342 -0.071391
v -0.957204 0.436342 -0.070040
v -0.956833 0.436342 -0.071391
v -0.944636 0.431220 -0.076379
v -0.950465 0.434388 -0.075235
v -0.950229 0.434388 -0.072637
v -0.950465 0.434388 -0.075235
v -0.956698 0.436342 -0.072637
v -0.956833 0.436342 -0.071391
v -0.956698 0.436342 -0.072637
v -0.950465 0.434388 -0.075235
v -0.956833 0.436342 -0.073988
v -0.956698 0.436342 -0.072637
v -0.956833 0.436342 -0.073988
v -0.957204 0.436342 -0.075235
v -0.976375 0.370674 -0.070040
v -0.970007 0.368720 -0.071391
v -0.976611 0.370674 -0.072637
v -0.970007 0.368720 -0.071391
v -0.970142 0.368720 -0.072637
v -0.976611 0.370674 -0.072637
v -0.976375 0.370674 -0.075235
v -0.970142 0.368720 -0.072637
v -0.970007 0.368720 -0.073988
v -0.976375 0.370674 -0.075235
v -0.975600 0.370674 -0.077730
v -0.970007 0.368720 -0.073988
v -0.969637 0.368720 -0.075235
v -0.975600 0.370674 -0.077730
v -0.974388 0.370674 -0.080016
v -0.969637 0.368720 -0.075235
v -0.969030 0.368720 -0.076379
v -0.974388 0.370674 -0.080016
v -0.972736 0.370674 -0.081990
v -0.969030 0.368720 -0.076379
v -0.968188 0.368720 -0.077418
v -0.972736 0.370674 -0.081990
v -0.970749 0.370674 -0.083653
v -0.968188 0.368720 -0.077418
v -0.967143 0.368720 -0.078249
v -0.970749 0.370674 -0.083653
v -0.968457 0.370674 -0.084796
v -0.967143 0.368720 -0.078249
v -0.965998 0.368720 -0.078873
v -0.968457 0.370674 -0.084796
v -0.965998 0.370674 -0.085628
v -0.965998 0.368720 -0.078873
v -0.964717 0.368720 -0.079288
v -0.965998 0.370674 -0.085628
v -0.963437 0.370674 -0.085835
v -0.964717 0.368720 -0.079288
v -0.963437 0.368720 -0.079392
v -0.963437 0.370674 -0.085835
v -0.960843 0.370674 -0.085628
v -0.963437 0.368720 -0.079392
v -0.982575 0.373841 -0.072637
v -0.976611 0.370674 -0.072637
v -0.982204 0.373841 -0.076379
v -0.976375 0.370674 -0.075235
v -0.982204 0.373841 -0.076379
v -0.981126 0.373841 -0.080016
v -0.975600 0.370674 -0.077730
v -0.981126 0.373841 -0.080016
v -0.979340 0.373841 -0.083341
v -0.974388 0.370674 -0.080016
v -0.979340 0.373841 -0.083341
v -0.976982 0.373841 -0.086251
v -0.972736 0.370674 -0.081990
v -0.976982 0.373841 -0.086251
v -0.974051 0.373841 -0.088537
v -0.970749 0.370674 -0.083653
v -0.974051 0.373841 -0.088537
v -0.970749 0.373841 -0.090304
v -0.968457 0.370674 -0.084796
v -0.970749 0.373841 -0.090304
v -0.967143 0.373841 -0.091447
v -0.965998 0.370674 -0.085628
v -0.967143 0.373841 -0.091447
v -0.963437 0.373841 -0.091863
v -0.963437 0.370674 -0.085835
v -0.963437 0.373841 -0.091863
v -0.959697 0.373841 -0.091447
v -0.987326 0.378154 -0.077418
v -0.982204 0.373841 -0.076379
v -0.985944 0.378154 -0.081990
v -0.981126 0.373841 -0.080016
v -0.985944 0.378154 -0.081990
v -0.983687 0.378154 -0.086251
v -0.979340 0.373841 -0.083341
v -0.983687 0.378154 -0.086251
v -0.980654 0.378154 -0.089888
v -0.976982 0.373841 -0.086251
v -0.980654 0.378154 -0.089888
v -0.976982 0.378154 -0.092902
v -0.974051 0.373841 -0.088537
v -0.976982 0.378154 -0.092902
v -0.972736 0.378154 -0.095188
v -0.970749 0.373841 -0.090304
v -0.972736 0.378154 -0.095188
v -0.968188 0.378154 -0.096539
v -0.967143 0.373841 -0.091447
v -0.968188 0.378154 -0.096539
v -0.963437 0.378154 -0.097059
v -0.963437 0.373841 -0.091863
v -0.963437 0.378154 -0.097059
v -0.958653 0.378154 -0.096539
v -0.989920 0.383376 -0.083653
v -0.985944 0.378154 -0.081990
v -0.987258 0.383376 -0.088537
v -0.983687 0.378154 -0.086251
v -0.987258 0.383376 -0.088537
v -0.983687 0.383376 -0.092902
v -0.980654 0.378154 -0.089888
v -0.983687 0.383376 -0.092902
v -0.979340 0.383376 -0.096539
v -0.976982 0.378154 -0.092902
v -0.979340 0.383376 -0.096539
v -0.974388 0.383376 -0.099137
v -0.972736 0.378154 -0.095188
v -0.974388 0.383376 -0.099137
v -0.969030 0.383376 -0.100800
v -0.968188 0.378154 -0.096539
v -0.969030 0.383376 -0.100800
v -0.963437 0.383376 -0.101319
v -0.963437 0.378154 -0.097059
v -0.963437 0.383376 -0.101319
v -0.957810 0.383376 -0.100800
v -0.989920 0.389340 -0.090304
v -0.987258 0.383376 -0.088537
v -0.985944 0.389340 -0.095188
v -0.983687 0.383376 -0.092902
v -0.985944 0.389340 -0.095188
v -0.981126 0.389340 -0.099137
v -0.979340 0.383376 -0.096539
v -0.981126 0.389340 -0.099137
v -0.975600 0.389340 -0.102047
v -0.974388 0.383376 -0.099137
v -0.975600 0.389340 -0.102047
v -0.969637 0.389340 -0.103917
v -0.969030 0.383376 -0.100800
v -0.969637 0.389340 -0.103917
v -0.963437 0.389340 -0.104541
v -0.963437 0.383376 -0.101319
v -0.963437 0.389340 -0.104541
v -0.957204 0.389340 -0.103917
v -0.987326 0.395809 -0.096539
v -0.985944 0.389340 -0.095188
v -0.982204 0.395809 -0.100800
v -0.981126 0.389340 -0.099137
v -0.982204 0.395809 -0.100800
v -0.976375 0.395809 -0.103917
v -0.975600 0.389340 -0.102047
v -0.976375 0.395809 -0.103917
v -0.970007 0.395809 -0.105788
v -0.969637 0.389340 -0.103917
v -0.970007 0.395809 -0.105788
v -0.963437 0.395809 -0.106515
v -0.963437 0.389340 -0.104541
v -0.963437 0.395809 -0.106515
v -0.956833 0.395809 -0.105788
v -0.982575 0.402547 -0.101319
v -0.982204 0.395809 -0.100800
v -0.976611 0.402547 -0.104541
v -0.976375 0.395809 -0.103917
v -0.976611 0.402547 -0.104541
v -0.970142 0.402547 -0.106515
v -0.970007 0.395809 -0.105788
v -0.970142 0.402547 -0.106515
v -0.963437 0.402547 -0.107139
v -0.963437 0.395809 -0.106515
v -0.963437 0.402547 -0.107139
v -0.956698 0.402547 -0.106515
v -0.976375 0.409252 -0.103917
v -0.976611 0.402547 -0.104541
v -0.970007 0.409252 -0.105788
v -0.970142 0.402547 -0.106515
v -0.970007 0.409252 -0.105788
v -0.963437 0.409252 -0.106515
v -0.963437 0.402547 -0.107139
v -0.963437 0.409252 -0.106515
v -0.956833 0.409252 -0.105788
v -0.969637 0.415722 -0.103917
v -0.970007 0.409252 -0.105788
v -0.963437 0.415722 -0.104541
v -0.963437 0.409252 -0.106515
v -0.963437 0.415722 -0.104541
v -0.957204 0.415722 -0.103917
v -0.963437 0.421685 -0.101319
v -0.963437 0.415722 -0.104541
v -0.957810 0.421685 -0.100800
v -0.957204 0.415722 -0.103917
v -0.957810 0.421685 -0.100800
v -0.952453 0.421685 -0.099137
v -0.951240 0.415722 -0.102047
v -0.952453 0.421685 -0.099137
v -0.947500 0.421685 -0.096539
v -0.945714 0.415722 -0.099137
v -0.947500 0.421685 -0.096539
v -0.943154 0.421685 -0.092902
v -0.945714 0.415722 -0.099137
v -0.940896 0.415722 -0.095188
v -0.943154 0.421685 -0.092902
v -0.939582 0.421685 -0.088537
v -0.940896 0.415722 -0.095188
v -0.945714 0.415722 -0.099137
v -0.950465 0.409252 -0.103917
v -0.944636 0.409252 -0.100800
v -0.950229 0.402547 -0.104541
v -0.944636 0.409252 -0.100800
v -0.944266 0.402547 -0.101319
v -0.950465 0.395809 -0.103917
v -0.944266 0.402547 -0.101319
v -0.944636 0.395809 -0.100800
v -0.951240 0.389340 -0.102047
v -0.944636 0.395809 -0.100800
v -0.945714 0.389340 -0.099137
v -0.952453 0.383376 -0.099137
v -0.945714 0.389340 -0.099137
v -0.947500 0.383376 -0.096539
v -0.954104 0.378154 -0.095188
v -0.947500 0.383376 -0.096539
v -0.949858 0.378154 -0.092902
v -0.956092 0.373841 -0.090304
v -0.949858 0.378154 -0.092902
v -0.952790 0.373841 -0.088537
v -0.958383 0.370674 -0.084796
v -0.952790 0.373841 -0.088537
v -0.956092 0.370674 -0.083653
v -0.960843 0.368720 -0.078873
v -0.956092 0.370674 -0.083653
v -0.940896 0.415722 -0.095188
v -0.944636 0.409252 -0.100800
v -0.939515 0.409252 -0.096539
v -0.944266 0.402547 -0.101319
v -0.939515 0.409252 -0.096539
v -0.939043 0.402547 -0.097059
v -0.944636 0.395809 -0.100800
v -0.939043 0.402547 -0.097059
v -0.939515 0.395809 -0.096539
v -0.945714 0.389340 -0.099137
v -0.939515 0.395809 -0.096539
v -0.940896 0.389340 -0.095188
v -0.947500 0.383376 -0.096539
v -0.940896 0.389340 -0.095188
v -0.943154 0.383376 -0.092902
v -0.949858 0.378154 -0.092902
v -0.943154 0.383376 -0.092902
v -0.946186 0.378154 -0.089888
v -0.952790 0.373841 -0.088537
v -0.946186 0.378154 -0.089888
v -0.949858 0.373841 -0.086251
v -0.956092 0.370674 -0.083653
v -0.949858 0.373841 -0.086251
v -0.959697 0.368720 -0.078249
v -0.936920 0.415722 -0.090304
v -0.939515 0.409252 -0.096539
v -0.935303 0.409252 -0.091447
v -0.939043 0.402547 -0.097059
v -0.934730 0.402547 -0.091863
v -0.939515 0.395809 -0.096539
v -0.935303 0.395809 -0.091447
v -0.940896 0.389340 -0.095188
v -0.936920 0.389340 -0.090304
v -0.943154 0.383376 -0.092902
v -0.939582 0.383376 -0.088537
v -0.946186 0.378154 -0.089888
v -0.943154 0.378154 -0.086251
v -0.949858 0.373841 -0.086251
v -0.954104 0.370674 -0.081990
v -0.970007 0.368720 -0.071391
v -0.970142 0.368720 -0.072637
v -0.969637 0.368720 -0.075235
v -0.969030 0.368720 -0.076379
v -0.967143 0.368720 -0.078249
v -0.965998 0.368720 -0.078873
v -0.963437 0.368720 -0.079392
v -0.962123 0.368720 -0.079288
v -0.946186 0.426908 -0.089888
v -0.946186 0.426908 -0.089888
v -0.949858 0.431220 -0.086251
v -0.949858 0.431220 -0.086251
v -0.954104 0.434388 -0.081990
v -0.954104 0.434388 -0.081990
v -0.958653 0.436342 -0.077418
v -0.952790 0.431220 -0.088537
v -0.952790 0.431220 -0.088537
v -0.954104 0.426908 -0.095188
v -0.954104 0.426908 -0.095188
v -0.952453 0.421685 -0.099137
v -0.949858 0.426908 -0.092902
v -0.947500 0.421685 -0.096539
v -0.949858 0.426908 -0.092902
v -0.943154 0.421685 -0.092902
v -0.949858 0.431220 -0.086251
v -0.954104 0.434388 -0.081990
v -0.939043 0.378154 -0.072637
v -0.939043 0.378154 -0.072637
v -0.944636 0.373841 -0.076379
v -0.944636 0.373841 -0.076379
v -0.951240 0.370674 -0.077730
v -0.951240 0.370674 -0.077730
v -0.957810 0.368720 -0.076379
v -0.957810 0.368720 -0.076379
v -0.963437 0.368046 -0.072637
v -0.934730 0.383376 -0.072637
v -0.935303 0.383376 -0.067026
v -0.932170 0.389340 -0.066402
v -0.935303 0.383376 -0.067026
v -0.933989 0.389340 -0.060479
v -0.932170 0.395809 -0.059751
v -0.933989 0.389340 -0.060479
v -0.935303 0.395809 -0.053828
v -0.934730 0.402547 -0.053516
v -0.935303 0.395809 -0.053828
v -0.939043 0.402547 -0.048320
v -0.939515 0.409252 -0.048736
v -0.939043 0.402547 -0.048320
v -0.944636 0.409252 -0.044579
v -0.945714 0.415722 -0.046138
v -0.944636 0.409252 -0.044579
v -0.951240 0.415722 -0.043228
v -0.952453 0.421685 -0.046138
v -0.951240 0.415722 -0.043228
v -0.957810 0.421685 -0.044579
v -0.958653 0.426908 -0.048736
v -0.957810 0.421685 -0.044579
v -0.963437 0.426908 -0.048320
v -0.963437 0.431220 -0.053516
v -0.963437 0.426908 -0.048320
v -0.967143 0.431220 -0.053828
v -0.965998 0.434388 -0.059751
v -0.967143 0.431220 -0.053828
v -0.968457 0.434388 -0.060479
v -0.965998 0.436342 -0.066402
v -0.968457 0.434388 -0.060479
v -0.970749 0.434388 -0.061726
v -0.970749 0.431220 -0.054971
v -0.970749 0.431220 -0.054971
v -0.968188 0.426908 -0.048736
v -0.968188 0.426908 -0.048736
v -0.963437 0.421685 -0.043956
v -0.963437 0.421685 -0.043956
v -0.957204 0.415722 -0.041358
v -0.957204 0.415722 -0.041358
v -0.950465 0.409252 -0.041358
v -0.950465 0.409252 -0.041358
v -0.944266 0.402547 -0.043956
v -0.944266 0.402547 -0.043956
v -0.939515 0.395809 -0.048736
v -0.939515 0.395809 -0.048736
v -0.936920 0.389340 -0.054971
v -0.936920 0.389340 -0.054971
v -0.936920 0.383376 -0.061726
v -0.936920 0.383376 -0.061726
v -0.939515 0.378154 -0.067857
v -0.939043 0.378154 -0.072637
v -0.939515 0.378154 -0.067857
v -0.944266 0.373841 -0.072637
v -0.944636 0.373841 -0.076379
v -0.944266 0.373841 -0.072637
v -0.950465 0.370674 -0.075235
v -0.951240 0.370674 -0.077730
v -0.950465 0.370674 -0.075235
v -0.957204 0.368720 -0.075235
v -0.957810 0.368720 -0.076379
v -0.957204 0.368720 -0.075235
v -0.974051 0.431220 -0.056738
v -0.970749 0.431220 -0.054971
v -0.972736 0.426908 -0.050087
v -0.968188 0.426908 -0.048736
v -0.972736 0.426908 -0.050087
v -0.969030 0.421685 -0.044579
v -0.963437 0.421685 -0.043956
v -0.969030 0.421685 -0.044579
v -0.963437 0.415722 -0.040838
v -0.957204 0.415722 -0.041358
v -0.963437 0.415722 -0.040838
v -0.956833 0.409252 -0.039487
v -0.950465 0.409252 -0.041358
v -0.956833 0.409252 -0.039487
v -0.950229 0.402547 -0.040838
v -0.944266 0.402547 -0.043956
v -0.950229 0.402547 -0.040838
v -0.944636 0.395809 -0.044579
v -0.939515 0.395809 -0.048736
v -0.944636 0.395809 -0.044579
v -0.940896 0.389340 -0.050087
v -0.936920 0.389340 -0.054971
v -0.940896 0.389340 -0.050087
v -0.939582 0.383376 -0.056738
v -0.936920 0.383376 -0.061726
v -0.939582 0.383376 -0.056738
v -0.940896 0.378154 -0.063285
v -0.939515 0.378154 -0.067857
v -0.940896 0.378154 -0.063285
v -0.944636 0.373841 -0.068896
v -0.944266 0.373841 -0.072637
v -0.944636 0.373841 -0.068896
v -0.950229 0.370674 -0.072637
v -0.950465 0.370674 -0.075235
v -0.950229 0.370674 -0.072637
v -0.956833 0.368720 -0.073988
v -0.957204 0.368720 -0.075235
v -0.956833 0.368720 -0.073988
v -0.976982 0.426908 -0.052373
v -0.972736 0.426908 -0.050087
v -0.974388 0.421685 -0.046138
v -0.969030 0.421685 -0.044579
v -0.974388 0.421685 -0.046138
v -0.969637 0.415722 -0.041358
v -0.963437 0.415722 -0.040838
v -0.969637 0.415722 -0.041358
v -0.963437 0.409252 -0.038863
v -0.956833 0.409252 -0.039487
v -0.963437 0.409252 -0.038863
v -0.956698 0.402547 -0.038863
v -0.950229 0.402547 -0.040838
v -0.956698 0.402547 -0.038863
v -0.950465 0.395809 -0.041358
v -0.944636 0.395809 -0.044579
v -0.950465 0.395809 -0.041358
v -0.945714 0.389340 -0.046138
v -0.940896 0.389340 -0.050087
v -0.945714 0.389340 -0.046138
v -0.943154 0.383376 -0.052373
v -0.939582 0.383376 -0.056738
v -0.943154 0.383376 -0.052373
v -0.943154 0.378154 -0.059128
v -0.940896 0.378154 -0.063285
v -0.943154 0.378154 -0.059128
v -0.945714 0.373841 -0.065363
v -0.944636 0.373841 -0.068896
v -0.945714 0.373841 -0.065363
v -0.950465 0.370674 -0.070040
v -0.950229 0.370674 -0.072637
v -0.950465 0.370674 -0.070040
v -0.956698 0.368720 -0.072637
v -0.956833 0.368720 -0.073988
v -0.956698 0.368720 -0.072637
v -0.979340 0.421685 -0.048840
v -0.974388 0.421685 -0.046138
v -0.975600 0.415722 -0.043228
v -0.969637 0.415722 -0.041358
v -0.975600 0.415722 -0.043228
v -0.970007 0.409252 -0.039487
v -0.963437 0.409252 -0.038863
v -0.970007 0.409252 -0.039487
v -0.963437 0.402547 -0.038136
v -0.956698 0.402547 -0.038863
v -0.963437 0.402547 -0.038136
v -0.956833 0.395809 -0.039487
v -0.950465 0.395809 -0.041358
v -0.956833 0.395809 -0.039487
v -0.951240 0.389340 -0.043228
v -0.945714 0.389340 -0.046138
v -0.951240 0.389340 -0.043228
v -0.947500 0.383376 -0.048840
v -0.943154 0.383376 -0.052373
v -0.947500 0.383376 -0.048840
v -0.946186 0.378154 -0.055387
v -0.943154 0.378154 -0.059128
v -0.946186 0.378154 -0.055387
v -0.947500 0.373841 -0.062038
v -0.945714 0.373841 -0.065363
v -0.947500 0.373841 -0.062038
v -0.951240 0.370674 -0.067649
v -0.950465 0.370674 -0.070040
v -0.951240 0.370674 -0.067649
v -0.956833 0.368720 -0.071391
v -0.956698 0.368720 -0.072637
v -0.956833 0.368720 -0.071391
v -0.981126 0.415722 -0.046138
v -0.975600 0.415722 -0.043228
v -0.976375 0.409252 -0.041358
v -0.970007 0.409252 -0.039487
v -0.976375 0.409252 -0.041358
v -0.970142 0.402547 -0.038863
v -0.963437 0.402547 -0.038136
v -0.970142 0.402547 -0.038863
v -0.963437 0.395809 -0.038863
v -0.956833 0.395809 -0.039487
v -0.963437 0.395809 -0.038863
v -0.957204 0.389340 -0.041358
v -0.951240 0.389340 -0.043228
v -0.957204 0.389340 -0.041358
v -0.952453 0.383376 -0.046138
v -0.947500 0.383376 -0.048840
v -0.952453 0.383376 -0.046138
v -0.949858 0.378154 -0.052373
v -0.946186 0.378154 -0.055387
v -0.949858 0.378154 -0.052373
v -0.949858 0.373841 -0.059128
v -0.947500 0.373841 -0.062038
v -0.949858 0.373841 -0.059128
v -0.952453 0.370674 -0.065363
v -0.951240 0.370674 -0.067649
v -0.952453 0.370674 -0.065363
v -0.957204 0.368720 -0.070040
v -0.956833 0.368720 -0.071391
v -0.957204 0.368720 -0.070040
v -0.982204 0.409252 -0.044579
v -0.976375 0.409252 -0.041358
v -0.976611 0.402547 -0.040838
v -0.970142 0.402547 -0.038863
v -0.976611 0.402547 -0.040838
v -0.970007 0.395809 -0.039487
v -0.963437 0.395809 -0.038863
v -0.970007 0.395809 -0.039487
v -0.963437 0.389340 -0.040838
v -0.957204 0.389340 -0.041358
v -0.963437 0.389340 -0.040838
v -0.957810 0.383376 -0.044579
v -0.952453 0.383376 -0.046138
v -0.957810 0.383376 -0.044579
v -0.954104 0.378154 -0.050087
v -0.949858 0.378154 -0.052373
v -0.954104 0.378154 -0.050087
v -0.952790 0.373841 -0.056738
v -0.949858 0.373841 -0.059128
v -0.952790 0.373841 -0.056738
v -0.954104 0.370674 -0.063285
v -0.952453 0.370674 -0.065363
v -0.954104 0.370674 -0.063285
v -0.957810 0.368720 -0.068896
v -0.957204 0.368720 -0.070040
v -0.957810 0.368720 -0.068896
v -0.982575 0.402547 -0.043956
v -0.976611 0.402547 -0.040838
v -0.976375 0.395809 -0.041358
v -0.970007 0.395809 -0.039487
v -0.976375 0.395809 -0.041358
v -0.969637 0.389340 -0.041358
v -0.963437 0.389340 -0.040838
v -0.969637 0.389340 -0.041358
v -0.963437 0.383376 -0.043956
v -0.957810 0.383376 -0.044579
v -0.963437 0.383376 -0.043956
v -0.958653 0.378154 -0.048736
v -0.954104 0.378154 -0.050087
v -0.958653 0.378154 -0.048736
v -0.956092 0.373841 -0.054971
v -0.952790 0.373841 -0.056738
v -0.956092 0.373841 -0.054971
v -0.956092 0.370674 -0.061726
v -0.954104 0.370674 -0.063285
v -0.956092 0.370674 -0.061726
v -0.958653 0.368720 -0.067857
v -0.957810 0.368720 -0.068896
v -0.958653 0.368720 -0.067857
v -0.982204 0.395809 -0.044579
v -0.976375 0.395809 -0.041358
v -0.975600 0.389340 -0.043228
v -0.969637 0.389340 -0.041358
v -0.975600 0.389340 -0.043228
v -0.969030 0.383376 -0.044579
v -0.963437 0.383376 -0.043956
v -0.969030 0.383376 -0.044579
v -0.963437 0.378154 -0.048320
v -0.958653 0.378154 -0.048736
v -0.963437 0.378154 -0.048320
v -0.959697 0.373841 -0.053828
v -0.956092 0.373841 -0.054971
v -0.959697 0.373841 -0.053828
v -0.958383 0.370674 -0.060479
v -0.956092 0.370674 -0.061726
v -0.958383 0.370674 -0.060479
v -0.959697 0.368720 -0.067026
v -0.958653 0.368720 -0.067857
v -0.959697 0.368720 -0.067026
v -0.981126 0.389340 -0.046138
v -0.975600 0.389340 -0.043228
v -0.974388 0.383376 -0.046138
v -0.969030 0.383376 -0.044579
v -0.974388 0.383376 -0.046138
v -0.968188 0.378154 -0.048736
v -0.963437 0.378154 -0.048320
v -0.968188 0.378154 -0.048736
v -0.963437 0.373841 -0.053516
v -0.959697 0.373841 -0.053828
v -0.963437 0.373841 -0.053516
v -0.960843 0.370674 -0.059751
v -0.958383 0.370674 -0.060479
v -0.960843 0.370674 -0.059751
v -0.960843 0.368720 -0.066402
v -0.959697 0.368720 -0.067026
v -0.960843 0.368720 -0.066402
v -0.979340 0.383376 -0.048840
v -0.974388 0.383376 -0.046138
v -0.972736 0.378154 -0.050087
v -0.968188 0.378154 -0.048736
v -0.972736 0.378154 -0.050087
v -0.967143 0.373841 -0.053828
v -0.963437 0.373841 -0.053516
v -0.967143 0.373841 -0.053828
v -0.963437 0.370674 -0.059440
v -0.960843 0.370674 -0.059751
v -0.963437 0.370674 -0.059440
v -0.962123 0.368720 -0.066091
v -0.960843 0.368720 -0.066402
v -0.962123 0.368720 -0.066091
v -0.976982 0.378154 -0.052373
v -0.972736 0.378154 -0.050087
v -0.970749 0.373841 -0.054971
v -0.967143 0.373841 -0.053828
v -0.970749 0.373841 -0.054971
v -0.965998 0.370674 -0.059751
v -0.963437 0.370674 -0.059440
v -0.965998 0.370674 -0.059751
v -0.963437 0.368720 -0.065883
v -0.962123 0.368720 -0.066091
v -0.963437 0.368720 -0.065883
v -0.974051 0.373841 -0.056738
v -0.970749 0.373841 -0.054971
v -0.968457 0.370674 -0.060479
v -0.965998 0.370674 -0.059751
v -0.968457 0.370674 -0.060479
v -0.964717 0.368720 -0.066091
v -0.963437 0.368720 -0.065883
v -0.964717 0.368720 -0.066091
v -0.970749 0.370674 -0.061726
v -0.968457 0.370674 -0.060479
v -0.965998 0.368720 -0.066402
v -0.964717 0.368720 -0.066091
v -0.965998 0.368720 -0.066402
v -0.949858 0.426908 -0.092902
v -0.553859 -0.426653 -0.647899
v -0.541646 -0.433149 -0.657903
v -0.542868 -0.447997 -0.649900
v -0.528212 -0.437789 -0.662571
v -0.505007 -0.452637 -0.651234
v -0.505007 -0.438253 -0.659236
v -0.483024 -0.435005 -0.670574
v -0.458598 -0.454029 -0.652568
v -0.467147 -0.433613 -0.671908
v -0.420738 -0.461453 -0.650567
v -0.429287 -0.433149 -0.669240
v -0.414631 -0.432685 -0.667906
v -0.420738 -0.428045 -0.680578
v -0.413410 -0.429901 -0.677910
v -0.392648 -0.431757 -0.653901
v -0.374328 -0.456349 -0.641230
v -0.382877 -0.440573 -0.653901
v -0.376771 -0.440573 -0.673908
v -0.373107 -0.441965 -0.671241
v -0.991084 -0.031784 0.003668
v -1.002076 -0.003480 -0.000334
v -0.980093 -0.022040 -0.060355
v -0.993527 0.005800 -0.060355
v -0.953224 0.000232 -0.113707
v -0.967880 0.027608 -0.109706
v -0.916585 0.029928 -0.152388
v -0.936126 0.055913 -0.145719
v -0.878725 0.060089 -0.180398
v -0.900708 0.085609 -0.171061
v -0.839643 0.091641 -0.198404
v -0.865291 0.115769 -0.188401
v -0.798119 0.123658 -0.207741
v -0.828652 0.146858 -0.196404
v -0.756595 0.157066 -0.207741
v -0.790791 0.178874 -0.195070
v -0.712628 0.191866 -0.198404
v -0.752931 0.210891 -0.183732
v -0.664998 0.228059 -0.179064
v -0.711407 0.245691 -0.166393
v -0.623473 0.260539 -0.139050
v -0.669883 0.280027 -0.133715
v -0.601490 0.277243 -0.079028
v -0.644235 0.299980 -0.079028
v -0.595383 0.280491 -0.013672
v -0.635686 0.306012 -0.016339
v -1.010625 0.025752 0.004335
v -1.000855 0.035496 -0.054353
v -0.977650 0.057769 -0.102370
v -0.944675 0.087465 -0.136382
v -0.910479 0.118554 -0.156389
v -0.877504 0.148250 -0.172395
v -0.844528 0.178410 -0.180398
v -0.807890 0.210891 -0.185066
v -0.770029 0.244763 -0.177730
v -0.730948 0.280027 -0.159724
v -0.694309 0.311116 -0.124378
v -0.671104 0.331068 -0.071692
v -0.662555 0.337564 -0.011004
v -1.024060 0.042457 0.000334
v -1.014289 0.052665 -0.054353
v -0.992306 0.075401 -0.099035
v -0.964216 0.103705 -0.130380
v -0.933683 0.132938 -0.152388
v -0.904372 0.162170 -0.167727
v -0.872619 0.192330 -0.177730
v -0.839643 0.224347 -0.180398
v -0.804226 0.258683 -0.175063
v -0.767587 0.293484 -0.157056
v -0.730948 0.327820 -0.125045
v -0.705301 0.351948 -0.075027
v -0.695530 0.359836 -0.014338
v -1.032609 0.060553 0.001000
v -1.022838 0.071689 -0.053686
v -0.998412 0.099065 -0.095701
v -0.967880 0.132938 -0.120377
v -0.942232 0.161242 -0.140384
v -0.916585 0.189082 -0.157056
v -0.889717 0.219243 -0.166393
v -0.859184 0.251259 -0.170394
v -0.829873 0.283740 -0.161058
v -0.798119 0.316220 -0.142384
v -0.767587 0.349164 -0.113707
v -0.746824 0.370508 -0.067691
v -0.737054 0.378396 -0.013005
v -1.043600 0.075865 0.003668
v -1.036273 0.086073 -0.053019
v -1.011847 0.116234 -0.095701
v -0.981314 0.151034 -0.122377
v -0.954446 0.182122 -0.142384
v -0.928798 0.212747 -0.154389
v -0.901930 0.243371 -0.159057
v -0.873840 0.274923 -0.159724
v -0.845750 0.306940 -0.152388
v -0.816439 0.340812 -0.135715
v -0.787127 0.372365 -0.107038
v -1.053371 0.085609 0.002334
v -1.043600 0.099993 -0.052352
v -1.014289 0.136650 -0.096368
v -0.994749 0.166346 -0.119043
v -0.967880 0.203467 -0.144385
v -0.948339 0.228987 -0.151054
v -0.925134 0.260539 -0.154389
v -0.900708 0.292091 -0.153722
v -0.875061 0.325500 -0.147053
v -0.845750 0.363084 -0.136382
v -0.818881 0.397885 -0.108372
v -1.065584 0.091641 0.002334
v -1.055813 0.106489 -0.053019
v -1.019175 0.149178 -0.099703
v -0.998412 0.177482 -0.117709
v -0.976429 0.220635 -0.139050
v -0.960552 0.241051 -0.143051
v -0.938569 0.273531 -0.149053
v -0.923913 0.303228 -0.150387
v -0.899487 0.334780 -0.146386
v -0.877504 0.375149 -0.140384
v -0.848192 0.416445 -0.112374
v -1.022838 0.161242 -0.100369
v -1.002076 0.189546 -0.117709
v -0.987421 0.231771 -0.131714
v -0.972765 0.266571 -0.131714
v -0.973986 0.303228 -0.131047
v -0.971544 0.334316 -0.129046
v -0.969101 0.363084 -0.121710
v -1.000855 0.363084 -0.109706
v -0.995970 0.392781 -0.099035
v -1.024060 0.174698 -0.099703
v -1.008183 0.197898 -0.115041
v -1.003298 0.241979 -0.125045
v -1.008183 0.290236 -0.128379
v -1.027724 0.328748 -0.123044
v -1.004519 0.344524 -0.117709
v -1.038715 0.177946 -0.091699
v -1.016732 0.208571 -0.107705
v -1.015510 0.244763 -0.115708
v -1.030166 0.293484 -0.119710
v -1.054592 0.319932 -0.113707
v -1.061920 0.160314 -0.069025
v -1.038715 0.189546 -0.072359
v -1.017953 0.214139 -0.083697
v -1.016732 0.245227 -0.085697
v -1.031387 0.280027 -0.087031
v -1.003298 0.250795 -0.066357
v -1.021617 0.274923 -0.063023
v -1.060699 0.141754 -0.073026
v -1.053371 0.132010 -0.077027
v -1.065584 0.115769 -0.051685
v -1.074133 0.100457 0.001667
v -1.077797 0.132474 -0.046350
v -1.086346 0.120409 0.000334
v -1.077797 0.146394 -0.042349
v -1.076575 0.160314 -0.037013
v -1.066805 0.169130 -0.049684
v -1.057035 0.176090 -0.047017
v -1.069248 0.185834 -0.039014
v -1.063141 0.181194 -0.041015
v -1.064363 0.180730 -0.032345
v -1.060699 0.171450 -0.025676
v -1.072912 0.184906 -0.031011
v -1.072912 0.164026 -0.019007
v -1.075354 0.182122 -0.034346
v -1.074133 0.183050 -0.037680
v -1.074133 0.186762 -0.035680
v -1.079018 0.156138 -0.000334
v -1.064363 0.161242 -0.000334
v -1.048486 0.165418 0.000334
v -1.058256 0.177018 -0.039681
v -1.044822 0.168666 -0.023008
v -1.044822 0.170522 -0.031678
v -1.039936 0.174234 -0.045016
v -0.595383 0.280491 -0.013672
v -0.635686 0.306012 -0.016339
v -0.596605 0.278635 0.052352
v -0.638129 0.303228 0.047684
v -0.610039 0.267035 0.117709
v -0.652784 0.289307 0.109039
v -0.645457 0.238267 0.167060
v -0.686981 0.260075 0.155723
v -0.693087 0.200218 0.193069
v -0.730948 0.222491 0.179731
v -0.739497 0.163562 0.205740
v -0.772472 0.186762 0.195070
v -0.783464 0.128298 0.209742
v -0.815217 0.151034 0.200405
v -0.827430 0.093961 0.201739
v -0.856742 0.116233 0.193736
v -0.868954 0.061017 0.184400
v -0.895823 0.083289 0.176397
v -0.909257 0.029928 0.157057
v -0.933683 0.051273 0.150387
v -0.947118 0.000696 0.119710
v -0.967880 0.023432 0.111707
v -0.976429 -0.022040 0.067024
v -0.992306 0.003480 0.059688
v -0.991084 -0.031784 0.003668
v -1.002076 -0.003480 -0.000334
v -0.662555 0.337564 -0.011004
v -0.664998 0.333852 0.050352
v -0.682096 0.318076 0.107705
v -0.713849 0.288844 0.151054
v -0.754152 0.251723 0.173729
v -0.793234 0.216459 0.183733
v -0.831094 0.182586 0.183066
v -0.866512 0.150570 0.175063
v -0.901930 0.119481 0.162392
v -0.937347 0.088857 0.140384
v -0.972765 0.057305 0.109706
v -0.998412 0.035033 0.062356
v -1.010625 0.025752 0.004335
v -0.695530 0.359836 -0.014338
v -0.697973 0.356124 0.048351
v -0.715071 0.338028 0.105705
v -0.746824 0.305548 0.147053
v -0.785906 0.268427 0.171061
v -0.823767 0.231307 0.182399
v -0.860405 0.196042 0.181065
v -0.894602 0.163098 0.170395
v -0.927577 0.131082 0.157057
v -0.959331 0.101385 0.133048
v -0.991084 0.072153 0.101036
v -1.014289 0.050809 0.055687
v -1.024060 0.042457 0.000334
v -0.737054 0.378396 -0.013005
v -0.739497 0.375149 0.043682
v -0.754152 0.357516 0.095034
v -0.781021 0.328284 0.133715
v -0.812775 0.292556 0.157057
v -0.844528 0.257755 0.171728
v -0.877504 0.222491 0.170395
v -0.908036 0.190010 0.161725
v -0.937347 0.159386 0.145052
v -0.965437 0.128762 0.125045
v -0.997191 0.096281 0.098369
v -1.021617 0.070297 0.055687
v -1.032609 0.060553 0.001000
v -0.760259 0.401133 -0.009670
v -0.762701 0.396493 0.044349
v -0.777357 0.377469 0.092367
v -0.801783 0.349164 0.129046
v -0.832316 0.313900 0.148387
v -0.861627 0.280027 0.159724
v -0.890938 0.246619 0.161725
v -0.919028 0.214603 0.155723
v -0.945896 0.183978 0.143718
v -0.973986 0.151962 0.125712
v -1.005740 0.117162 0.101036
v -1.032609 0.087001 0.059688
v -1.043600 0.075865 0.003668
v -0.831094 0.373292 0.129713
v -0.861627 0.333388 0.145052
v -0.888495 0.297660 0.153722
v -0.914143 0.263787 0.156389
v -0.939790 0.230379 0.153722
v -0.965437 0.196970 0.143718
v -0.989863 0.164954 0.123711
v -1.015510 0.132474 0.095701
v -1.041158 0.099993 0.057020
v -1.053371 0.085609 0.002334
v -0.920249 0.310652 0.149053
v -0.937347 0.273995 0.149053
v -0.954446 0.235947 0.147053
v -0.977650 0.199755 0.137716
v -0.999634 0.167738 0.115708
v -1.027724 0.136186 0.089032
v -1.052150 0.104633 0.053019
v -1.065584 0.091641 0.002334
v -0.972765 0.266571 0.131714
v -0.969101 0.240587 0.139050
v -0.988642 0.203930 0.130380
v -1.011847 0.170058 0.109039
v -1.044822 0.137114 0.083030
v -1.063141 0.110665 0.049018
v -1.074133 0.100457 0.001667
v -0.999634 0.252187 0.126379
v -1.005740 0.205322 0.117709
v -1.026502 0.172378 0.097035
v -1.058256 0.145002 0.076361
v -1.076575 0.129225 0.044349
v -1.086346 0.120409 0.000334
v -1.016732 0.209034 0.108372
v -1.038715 0.177946 0.091699
v -1.063141 0.160314 0.069025
v -1.077797 0.146858 0.041682
v -1.090010 0.136650 -0.000334
v -1.038715 0.190010 0.072359
v -1.055813 0.177482 0.059021
v -1.066805 0.169594 0.049684
v -1.076575 0.160314 0.037013
v -1.079018 0.156138 -0.000334
v -1.057035 0.176090 0.047017
v -1.069248 0.185834 0.038347
v -1.074133 0.183050 0.037680
v -1.074133 0.186762 0.035680
v -1.076575 0.182122 0.034346
v -1.074133 0.185370 0.031011
v -1.072912 0.164026 0.019007
v -1.064363 0.161242 -0.000334
v -1.048486 0.165418 0.000334
v -1.060699 0.171450 0.025676
v -1.044822 0.168666 0.022341
v -1.059477 0.177482 0.039681
v -1.043600 0.170986 0.031678
v -1.039936 0.174234 0.045016
v -1.026502 0.186762 0.059021
v -1.003298 0.198826 0.061689
v -1.017953 0.214603 0.083697
v -0.989863 0.224347 0.063023
v -1.003298 0.250795 0.066357
v -1.064363 0.180730 0.031011
v -1.063141 0.180730 0.041015
v -0.989863 0.224347 -0.063689
v -1.003298 0.198826 -0.061689
v -1.026502 0.185834 -0.058354
v -1.054592 0.177946 -0.059021
v -1.090010 0.136650 -0.000334
v -1.015510 0.245227 0.115708
v -1.016732 0.245227 0.085697
v -1.030166 0.293484 0.119710
v -1.031387 0.279563 0.087031
v -1.054592 0.320396 0.113707
v -1.046043 0.290236 0.085697
v -1.075354 0.310652 0.105038
v -1.065584 0.285595 0.085697
v -1.086346 0.304156 0.102370
v -1.074133 0.280955 0.088365
v -1.096116 0.298123 0.098369
v -1.082682 0.277243 0.089699
v -1.103444 0.250795 0.085031
v -1.094895 0.242443 0.050352
v -1.104665 0.207179 0.047684
v -1.066805 0.267499 0.058354
v -1.060699 0.273067 0.056354
v -1.053371 0.279099 0.054353
v -1.036273 0.286523 0.051685
v -1.020396 0.274923 0.062356
v -1.020396 0.274923 0.062356
v -1.000855 0.280027 0.030344
v -1.003298 0.250795 0.066357
v -0.983757 0.262395 0.029010
v -0.989863 0.224347 0.063023
v -0.956888 0.228059 0.048351
v -1.003298 0.198826 0.061689
v -0.967880 0.197898 0.053019
v -0.983757 0.184442 0.044349
v -0.942232 0.198362 -0.000334
v -0.962995 0.174234 -0.000334
v -0.967880 0.197898 -0.053686
v -0.983757 0.183978 -0.044349
v -1.003298 0.198826 -0.061689
v -1.026502 0.185834 -0.058354
v -0.975208 0.263787 -0.000334
v -0.942232 0.233163 -0.000334
v -0.956888 0.228059 -0.048351
v -0.983757 0.262395 -0.028344
v -0.999634 0.279563 -0.000334
v -1.000855 0.280491 -0.030344
v -1.021617 0.274923 -0.063023
v -1.003298 0.250795 -0.066357
v -0.989863 0.224347 -0.063689
v -1.003298 0.292091 0.128379
v -1.009404 0.325964 0.124378
v -1.059477 0.345452 0.105038
v -1.086346 0.331996 0.094367
v -1.094895 0.351484 0.076361
v -1.109550 0.342668 0.074360
v -1.143747 0.358908 0.066357
v -1.164509 0.348700 0.063023
v -1.206033 0.365868 0.035680
v -1.207254 0.281419 0.053686
v -1.237787 0.288379 0.029010
v -1.208476 0.204859 0.052352
v -1.241451 0.213675 0.030344
v -1.217025 0.135258 0.021674
v -1.221910 0.135258 -0.000334
v -1.169394 0.093497 -0.000334
v -1.165730 0.094425 -0.015005
v -1.136419 0.105097 -0.009670
v -1.158402 0.099529 -0.029010
v -1.131534 0.113913 -0.024342
v -1.124206 0.125978 -0.037680
v -0.952003 0.322716 0.137716
v -1.019175 0.352412 0.111707
v -1.063141 0.368653 0.081029
v -1.122985 0.370972 0.067691
v -1.171837 0.381645 0.041682
v -1.217025 0.369116 -0.000334
v -1.246336 0.293019 -0.000334
v -1.237787 0.288379 -0.029010
v -1.241451 0.213675 -0.031011
v -1.207254 0.281419 -0.054353
v -1.208476 0.204859 -0.052352
v -1.171837 0.275851 -0.067024
v -1.177943 0.203931 -0.067024
v -1.147411 0.268427 -0.077027
v -1.155960 0.207179 -0.080362
v -1.124206 0.262395 -0.089699
v -1.140083 0.207179 -0.087031
v -1.103444 0.250331 -0.085031
v -1.110772 0.207179 -0.079028
v -1.093674 0.242443 -0.050351
v -1.104665 0.207179 -0.047684
v -1.147411 0.406237 0.045683
v -1.191378 0.392781 -0.000334
v -1.206033 0.365868 -0.035680
v -1.164509 0.349628 -0.063023
v -1.126649 0.335244 -0.073026
v -1.113214 0.318540 -0.081029
v -1.096116 0.298123 -0.098369
v -1.081461 0.277243 -0.089699
v -1.066805 0.267499 -0.058354
v -1.109550 0.342668 -0.074360
v -1.143747 0.358908 -0.066357
v -1.122985 0.370972 -0.067691
v -1.171837 0.381645 -0.041682
v -1.147411 0.406237 -0.045683
v -1.168173 0.412269 -0.000334
v -1.109550 0.431293 -0.001000
v -1.094895 0.423405 0.043016
v -1.083903 0.393245 0.066357
v -1.031387 0.379789 0.089032
v -0.988642 0.381181 0.107038
v -0.948339 0.383965 0.122377
v -0.961773 0.396029 0.111707
v -0.941011 0.406701 0.111707
v -0.964216 0.402061 0.105705
v -0.948339 0.412269 0.105705
v -1.099780 0.326428 0.087031
v -1.113214 0.319004 0.081696
v -1.124206 0.261931 0.089699
v -1.110772 0.207179 0.079028
v -1.104665 0.184906 0.074360
v -1.105887 0.183978 0.049018
v -1.104665 0.161242 0.068358
v -1.105887 0.160314 0.047684
v -1.116878 0.139434 0.049684
v -1.110772 0.153818 0.038347
v -1.126649 0.335244 0.073026
v -1.147411 0.268891 0.076361
v -1.138862 0.206714 0.087031
v -1.136419 0.175626 0.085697
v -1.130313 0.146394 0.074360
v -1.142525 0.125978 0.059021
v -1.124206 0.126442 0.037680
v -1.171837 0.276315 0.067024
v -1.155960 0.207179 0.079695
v -1.151075 0.164490 0.075027
v -1.176722 0.203931 0.067024
v -1.173058 0.150106 0.060355
v -1.149853 0.111593 0.045016
v -1.204812 0.138506 0.039014
v -1.158402 0.099993 0.029010
v -1.131534 0.114377 0.025009
v -1.164509 0.094425 0.015005
v -1.141304 0.099529 0.001667
v -1.136419 0.104633 0.009670
v -0.905594 0.344060 0.145052
v -0.949560 0.353804 0.133715
v -0.856742 0.396957 0.128379
v -0.886053 0.418301 0.125712
v -0.903151 0.396493 0.132381
v -0.936126 0.423869 0.108372
v -0.977650 0.397885 0.101703
v -0.977650 0.391853 0.106371
v -0.995970 0.392781 0.099035
v -1.013068 0.397885 0.087698
v -1.020396 0.408557 0.078361
v -0.999634 0.416445 0.081696
v -0.991084 0.442893 0.067691
v -0.986199 0.429437 0.083697
v -0.956888 0.450781 0.074360
v -0.965437 0.437789 0.088365
v -0.932462 0.452173 0.084364
v -0.945896 0.435469 0.096368
v -0.936126 0.423869 0.108372
v -0.944675 0.422013 0.103704
v -0.949560 0.428509 0.097035
v -0.965437 0.430365 0.090366
v -0.982535 0.422013 0.085697
v -0.995970 0.410877 0.083697
v -0.997191 0.400669 0.088365
v -0.991084 0.398813 0.094367
v -0.949560 0.422013 -0.103704
v -0.954446 0.427117 -0.096368
v -0.941011 0.423869 -0.108372
v -0.945896 0.435005 -0.096368
v -0.921471 0.452173 -0.089032
v -0.958109 0.454030 -0.069025
v -0.904372 0.468878 -0.051685
v -0.952003 0.468878 -0.042349
v -0.898266 0.474446 -0.001667
v -0.947118 0.474910 0.005669
v -0.994749 0.459597 -0.041015
v -0.999634 0.467486 0.003668
v -1.021617 0.459597 0.003668
v -1.020396 0.442893 0.047017
v -1.065584 0.443357 0.000334
v -1.060699 0.427581 0.047017
v -1.049707 0.399277 0.070359
v -0.787127 0.372365 -0.107038
v -0.768808 0.392781 -0.061689
v -0.760259 0.401133 -0.009670
v -0.818881 0.397885 -0.108372
v -0.800562 0.420621 -0.063689
v -0.792013 0.429901 -0.010337
v -0.848192 0.416445 -0.112374
v -0.829873 0.439181 -0.067691
v -0.817660 0.447533 -0.013005
v -0.875061 0.433149 -0.113707
v -0.857963 0.454958 -0.061022
v -0.855520 0.465166 -0.011671
v -0.910479 0.432685 -0.111040
v -0.995970 0.440573 -0.068358
v -1.019175 0.423405 -0.069025
v -0.986199 0.429437 -0.083697
v -0.999634 0.416445 -0.081696
v -0.982535 0.422013 -0.085697
v -0.994749 0.410877 -0.083697
v -1.013068 0.397885 -0.087698
v -1.022838 0.392317 -0.087031
v -1.038715 0.383965 -0.083030
v -1.046043 0.412269 -0.063689
v -1.063141 0.368188 -0.081029
v -1.082682 0.393245 -0.066357
v -1.094895 0.351484 -0.077027
v -1.086346 0.332460 -0.093700
v -1.059477 0.344524 -0.105705
v -1.033830 0.357516 -0.105705
v -1.000855 0.363084 -0.109706
v -0.995970 0.392781 -0.099035
v -1.002076 0.400669 -0.088365
v -0.992306 0.398349 -0.095034
v -1.027724 0.328748 -0.123044
v -1.054592 0.319932 -0.113707
v -1.075354 0.310652 -0.105038
v -1.099780 0.325964 -0.087698
v -1.086346 0.304156 -0.102370
v -1.074133 0.280955 -0.088365
v -1.060699 0.273067 -0.056353
v -1.065584 0.285595 -0.085697
v -1.053371 0.279099 -0.054353
v -1.036273 0.286523 -0.051685
v -1.046043 0.290236 -0.085697
v -0.965437 0.430365 -0.090366
v -0.965437 0.437325 -0.088365
v -0.897045 0.467950 0.051018
v -0.898266 0.474446 -0.001667
v -0.849414 0.458670 0.037680
v -0.855520 0.465166 -0.011671
v -0.817660 0.443357 0.041015
v -0.817660 0.447533 -0.013005
v -0.794455 0.425261 0.044349
v -0.792013 0.429901 -0.010337
v -0.831094 0.425261 0.089032
v -0.809111 0.404381 0.093033
v -0.831094 0.373292 0.129713
v -0.856742 0.396957 0.128379
v -0.864069 0.446141 0.089699
v -0.886053 0.418301 0.125712
v 0.746825 -0.204394 0.001000
v 0.682096 -0.155674 -0.001667
v 0.748046 -0.208571 0.035013
v 0.682096 -0.159850 0.039014
v 0.749267 -0.220635 0.067024
v 0.683317 -0.173306 0.077695
v 0.749267 -0.241051 0.095034
v 0.683317 -0.197898 0.111040
v 0.749267 -0.266571 0.118376
v 0.683317 -0.230843 0.135049
v 0.750489 -0.295803 0.141051
v 0.683317 -0.268427 0.150387
v 0.750489 -0.331996 0.160391
v 0.683317 -0.307868 0.158390
v 0.750489 -0.372828 0.158390
v 0.683317 -0.349628 0.158390
v 0.750489 -0.409485 0.139717
v 0.683317 -0.389533 0.145052
v 0.749267 -0.428973 0.103037
v 0.683317 -0.418301 0.114374
v 0.748046 -0.437325 0.067024
v 0.683317 -0.434541 0.077695
v 0.748046 -0.440109 0.035680
v 0.682096 -0.439181 0.040348
v 0.746825 -0.440573 0.007670
v 0.682096 -0.439645 0.006336
v 0.746825 -0.440573 -0.019674
v 0.682096 -0.439645 -0.027677
v 0.745603 -0.439181 -0.051018
v 0.682096 -0.437325 -0.065023
v 0.745603 -0.432685 -0.086364
v 0.680875 -0.424333 -0.103037
v 0.744382 -0.416909 -0.126379
v 0.680875 -0.399277 -0.138383
v 0.744382 -0.383501 -0.153055
v 0.680875 -0.359836 -0.156389
v 0.744382 -0.340812 -0.160391
v 0.680875 -0.317148 -0.160391
v 0.744382 -0.300443 -0.145052
v 0.680875 -0.275387 -0.153722
v 0.744382 -0.267499 -0.122377
v 0.680875 -0.235483 -0.139050
v 0.745603 -0.239659 -0.097035
v 0.680875 -0.200682 -0.115708
v 0.745603 -0.218779 -0.067691
v 0.680875 -0.174234 -0.082363
v 0.746825 -0.207179 -0.033679
v 0.682096 -0.159850 -0.043015
v 0.746825 -0.204394 0.001000
v 0.682096 -0.155674 -0.001667
v 0.635686 -0.130617 -0.006336
v 0.636908 -0.133402 0.036346
v 0.636908 -0.144538 0.079028
v 0.636908 -0.167738 0.117042
v 0.636908 -0.203467 0.145052
v 0.636908 -0.245227 0.160391
v 0.636908 -0.288843 0.167060
v 0.636908 -0.333388 0.165726
v 0.636908 -0.376540 0.151054
v 0.636908 -0.411341 0.123044
v 0.636908 -0.432221 0.083697
v 0.636908 -0.438253 0.041015
v 0.635686 -0.441037 0.002334
v 0.635686 -0.438717 -0.036346
v 0.635686 -0.433149 -0.077027
v 0.635686 -0.415517 -0.117042
v 0.634465 -0.383036 -0.147053
v 0.634465 -0.342204 -0.163725
v 0.634465 -0.298123 -0.167727
v 0.634465 -0.254971 -0.163725
v 0.634465 -0.213210 -0.151054
v 0.635686 -0.175626 -0.126379
v 0.635686 -0.149178 -0.091033
v 0.635686 -0.135258 -0.049018
v 0.635686 -0.130617 -0.006336
v 0.569736 -0.099065 -0.009003
v 0.569736 -0.101849 0.036346
v 0.569736 -0.113449 0.081029
v 0.569736 -0.136650 0.123044
v 0.570958 -0.172842 0.155056
v 0.570958 -0.218315 0.173729
v 0.570958 -0.266107 0.179064
v 0.570958 -0.313436 0.174396
v 0.570958 -0.358444 0.157723
v 0.569736 -0.396029 0.127713
v 0.569736 -0.419693 0.087698
v 0.569736 -0.430365 0.043682
v 0.569736 -0.433149 0.000334
v 0.568515 -0.430829 -0.041682
v 0.568515 -0.420621 -0.085031
v 0.568515 -0.398813 -0.124378
v 0.568515 -0.364012 -0.155056
v 0.568515 -0.321324 -0.173062
v 0.568515 -0.275851 -0.179731
v 0.568515 -0.229915 -0.176396
v 0.568515 -0.185370 -0.162392
v 0.568515 -0.146394 -0.135715
v 0.568515 -0.119481 -0.097035
v 0.568515 -0.104633 -0.053686
v 0.569736 -0.099065 -0.009003
v 0.503786 -0.071225 -0.009003
v 0.503786 -0.074009 0.039681
v 0.503786 -0.087465 0.087698
v 0.503786 -0.112985 0.132381
v 0.505007 -0.152426 0.165726
v 0.505007 -0.200218 0.185733
v 0.505007 -0.251259 0.192402
v 0.505007 -0.302300 0.187067
v 0.505007 -0.350092 0.168394
v 0.505007 -0.389533 0.136382
v 0.503786 -0.415053 0.093700
v 0.503786 -0.426189 0.047017
v 0.503786 -0.428973 0.001000
v 0.503786 -0.426653 -0.044349
v 0.503786 -0.416445 -0.090366
v 0.503786 -0.392781 -0.132381
v 0.502565 -0.356124 -0.165059
v 0.502565 -0.311116 -0.185066
v 0.502565 -0.261931 -0.193069
v 0.502565 -0.212746 -0.189068
v 0.502565 -0.165418 -0.173062
v 0.502565 -0.123658 -0.144385
v 0.503786 -0.094425 -0.103704
v 0.503786 -0.077257 -0.057020
v 0.503786 -0.071225 -0.009003
v 0.418295 -0.039208 -0.009003
v 0.419516 -0.042920 0.044349
v 0.419516 -0.057769 0.097035
v 0.420738 -0.087929 0.143718
v 0.420738 -0.131545 0.178397
v 0.420738 -0.182586 0.200405
v 0.420738 -0.237803 0.211076
v 0.420738 -0.293947 0.207741
v 0.420738 -0.347308 0.188401
v 0.420738 -0.388605 0.150387
v 0.419516 -0.413661 0.101036
v 0.419516 -0.425725 0.051018
v 0.418295 -0.429437 0.001667
v 0.418295 -0.426653 -0.047017
v 0.417074 -0.415517 -0.096368
v 0.415852 -0.393245 -0.145052
v 0.415852 -0.355196 -0.184400
v 0.415852 -0.304156 -0.207074
v 0.415852 -0.249403 -0.213076
v 0.415852 -0.195578 -0.205740
v 0.415852 -0.144538 -0.186400
v 0.415852 -0.099065 -0.156389
v 0.417074 -0.064729 -0.113707
v 0.417074 -0.045705 -0.062356
v 0.418295 -0.039208 -0.009003
v 0.351124 -0.015080 -0.013672
v 0.352345 -0.017864 0.044349
v 0.352345 -0.033640 0.101703
v 0.352345 -0.067049 0.151721
v 0.353566 -0.114377 0.189068
v 0.353566 -0.169594 0.213076
v 0.353566 -0.228523 0.224414
v 0.353566 -0.290235 0.223080
v 0.353566 -0.348700 0.202406
v 0.352345 -0.392781 0.159724
v 0.352345 -0.415517 0.103704
v 0.352345 -0.425725 0.049684
v 0.351123 -0.428509 -0.001667
v 0.351123 -0.425261 -0.052352
v 0.351123 -0.415517 -0.105038
v 0.349902 -0.394173 -0.157723
v 0.349902 -0.353804 -0.199738
v 0.349902 -0.299052 -0.222413
v 0.349902 -0.241051 -0.226414
v 0.349902 -0.184906 -0.217745
v 0.349902 -0.131545 -0.199071
v 0.349902 -0.083289 -0.167727
v 0.351124 -0.044777 -0.124378
v 0.351124 -0.022504 -0.070359
v 0.351124 -0.015080 -0.013672
v 0.252199 0.021576 -0.009003
v 0.252199 0.016008 0.054353
v 0.252199 -0.006264 0.115041
v 0.252199 -0.045240 0.166393
v 0.250977 -0.096281 0.204407
v 0.250977 -0.154282 0.230416
v 0.250977 -0.216923 0.245755
v 0.250977 -0.282811 0.245755
v 0.250977 -0.346380 0.224414
v 0.252198 -0.395101 0.179064
v 0.252198 -0.420621 0.119043
v 0.252198 -0.431293 0.059688
v 0.252198 -0.435005 0.003668
v 0.253420 -0.432221 -0.052352
v 0.253420 -0.422477 -0.109706
v 0.253420 -0.400669 -0.169728
v 0.253420 -0.356124 -0.217745
v 0.253420 -0.295339 -0.243087
v 0.253420 -0.230379 -0.246422
v 0.253420 -0.168202 -0.234418
v 0.253420 -0.110665 -0.211743
v 0.253420 -0.058233 -0.177064
v 0.253420 -0.015544 -0.130380
v 0.252199 0.011368 -0.072359
v 0.252199 0.021576 -0.009003
v 0.154495 0.055449 -0.005002
v 0.154495 0.046169 0.065023
v 0.154495 0.016472 0.127713
v 0.154495 -0.028536 0.179064
v 0.154495 -0.082825 0.218412
v 0.154495 -0.143146 0.245088
v 0.154494 -0.208106 0.260427
v 0.154494 -0.276779 0.259760
v 0.154494 -0.341740 0.236418
v 0.154494 -0.395101 0.192402
v 0.154494 -0.428509 0.133715
v 0.154494 -0.445213 0.071025
v 0.154494 -0.451709 0.009003
v 0.154494 -0.448461 -0.053019
v 0.154494 -0.434541 -0.115708
v 0.154494 -0.405773 -0.177730
v 0.154494 -0.356588 -0.227082
v 0.154494 -0.292555 -0.256425
v 0.154494 -0.222491 -0.261761
v 0.154495 -0.155210 -0.249090
v 0.154495 -0.093033 -0.223747
v 0.154495 -0.036888 -0.186400
v 0.154495 0.010440 -0.136382
v 0.154495 0.042920 -0.074360
v 0.154495 0.055449 -0.005002
v 0.021373 0.088393 -0.009003
v 0.021373 0.080505 0.065690
v 0.020151 0.052201 0.135049
v 0.020151 0.004872 0.192402
v 0.020151 -0.054056 0.235084
v 0.020151 -0.119945 0.265095
v 0.020151 -0.191402 0.279767
v 0.020151 -0.265179 0.275099
v 0.020151 -0.334780 0.249090
v 0.020151 -0.393245 0.203740
v 0.021373 -0.434541 0.143718
v 0.021373 -0.456349 0.075694
v 0.021373 -0.462845 0.006336
v 0.021373 -0.458670 -0.062356
v 0.021373 -0.440109 -0.131047
v 0.022594 -0.402525 -0.193069
v 0.022594 -0.347308 -0.241754
v 0.022594 -0.280027 -0.271097
v 0.022594 -0.207179 -0.280434
v 0.022594 -0.135258 -0.269763
v 0.022594 -0.068441 -0.242420
v 0.022594 -0.008120 -0.203073
v 0.021373 0.042457 -0.149720
v 0.021373 0.075401 -0.083030
v 0.021373 0.088393 -0.009003
v -0.095872 0.120409 -0.009003
v -0.095872 0.112057 0.069692
v -0.097093 0.084217 0.144385
v -0.097093 0.036424 0.207074
v -0.097093 -0.027144 0.253091
v -0.097093 -0.098601 0.281768
v -0.097093 -0.174698 0.293772
v -0.097093 -0.251259 0.286436
v -0.097093 -0.325036 0.263094
v -0.097093 -0.390460 0.219079
v -0.097093 -0.437325 0.156389
v -0.095872 -0.459133 0.082363
v -0.095872 -0.466557 0.007670
v -0.094651 -0.461453 -0.066357
v -0.094651 -0.443821 -0.141051
v -0.094651 -0.402061 -0.207741
v -0.094651 -0.339884 -0.255758
v -0.093429 -0.267035 -0.282435
v -0.093429 -0.190938 -0.293105
v -0.093429 -0.114841 -0.285102
v -0.094651 -0.042456 -0.259760
v -0.094651 0.022968 -0.217745
v -0.094651 0.075401 -0.159057
v -0.095872 0.107417 -0.087031
v -0.095872 0.120409 -0.009003
v -0.209453 0.134330 -0.007670
v -0.210674 0.126905 0.073026
v -0.210674 0.102777 0.152388
v -0.211896 0.054521 0.220412
v -0.211896 -0.013224 0.267763
v -0.211896 -0.088857 0.297774
v -0.211896 -0.168666 0.309111
v -0.211896 -0.248939 0.301775
v -0.211896 -0.326892 0.277100
v -0.211896 -0.397885 0.234418
v -0.210674 -0.444285 0.165059
v -0.210674 -0.463309 0.085697
v -0.209453 -0.469341 0.009003
v -0.208231 -0.465629 -0.067691
v -0.208231 -0.450317 -0.147053
v -0.207010 -0.410413 -0.219746
v -0.207010 -0.343596 -0.269097
v -0.207010 -0.266107 -0.297107
v -0.207010 -0.185834 -0.309111
v -0.207010 -0.105561 -0.301775
v -0.207010 -0.028536 -0.274432
v -0.208231 0.041993 -0.231083
v -0.208231 0.094889 -0.167060
v -0.209453 0.123658 -0.089032
v -0.209453 0.134330 -0.007670
v -0.308378 0.154282 -0.015672
v -0.308378 0.144074 0.069692
v -0.308378 0.116697 0.151721
v -0.308378 0.066585 0.223080
v -0.308378 -0.004872 0.272431
v -0.307157 -0.085145 0.300441
v -0.307157 -0.167738 0.311779
v -0.307157 -0.251723 0.309778
v -0.307157 -0.333852 0.284435
v -0.307157 -0.410877 0.241086
v -0.308378 -0.453101 0.163725
v -0.308378 -0.469341 0.080362
v -0.308378 -0.473982 0.001667
v -0.308378 -0.469806 -0.076361
v -0.308378 -0.455421 -0.157723
v -0.308378 -0.415981 -0.233084
v -0.308378 -0.345916 -0.282435
v -0.308378 -0.265643 -0.306443
v -0.308378 -0.184906 -0.313112
v -0.308378 -0.105561 -0.303776
v -0.308378 -0.027144 -0.282435
v -0.308378 0.045240 -0.241086
v -0.308378 0.103241 -0.178397
v -0.308378 0.135258 -0.099703
v -0.308378 0.154282 -0.015672
v -0.368222 -0.458205 -0.153722
v -0.363337 -0.425725 -0.227748
v -0.352345 -0.369116 -0.285769
v -0.337689 -0.269819 -0.307777
v -0.335247 -0.186298 -0.314446
v -0.340132 -0.104169 -0.304443
v -0.340132 -0.027608 -0.285102
v -0.332804 0.049881 -0.241754
v -0.335247 0.106489 -0.185733
v -0.331583 0.141754 -0.101703
v -0.327919 0.159850 -0.015672
v -0.403639 -0.334316 -0.298440
v -0.364558 -0.272603 -0.312445
v -0.364558 -0.186298 -0.321782
v -0.382877 -0.103705 -0.311779
v -0.381656 -0.027608 -0.289104
v -0.365779 0.048489 -0.249090
v -0.365779 0.109737 -0.195737
v -0.353566 0.142682 -0.113707
v -0.346238 0.159386 -0.021008
v -0.476917 -0.093033 -0.340455
v -0.442721 -0.022040 -0.297773
v -0.417074 0.054057 -0.257759
v -0.390205 0.112521 -0.199738
v -0.368222 0.143146 -0.114374
v -0.358452 0.157066 -0.021008
v -0.572179 -0.047560 -0.332453
v -0.517220 0.008584 -0.297107
v -0.462262 0.064729 -0.257759
v -0.414631 0.113449 -0.196404
v -0.382877 0.144074 -0.113707
v -0.368222 0.156602 -0.021008
v -0.591720 -0.020184 -0.317114
v -0.535540 0.031784 -0.286436
v -0.481803 0.081897 -0.245088
v -0.434172 0.125513 -0.187067
v -0.403639 0.153818 -0.109039
v -0.387763 0.165882 -0.020341
v -0.608818 -0.004408 -0.305109
v -0.551417 0.045705 -0.280434
v -0.496458 0.094889 -0.243087
v -0.447606 0.136650 -0.185733
v -0.415852 0.163098 -0.108372
v -0.398754 0.176554 -0.021008
v -0.634465 0.038281 -0.286436
v -0.578285 0.087001 -0.270430
v -0.525769 0.131082 -0.231750
v -0.486688 0.164026 -0.171728
v -0.458598 0.185834 -0.099703
v -0.445164 0.196506 -0.021008
v -0.686981 0.074009 -0.245755
v -0.639350 0.113913 -0.229749
v -0.588056 0.156602 -0.207741
v -0.542868 0.192794 -0.160391
v -0.517220 0.213210 -0.093700
v -0.508671 0.218779 -0.019674
v -0.727284 0.113913 -0.233084
v -0.680875 0.151034 -0.218412
v -0.630801 0.191402 -0.197738
v -0.586834 0.226667 -0.154389
v -0.561187 0.246155 -0.090366
v -0.553859 0.250795 -0.019007
v -0.756595 0.157066 -0.207741
v -0.712628 0.191866 -0.198404
v -0.664998 0.228059 -0.179064
v -0.623473 0.260539 -0.139050
v -0.601490 0.277243 -0.079028
v -0.595383 0.280491 -0.013672
v -0.798119 0.123658 -0.207741
v -0.773693 0.076329 -0.235084
v -0.839643 0.091641 -0.198404
v -0.817660 0.039673 -0.223747
v -0.878725 0.060089 -0.180398
v -0.860405 0.004872 -0.202406
v -0.916585 0.029928 -0.152388
v -0.899487 -0.028072 -0.170394
v -0.953224 0.000232 -0.113707
v -0.933683 -0.056377 -0.125045
v -0.980093 -0.022040 -0.060355
v -0.958109 -0.077257 -0.067024
v -0.991084 -0.031784 0.003668
v -0.967880 -0.086537 -0.001000
v -0.976429 -0.022040 0.067024
v -0.958109 -0.079577 0.066357
v -0.947118 0.000696 0.119710
v -0.930020 -0.058233 0.123711
v -0.909257 0.029928 0.157057
v -0.894602 -0.030392 0.171061
v -0.868954 0.061017 0.184400
v -0.851856 0.003944 0.204407
v -0.827430 0.093961 0.201739
v -0.805447 0.041065 0.227082
v -0.783464 0.128298 0.209742
v -0.756595 0.080969 0.238419
v -0.739497 0.163562 0.205740
v -0.706522 0.122266 0.231083
v -0.693087 0.200218 0.193069
v -0.655227 0.164490 0.214410
v -0.645457 0.238267 0.167060
v -0.603933 0.207179 0.183066
v -0.610039 0.267035 0.117709
v -0.568515 0.236875 0.125045
v -0.596605 0.278635 0.052352
v -0.553859 0.249403 0.053019
v -0.595383 0.280491 -0.013672
v -0.553859 0.250795 -0.019007
v -0.735833 0.033641 -0.254425
v -0.785906 -0.007656 -0.250423
v -0.834758 -0.049417 -0.231083
v -0.877504 -0.085145 -0.190402
v -0.912921 -0.116697 -0.138383
v -0.936126 -0.136649 -0.073026
v -0.944675 -0.145002 -0.000334
v -0.938569 -0.141290 0.073693
v -0.910479 -0.119017 0.139717
v -0.871397 -0.087929 0.193736
v -0.824988 -0.049417 0.233750
v -0.772472 -0.006264 0.255758
v -0.717513 0.039208 0.257759
v -0.664998 0.083289 0.245088
v -0.613703 0.127370 0.223747
v -0.561187 0.171450 0.190402
v -0.525769 0.202074 0.129046
v -0.509893 0.216459 0.055687
v -0.508671 0.218779 -0.019674
v -0.690645 -0.009048 -0.290437
v -0.746824 -0.057305 -0.283768
v -0.801783 -0.104633 -0.259760
v -0.851856 -0.149178 -0.219079
v -0.890938 -0.183978 -0.157723
v -0.914143 -0.204858 -0.081696
v -0.927577 -0.217850 0.000334
v -0.915364 -0.208570 0.083697
v -0.887274 -0.186298 0.159724
v -0.845750 -0.152426 0.224414
v -0.790791 -0.106025 0.267763
v -0.730948 -0.054985 0.289104
v -0.669883 -0.003016 0.293772
v -0.610039 0.048953 0.286436
v -0.550195 0.100457 0.260427
v -0.501343 0.143610 0.209075
v -0.467147 0.174234 0.139050
v -0.446385 0.193258 0.061022
v -0.445164 0.196506 -0.021008
v -0.667440 -0.056841 -0.315113
v -0.726063 -0.109737 -0.304443
v -0.784685 -0.162170 -0.279767
v -0.838422 -0.210891 -0.234418
v -0.873840 -0.244299 -0.163725
v -0.895823 -0.265179 -0.084363
v -0.903151 -0.273531 0.001000
v -0.894602 -0.267499 0.087031
v -0.868954 -0.247083 0.169061
v -0.829873 -0.213210 0.241086
v -0.772472 -0.162634 0.287103
v -0.710186 -0.108345 0.317781
v -0.645457 -0.049881 0.321115
v -0.583171 0.005800 0.302442
v -0.524548 0.059161 0.269764
v -0.469590 0.108345 0.221746
v -0.428065 0.147322 0.153055
v -0.403639 0.170522 0.069025
v -0.398754 0.176554 -0.021008
v -0.651563 -0.076793 -0.337788
v -0.713849 -0.136649 -0.328451
v -0.770029 -0.190938 -0.291771
v -0.824988 -0.243835 -0.245088
v -0.861627 -0.280491 -0.171728
v -0.879946 -0.300443 -0.086364
v -0.889717 -0.312508 0.001667
v -0.878725 -0.303228 0.091033
v -0.855520 -0.283739 0.178397
v -0.813996 -0.245691 0.252424
v -0.755374 -0.190474 0.297774
v -0.694309 -0.133865 0.340455
v -0.635686 -0.076329 0.343123
v -0.577064 -0.023896 0.319781
v -0.507450 0.045241 0.276433
v -0.456155 0.096281 0.225081
v -0.414631 0.137114 0.155723
v -0.392648 0.159850 0.070359
v -0.387763 0.165882 -0.020341
v -0.633244 -0.109737 -0.353794
v -0.693087 -0.173770 -0.337121
v -0.749267 -0.232699 -0.299774
v -0.800562 -0.286987 -0.248422
v -0.835979 -0.325964 -0.174396
v -0.855520 -0.349164 -0.088365
v -0.860405 -0.355660 0.001667
v -0.853078 -0.350556 0.092367
v -0.829873 -0.329212 0.180398
v -0.789570 -0.288843 0.255092
v -0.733390 -0.232235 0.306443
v -0.673547 -0.170986 0.346458
v -0.622252 -0.108809 0.355127
v -0.557523 -0.060089 0.335120
v -0.489130 0.022968 0.287103
v -0.434172 0.081897 0.239086
v -0.391426 0.127833 0.165726
v -0.371886 0.151034 0.074360
v -0.368222 0.156602 -0.021008
v -0.367000 0.128762 0.163059
v -0.408525 0.080969 0.237085
v -0.338911 0.123193 0.159057
v -0.367000 0.074473 0.229082
v -0.337689 0.069833 0.225081
v -0.388984 -0.000232 0.279767
v -0.348681 -0.003480 0.275766
v -0.406082 -0.070297 0.308444
v -0.357230 -0.078649 0.300441
v -0.424401 -0.118553 0.341789
v -0.357230 -0.127370 0.309111
v -0.388984 -0.191866 0.339122
v -0.349902 -0.180730 0.315780
v -0.345017 -0.262395 0.309778
v -0.352345 -0.348700 0.288437
v -0.356009 -0.413197 0.245088
v -0.360894 -0.453101 0.169061
v -0.367000 -0.471198 0.084364
v -0.374328 -0.474910 0.005002
v -0.370664 -0.472126 -0.076361
v -0.386541 -0.276315 0.320448
v -0.393869 -0.364476 0.291104
v -0.398754 -0.415981 0.244421
v -0.409746 -0.455885 0.167060
v -0.423180 -0.471661 0.090366
v -0.431729 -0.474910 0.004335
v -0.436615 -0.473053 -0.077027
v -0.440278 -0.460989 -0.155056
v -0.432951 -0.368188 0.291104
v -0.440278 -0.420621 0.239086
v -0.461041 -0.458669 0.164392
v -0.476917 -0.471661 0.091699
v -0.502565 -0.473982 0.002334
v -0.514778 -0.472590 -0.080362
v -0.517220 -0.461453 -0.155056
v -0.436615 -0.430829 -0.226414
v -0.558745 -0.411805 0.233750
v -0.586834 -0.458205 0.159057
v -0.611260 -0.471661 0.094367
v -0.629580 -0.471198 -0.002334
v -0.636908 -0.469341 -0.083030
v -0.633244 -0.454493 -0.151721
v -0.508671 -0.436397 -0.218412
v -0.421959 -0.385356 -0.271097
v -0.474475 -0.376540 -0.269097
v -0.611260 -0.417837 -0.213743
v -0.686981 -0.437789 -0.157056
v -0.700415 -0.457277 -0.079695
v -0.702858 -0.460989 0.004335
v -0.688202 -0.458205 0.092367
v -0.667440 -0.443821 0.157723
v -0.639350 -0.394637 0.225081
v -0.520884 -0.361692 0.283768
v -0.597826 -0.337100 0.278433
v -0.502565 -0.358444 0.320448
v -0.575843 -0.332460 0.306443
v -0.507450 -0.369116 0.330452
v -0.581949 -0.346844 0.326451
v -0.454934 -0.344988 0.329785
v -0.446385 -0.347772 0.317114
v -0.412189 -0.280491 0.339122
v -0.412189 -0.203930 0.358462
v -0.445164 -0.148714 0.365131
v -0.489130 -0.126905 0.363797
v -0.476917 -0.093033 0.341122
v -0.547753 -0.125978 0.371800
v -0.548974 -0.094425 0.356461
v -0.610039 -0.159850 0.384471
v -0.616146 -0.126441 0.369133
v -0.647899 -0.224811 0.372467
v -0.666219 -0.201146 0.362463
v -0.644235 -0.280955 0.343790
v -0.657670 -0.276779 0.323783
v -0.664998 -0.302300 0.287103
v -0.667440 -0.265643 0.307110
v -0.693087 -0.276779 0.297774
v -0.734612 -0.344988 0.241086
v -0.779800 -0.387677 0.165059
v -0.801783 -0.405773 0.090366
v -0.807890 -0.409949 0.000334
v -0.810332 -0.398813 -0.088365
v -0.783464 -0.376540 -0.181732
v -0.745603 -0.339884 -0.247089
v -0.693087 -0.276779 -0.298440
v -0.473253 -0.058233 0.319115
v -0.450049 0.005800 0.287103
v -0.327919 0.159850 -0.015672
v -0.330361 0.148250 0.077028
v -0.323034 0.119946 0.155056
v -0.346238 0.159386 -0.021008
v -0.345017 0.151498 0.071025
v -0.360894 0.150570 0.075027
v -0.358452 0.157066 -0.021008
v -0.697973 -0.367260 0.229749
v -0.734612 -0.416909 0.159057
v -0.760259 -0.433149 0.088365
v -0.770029 -0.434077 0.003668
v -0.770029 -0.428045 -0.086364
v -0.746824 -0.404381 -0.174396
v -0.707743 -0.360764 -0.235084
v -0.662555 -0.293947 -0.296440
v -0.641793 -0.292091 -0.314446
v -0.671104 -0.217850 -0.356461
v -0.647899 -0.224811 -0.373801
v -0.610039 -0.159850 -0.384471
v -0.640572 -0.292091 -0.340455
v -0.575843 -0.332460 -0.306443
v -0.622252 -0.343132 -0.267096
v -0.655227 -0.394173 -0.222413
v -0.583171 -0.346380 -0.327117
v -0.502565 -0.359372 -0.319781
v -0.559966 -0.371436 -0.265095
v -0.439057 -0.343596 -0.313779
v -0.507450 -0.368652 -0.330452
v -0.454934 -0.344988 -0.330452
v -0.386541 -0.276779 -0.321115
v -0.412189 -0.280027 -0.339122
v -0.388984 -0.191866 -0.339789
v -0.412189 -0.203467 -0.357795
v -0.423180 -0.118089 -0.342456
v -0.446385 -0.147322 -0.365798
v -0.489130 -0.127370 -0.363797
v -0.548974 -0.094889 -0.356461
v -0.548974 -0.126905 -0.369132
v -0.621031 -0.138970 -0.377802
v 1.175501 -0.461917 -0.266429
v 1.148632 -0.460525 -0.251757
v 1.187714 -0.460062 -0.285769
v 1.146190 -0.466094 -0.286436
v 1.208476 -0.459597 -0.325783
v 1.210919 -0.452637 -0.375135
v 1.155960 -0.455885 -0.362463
v 1.091231 -0.460989 -0.255758
v 1.086346 -0.456813 -0.314446
v 1.006961 -0.457741 -0.243087
v 0.995970 -0.455421 -0.291104
v 0.922692 -0.447997 -0.263761
v 0.916585 -0.409949 -0.275099
v 0.867733 -0.435933 -0.235751
v 0.862848 -0.401597 -0.237752
v 0.845750 -0.435005 -0.215744
v 0.843307 -0.399277 -0.224414
v 0.821324 -0.428973 -0.198404
v 0.824988 -0.373292 -0.201739
v 0.782242 -0.411341 -0.169061
v 0.782242 -0.363548 -0.177730
v 0.744382 -0.383501 -0.153055
v 0.744382 -0.340812 -0.160391
v 0.878725 -0.452173 -0.207074
v 0.936126 -0.455421 -0.223747
v 0.936126 -0.452637 -0.193069
v 1.009404 -0.455421 -0.219079
v 1.092452 -0.460989 -0.233750
v 1.093674 -0.460525 -0.217078
v 1.008183 -0.452173 -0.201072
v 0.939790 -0.448461 -0.171061
v 0.888495 -0.452173 -0.178397
v 0.859184 -0.450317 -0.191736
v 1.013068 -0.448461 -0.178397
v 0.947118 -0.443357 -0.149053
v 0.895823 -0.448925 -0.153722
v 0.870176 -0.449389 -0.145052
v 0.845750 -0.450317 -0.131714
v 0.795677 -0.440109 -0.116375
v 0.744382 -0.416909 -0.126379
v 0.950782 -0.430365 -0.121710
v 0.904372 -0.443821 -0.127046
v 0.882389 -0.441965 -0.105705
v 0.859184 -0.441037 -0.091699
v 0.792013 -0.442429 -0.075694
v 0.745603 -0.432685 -0.086364
v 0.910479 -0.423869 -0.102370
v 0.887274 -0.409021 -0.086364
v 0.865291 -0.396493 -0.051685
v 0.794455 -0.444285 -0.042349
v 0.745603 -0.439181 -0.051018
v 0.793234 -0.442429 -0.014338
v 0.746825 -0.440573 -0.019674
v 0.746825 -0.440573 0.007670
v 0.790791 -0.442893 0.014338
v 0.748046 -0.440109 0.035680
v 0.792013 -0.444285 0.035680
v 0.748046 -0.437325 0.067024
v 0.793234 -0.443357 0.068358
v 0.749267 -0.428973 0.103037
v 0.784685 -0.437325 0.109706
v 0.750489 -0.409485 0.139717
v 0.776136 -0.421085 0.151054
v 0.750489 -0.372828 0.158390
v 0.782242 -0.379789 0.175730
v 0.862848 -0.399741 -0.022341
v 0.866512 -0.396029 0.007002
v 0.865291 -0.396493 0.025676
v 0.865291 -0.408557 0.069025
v 0.835979 -0.448925 0.115041
v 0.807890 -0.437789 0.170395
v 0.817660 -0.400669 0.205074
v 0.910479 -0.423869 0.102370
v 0.904372 -0.443821 0.127046
v 0.895823 -0.448925 0.153722
v 0.950782 -0.443357 0.150387
v 0.943454 -0.448461 0.172395
v 1.013068 -0.448461 0.178397
v 1.008183 -0.451709 0.198404
v 1.094895 -0.460525 0.217745
v 1.092452 -0.460989 0.234418
v 1.151075 -0.456350 0.221079
v 1.147411 -0.460525 0.251757
v 1.009404 -0.455421 0.218412
v 0.939790 -0.452637 0.193736
v 0.888495 -0.452173 0.178397
v 0.878725 -0.452173 0.207074
v 0.933683 -0.455421 0.222413
v 1.006961 -0.457741 0.243087
v 1.091231 -0.461454 0.255092
v 1.086346 -0.456813 0.314446
v 1.147411 -0.466558 0.286436
v 1.155960 -0.456350 0.361797
v 1.208476 -0.459597 0.325783
v 1.210919 -0.452637 0.375135
v 1.148632 -0.432221 0.419150
v 1.074133 -0.422013 0.373134
v 0.999634 -0.456350 0.289771
v 0.923913 -0.447997 0.263761
v 0.867733 -0.435933 0.235751
v 0.862848 -0.402061 0.237752
v 0.916585 -0.409949 0.275099
v 0.992306 -0.420621 0.327117
v 1.175501 -0.461917 0.266429
v 1.187714 -0.459597 0.285769
v 0.953224 -0.429901 0.122377
v 1.015511 -0.440109 0.146386
v 1.096116 -0.458670 0.195070
v 1.171837 -0.451709 0.207074
v 1.187714 -0.464237 0.190402
v 1.099780 -0.453565 0.159057
v -0.553859 -0.426653 0.647899
v -0.542868 -0.447069 0.649900
v -0.541646 -0.433149 0.657903
v -0.528212 -0.437789 0.661904
v -0.529433 -0.435933 0.676576
v -0.505007 -0.438253 0.659236
v -0.505007 -0.452173 0.650567
v -0.483024 -0.435005 0.670574
v -0.467147 -0.433613 0.671908
v -0.472032 -0.431757 0.682578
v -0.458598 -0.453101 0.652568
v -0.429287 -0.433149 0.669240
v -0.420738 -0.460989 0.650567
v -0.414631 -0.432685 0.667906
v -0.413410 -0.430365 0.677910
v -0.391426 -0.431757 0.653234
v -0.382877 -0.440573 0.653901
v -0.373107 -0.441965 0.671241
v -0.370664 -0.439181 0.669907
v -0.374328 -0.456349 0.640563
v -0.376771 -0.432685 0.647232
v -0.472032 -0.418301 -0.669907
v -0.483024 -0.421085 -0.668573
v -0.476917 -0.410413 -0.661237
v -0.506229 -0.423869 -0.652568
v -0.507450 -0.398813 -0.612553
v -0.539204 -0.392781 -0.617888
v -0.537982 -0.379789 -0.569871
v -0.570957 -0.419229 -0.563202
v -0.573400 -0.417373 -0.531857
v -0.566072 -0.450317 -0.535192
v -0.570957 -0.442429 -0.485841
v -0.531876 -0.455421 -0.481840
v -0.542868 -0.452637 -0.457164
v -0.500122 -0.454493 -0.457164
v -0.506229 -0.449389 -0.430488
v -0.459819 -0.436397 -0.437824
v -0.465926 -0.420621 -0.413815
v -0.451270 -0.388140 -0.434489
v -0.452491 -0.356588 -0.414482
v -0.452491 -0.314364 -0.431822
v -0.439057 -0.275851 -0.409147
v -0.468368 -0.224347 -0.423152
v -0.456155 -0.173306 -0.392474
v -0.502565 -0.164490 -0.397142
v -0.489130 -0.127370 -0.363797
v -0.446385 -0.147322 -0.365798
v -0.419516 -0.221562 -0.377802
v -0.446385 -0.335244 -0.388473
v -0.463483 -0.398349 -0.397142
v -0.514778 -0.439645 -0.407813
v -0.548974 -0.445677 -0.431155
v -0.578285 -0.434077 -0.465834
v -0.579507 -0.410877 -0.492510
v -0.544089 -0.379324 -0.538527
v -0.509893 -0.381644 -0.568537
v -0.485467 -0.381644 -0.618555
v -0.412189 -0.203467 -0.357795
v -0.426844 -0.295803 -0.357795
v -0.480581 -0.393245 -0.376468
v -0.517220 -0.422941 -0.384471
v -0.563630 -0.434077 -0.413148
v -0.581949 -0.426189 -0.443826
v -0.585613 -0.404845 -0.473170
v -0.559966 -0.375148 -0.504514
v -0.512335 -0.375612 -0.540527
v -0.489130 -0.369116 -0.578541
v -0.412189 -0.280027 -0.339122
v -0.465926 -0.352876 -0.344457
v -0.520884 -0.415053 -0.375135
v -0.588056 -0.409021 -0.400477
v -0.591720 -0.406237 -0.426486
v -0.591720 -0.396957 -0.455830
v -0.570957 -0.369580 -0.488509
v -0.526991 -0.362156 -0.510517
v -0.489130 -0.365868 -0.544529
v -0.454934 -0.344988 -0.330452
v -0.513556 -0.377932 -0.341789
v -0.599047 -0.386285 -0.382471
v -0.611260 -0.361228 -0.409147
v -0.599047 -0.377004 -0.441825
v -0.580728 -0.362156 -0.474504
v -0.539204 -0.351484 -0.496511
v -0.497679 -0.357516 -0.513184
v -0.507450 -0.368652 -0.330452
v -0.589277 -0.358444 -0.346458
v -0.622252 -0.331068 -0.400477
v -0.614924 -0.325036 -0.425152
v -0.589277 -0.348236 -0.459165
v -0.548974 -0.341276 -0.485841
v -0.506229 -0.348236 -0.499179
v -0.583171 -0.346380 -0.327117
v -0.639350 -0.299516 -0.366465
v -0.625916 -0.293947 -0.411148
v -0.599047 -0.288843 -0.438491
v -0.558745 -0.325964 -0.473837
v -0.513556 -0.336172 -0.489176
v -0.640572 -0.292091 -0.340455
v -0.641793 -0.238267 -0.389140
v -0.606375 -0.246619 -0.424486
v -0.566072 -0.267035 -0.448494
v -0.514778 -0.319004 -0.478505
v -0.647899 -0.224811 -0.373801
v -0.606375 -0.183050 -0.397809
v -0.570957 -0.224347 -0.429154
v -0.514778 -0.265179 -0.450495
v -0.610039 -0.159850 -0.384471
v -0.562408 -0.164954 -0.398476
v -0.502565 -0.217850 -0.425820
v -0.548974 -0.126905 -0.369132
v -0.502565 -0.164490 -0.397142
v -0.529433 -0.435469 -0.676576
v -0.534319 -0.434541 -0.677910
v -0.502565 -0.217850 -0.425820
v -0.476917 -0.273995 -0.447160
v -0.514778 -0.265179 -0.450495
v -0.481803 -0.326892 -0.473837
v -0.514778 -0.319004 -0.478505
v -0.476917 -0.343596 -0.486508
v -0.513556 -0.336172 -0.489176
v -0.472032 -0.353340 -0.498512
v -0.506229 -0.348236 -0.499179
v -0.464704 -0.360300 -0.514518
v -0.497679 -0.357516 -0.513184
v -0.453713 -0.367724 -0.549197
v -0.489130 -0.365868 -0.544529
v -0.446385 -0.370972 -0.579875
v -0.489130 -0.369116 -0.578541
v -0.435393 -0.381181 -0.620556
v -0.485467 -0.381644 -0.618555
v -0.476917 -0.410413 -0.661237
v -0.454934 -0.353804 -0.456497
v -0.448827 -0.368652 -0.473837
v -0.441500 -0.376077 -0.490509
v -0.432951 -0.381644 -0.509183
v -0.417074 -0.388140 -0.547863
v -0.406082 -0.388605 -0.579208
v -0.387763 -0.403917 -0.622557
v -0.382877 -0.418765 -0.641897
v -0.421959 -0.412269 -0.660570
v -0.415852 -0.419229 -0.662571
v -0.429287 -0.417373 -0.664572
v -0.441500 -0.404381 -0.455163
v -0.429287 -0.414589 -0.475837
v -0.418295 -0.422013 -0.497845
v -0.395090 -0.429901 -0.544529
v -0.381656 -0.442429 -0.577874
v -0.369443 -0.447997 -0.617221
v -0.374328 -0.456349 -0.641230
v -0.454934 -0.445677 -0.462499
v -0.451270 -0.449389 -0.487175
v -0.441500 -0.452173 -0.537860
v -0.437836 -0.450317 -0.571205
v -0.429287 -0.454029 -0.605884
v -0.420738 -0.461453 -0.650567
v -0.492794 -0.454957 -0.483173
v -0.478139 -0.450781 -0.535192
v -0.470811 -0.447069 -0.568537
v -0.459819 -0.449853 -0.604550
v -0.458598 -0.454029 -0.652568
v -0.519663 -0.454029 -0.535192
v -0.509893 -0.450781 -0.569871
v -0.507450 -0.453101 -0.604550
v -0.505007 -0.452637 -0.651234
v -0.563630 -0.449853 -0.568537
v -0.557523 -0.451709 -0.604550
v -0.542868 -0.447997 -0.649900
v -0.569736 -0.426653 -0.601883
v -0.553859 -0.426653 -0.647899
v -0.536761 -0.412269 -0.651900
v -0.472032 -0.418301 -0.669907
v -0.472032 -0.431757 -0.682578
v -0.478139 -0.429901 -0.682578
v -0.489130 -0.126905 0.363797
v -0.502565 -0.164490 0.397142
v -0.445164 -0.148714 0.365131
v -0.456155 -0.173306 0.391807
v -0.412189 -0.203930 0.358462
v -0.419516 -0.221562 0.377802
v -0.412189 -0.280491 0.339122
v -0.425623 -0.296268 0.357795
v -0.454934 -0.344988 0.329785
v -0.467147 -0.353340 0.344457
v -0.507450 -0.369116 0.330452
v -0.513556 -0.378396 0.341789
v -0.581949 -0.346844 0.326451
v -0.589277 -0.358444 0.345791
v -0.644235 -0.280955 0.343790
v -0.639350 -0.299516 0.365798
v -0.647899 -0.224811 0.372467
v -0.641793 -0.238267 0.389140
v -0.610039 -0.159850 0.384471
v -0.606375 -0.183050 0.397809
v -0.547753 -0.125978 0.371800
v -0.562408 -0.164490 0.397809
v -0.489130 -0.126905 0.363797
v -0.502565 -0.164490 0.397142
v -0.502565 -0.217850 0.425820
v -0.468368 -0.224347 0.423152
v -0.439057 -0.275851 0.409147
v -0.446385 -0.335244 0.388473
v -0.480581 -0.393245 0.376469
v -0.520884 -0.414589 0.374468
v -0.599047 -0.386285 0.382471
v -0.623473 -0.330140 0.401144
v -0.625916 -0.293484 0.411814
v -0.606375 -0.246619 0.423819
v -0.570957 -0.224347 0.429154
v -0.502565 -0.217850 0.425820
v -0.512335 -0.266107 0.450495
v -0.476917 -0.273995 0.447160
v -0.452491 -0.314364 0.431822
v -0.452491 -0.357052 0.414482
v -0.464704 -0.398813 0.396476
v -0.517220 -0.423405 0.385138
v -0.588056 -0.408557 0.400477
v -0.611260 -0.361228 0.409147
v -0.614924 -0.325036 0.425820
v -0.599047 -0.288843 0.437824
v -0.566072 -0.267035 0.448494
v -0.512335 -0.266107 0.450495
v -0.514778 -0.318540 0.478505
v -0.481803 -0.326892 0.473837
v -0.454934 -0.353804 0.457164
v -0.451270 -0.387677 0.434489
v -0.463483 -0.419693 0.414482
v -0.514778 -0.439645 0.407813
v -0.563630 -0.434077 0.413148
v -0.591720 -0.406237 0.426486
v -0.599047 -0.377004 0.441825
v -0.589277 -0.347772 0.459165
v -0.559966 -0.325036 0.472503
v -0.514778 -0.318540 0.478505
v -0.513556 -0.336172 0.489176
v -0.476917 -0.343596 0.485841
v -0.448827 -0.368652 0.473837
v -0.441500 -0.404381 0.455163
v -0.461041 -0.436397 0.437824
v -0.506229 -0.449389 0.430488
v -0.547753 -0.445677 0.430488
v -0.581949 -0.426189 0.443826
v -0.591720 -0.396957 0.455830
v -0.580728 -0.362620 0.473837
v -0.548974 -0.341276 0.485841
v -0.513556 -0.336172 0.489176
v -0.506229 -0.348236 0.499179
v -0.472032 -0.353340 0.498512
v -0.441500 -0.375612 0.490509
v -0.429287 -0.414589 0.475838
v -0.456155 -0.445677 0.462499
v -0.500122 -0.454493 0.457164
v -0.542868 -0.452637 0.457164
v -0.578285 -0.433613 0.465834
v -0.585613 -0.404845 0.473837
v -0.570957 -0.369580 0.488509
v -0.539204 -0.351484 0.496512
v -0.506229 -0.348236 0.499179
v -0.497679 -0.357516 0.513184
v -0.464704 -0.360300 0.514518
v -0.432951 -0.381644 0.509183
v -0.418295 -0.422013 0.497845
v -0.451270 -0.449389 0.487175
v -0.492794 -0.454957 0.483174
v -0.531876 -0.454957 0.481840
v -0.572179 -0.442429 0.486508
v -0.579507 -0.410877 0.492510
v -0.559966 -0.375148 0.504514
v -0.526991 -0.362156 0.510517
v -0.497679 -0.357516 0.513184
v -0.489130 -0.365404 0.543862
v -0.452491 -0.367724 0.549197
v -0.417074 -0.387677 0.547863
v -0.395090 -0.429901 0.543862
v -0.441500 -0.452173 0.537193
v -0.478139 -0.450781 0.535192
v -0.519663 -0.454029 0.535192
v -0.564851 -0.450317 0.535192
v -0.573400 -0.417373 0.532524
v -0.544089 -0.379324 0.538527
v -0.512335 -0.375612 0.540527
v -0.489130 -0.365404 0.543862
v -0.489130 -0.369116 0.578541
v -0.445164 -0.370972 0.579208
v -0.407303 -0.388140 0.580542
v -0.381656 -0.442429 0.577874
v -0.437836 -0.450317 0.570538
v -0.470811 -0.447069 0.568537
v -0.509893 -0.450781 0.569871
v -0.563630 -0.448925 0.569204
v -0.570957 -0.418765 0.563202
v -0.537982 -0.379789 0.569204
v -0.509893 -0.381644 0.568537
v -0.489130 -0.369116 0.578541
v -0.485467 -0.381644 0.618555
v -0.434172 -0.381181 0.619889
v -0.387763 -0.403917 0.622557
v -0.369443 -0.448461 0.617221
v -0.429287 -0.454029 0.605884
v -0.459819 -0.449853 0.605217
v -0.507450 -0.452637 0.604550
v -0.557523 -0.451245 0.604550
v -0.569736 -0.426189 0.601883
v -0.539204 -0.392781 0.617221
v -0.507450 -0.398349 0.612553
v -0.485467 -0.381644 0.618555
v -0.476917 -0.410413 0.661237
v -0.421959 -0.412269 0.660570
v -0.382877 -0.419229 0.641230
v -0.374328 -0.456349 0.640563
v -0.420738 -0.460989 0.650567
v -0.458598 -0.453101 0.652568
v -0.505007 -0.452173 0.650567
v -0.542868 -0.447069 0.649900
v -0.553859 -0.426653 0.647899
v -0.536761 -0.411805 0.651901
v -0.506229 -0.423869 0.652568
v -0.476917 -0.410413 0.661237
v 0.839644 -0.269819 0.052352
v 0.872619 -0.279099 0.041682
v 0.821324 -0.240123 0.033679
v 0.878725 -0.256827 0.029677
v 0.884831 -0.248939 0.000334
v 0.954446 -0.279563 -0.000334
v 0.948339 -0.283275 -0.023008
v 0.983757 -0.308332 -0.009670
v 0.975208 -0.316220 -0.015672
v 0.983757 -0.305084 0.003001
v 0.983757 -0.315756 0.002334
v 0.978872 -0.305547 0.015005
v 0.976429 -0.311580 0.017006
v 0.937348 -0.292556 0.035013
v 0.944675 -0.282348 0.025009
v 0.823767 -0.229451 0.001667
v 0.876282 -0.253115 -0.026343
v 0.818881 -0.238267 -0.031678
v 0.838422 -0.264251 -0.049018
v 0.873840 -0.269819 -0.039014
v 0.943454 -0.295803 -0.033679
v 0.934905 -0.311580 -0.027010
v 0.960552 -0.323180 -0.011004
v 0.965437 -0.322252 0.011004
v 0.976429 -0.311580 0.017006
v 0.927577 -0.310652 0.028344
v 0.889717 -0.313436 0.014338
v 0.892159 -0.314364 -0.009003
v 0.873840 -0.320396 0.024342
v 0.875061 -0.323180 -0.007002
v 0.937348 -0.292556 0.035013
v 0.883610 -0.302300 0.033679
v 0.866512 -0.301372 0.047017
v 0.872619 -0.279099 0.041682
v 0.839644 -0.269819 0.052352
v -1.026502 0.186762 0.059021
v -1.006961 0.179802 0.037680
v -1.039936 0.174234 0.045016
v -1.009404 0.164026 0.019007
v -1.043600 0.170986 0.031678
v -1.022838 0.167274 0.017673
v -1.044822 0.168666 0.022341
v -1.027724 0.167738 0.011671
v -1.033830 0.166810 0.000334
v -1.008183 0.163098 0.011671
v -1.010625 0.162634 0.000334
v -1.008183 0.162634 -0.011671
v -1.009404 0.164490 -0.019007
v -1.022838 0.167274 -0.017673
v -1.039936 0.174234 -0.045016
v -1.044822 0.170522 -0.031678
v 0.910479 -0.423869 -0.102370
v 0.910479 -0.391853 -0.092367
v 0.887274 -0.409021 -0.086364
v 0.886053 -0.368188 -0.075694
v 0.865291 -0.396493 -0.051685
v 0.873840 -0.353340 -0.056353
v 0.862848 -0.399741 -0.022341
v 0.876282 -0.357980 -0.027010
v 0.866512 -0.396029 0.007002
v 0.877504 -0.359372 0.003668
v 0.865291 -0.396493 0.025676
v 0.876282 -0.355660 0.033012
v 0.865291 -0.408557 0.069025
v 0.882389 -0.371900 0.073026
v 0.910479 -0.423869 0.102370
v 0.910479 -0.392317 0.092367
v 0.958109 -0.372828 0.095701
v 0.904372 -0.338028 0.093700
v 0.948339 -0.345452 0.108372
v 0.937348 -0.338492 0.149053
v 1.009404 -0.356588 0.133048
v 1.003298 -0.362620 0.181732
v 1.092452 -0.385357 0.149053
v 1.087567 -0.384428 0.205740
v 1.127870 -0.396957 0.153722
v 1.118100 -0.395101 0.209742
v 1.190156 -0.425261 0.209075
v 1.115657 -0.405773 0.229082
v 1.176722 -0.419693 0.226414
v 1.135198 -0.411341 0.251090
v 1.154739 -0.428509 0.251757
v 1.131534 -0.402061 0.274432
v 1.175501 -0.434541 0.263094
v 1.179165 -0.435005 0.284435
v 1.175501 -0.461917 0.266429
v 1.187714 -0.459597 0.285769
v 1.147411 -0.460525 0.251757
v 1.151075 -0.456350 0.221079
v 1.171837 -0.451709 0.207074
v 1.209697 -0.429437 0.171728
v 1.187714 -0.464237 0.190402
v 1.250000 -0.432221 0.142385
v 1.243894 -0.455885 0.154389
v 1.236566 -0.425261 0.123711
v 1.243894 -0.447069 0.121043
v 1.160845 -0.408093 0.084364
v 1.163288 -0.428509 0.079028
v 1.091231 -0.384893 0.105038
v 1.103444 -0.412733 0.079028
v 1.026502 -0.369116 0.100369
v 1.028945 -0.394637 0.091699
v 1.015511 -0.440109 0.146386
v 0.953224 -0.429901 0.122377
v 1.208476 -0.459597 0.325783
v 1.203591 -0.428045 0.320448
v 1.210919 -0.452637 0.375135
v 1.218246 -0.423869 0.376469
v 1.217025 -0.438253 0.441158
v 1.223131 -0.427581 0.438491
v 1.148632 -0.432221 0.419150
v 1.155960 -0.413197 0.417816
v 1.074133 -0.422013 0.373134
v 1.135198 -0.396029 0.323116
v 1.077797 -0.388605 0.315780
v 1.081461 -0.384893 0.263094
v 1.085125 -0.393245 0.237085
v 0.997191 -0.375612 0.243754
v 0.999634 -0.371900 0.223080
v 0.927577 -0.355196 0.201072
v 0.932462 -0.349628 0.180398
v 0.879946 -0.327356 0.161058
v 0.892159 -0.313900 0.123044
v 0.840865 -0.296731 0.122377
v 0.834758 -0.287452 0.095034
v 0.805447 -0.280955 0.111707
v 0.804226 -0.267963 0.084364
v 0.749267 -0.241051 0.095034
v 0.749267 -0.220635 0.067024
v 1.086346 -0.392781 0.223080
v 1.000855 -0.370972 0.205740
v 0.872619 -0.314364 0.091699
v 0.879946 -0.339420 0.077695
v 0.860405 -0.312044 0.065690
v 0.871397 -0.338956 0.048351
v 0.873840 -0.320396 0.024342
v 0.876282 -0.337100 0.016339
v 0.875061 -0.323180 -0.007002
v 0.868955 -0.310188 -0.043015
v 0.865291 -0.324572 -0.065690
v 0.853078 -0.286523 -0.054353
v 0.849414 -0.298123 -0.074360
v 0.826209 -0.277243 -0.073693
v 0.824988 -0.281883 -0.092367
v 0.793234 -0.260075 -0.079695
v 0.790791 -0.278171 -0.114374
v 0.744382 -0.267499 -0.122377
v 0.744382 -0.300443 -0.145052
v 1.187714 -0.464237 0.190402
v 1.099780 -0.453565 0.159057
v 0.745603 -0.239659 -0.097035
v 0.801783 -0.250331 -0.056353
v 0.838422 -0.264251 -0.049018
v 0.745603 -0.218779 -0.067691
v 0.818881 -0.238267 -0.031678
v 0.746825 -0.207179 -0.033679
v 0.823767 -0.229451 0.001667
v 0.746825 -0.204394 0.001000
v 0.821324 -0.240123 0.033679
v 0.748046 -0.208571 0.035013
v 0.799341 -0.254043 0.062356
v 0.826209 -0.273995 0.067024
v 0.839644 -0.269819 0.052352
v 0.866512 -0.301372 0.047017
v -1.048486 0.165418 0.000334
v -1.044822 0.168666 -0.023008
v -1.027724 0.167274 -0.011671
v 0.992306 -0.420621 0.327117
v 0.993527 -0.385357 0.278433
v 0.919028 -0.377932 0.248422
v 0.923913 -0.362620 0.221079
v 0.868955 -0.356124 0.203740
v 0.873840 -0.342668 0.185066
v 0.837201 -0.346380 0.185066
v 0.846971 -0.312508 0.148387
v 0.807890 -0.304620 0.144385
v 0.749267 -0.266571 0.118376
v 0.853078 -0.286523 -0.054353
v 0.878725 -0.294411 -0.038347
v 0.868955 -0.310188 -0.043015
v 0.916585 -0.409949 0.275099
v 0.866512 -0.373757 0.221746
v 0.862848 -0.402061 0.237752
v 0.817660 -0.400669 0.205074
v 0.800562 -0.337100 0.169728
v 0.782242 -0.379789 0.175730
v 0.750489 -0.372828 0.158390
v 0.750489 -0.295803 0.141051
v 0.750489 -0.331996 0.160391
v 0.876282 -0.324572 -0.083697
v 0.853078 -0.299516 -0.093033
v 0.860405 -0.302764 -0.117709
v 0.826209 -0.291627 -0.121043
v 0.855520 -0.323180 -0.161725
v 0.828652 -0.320860 -0.161058
v 0.824988 -0.373292 -0.201739
v 0.782242 -0.363548 -0.177730
v 0.892159 -0.313900 -0.123711
v 0.904372 -0.338028 -0.093700
v 0.949560 -0.387213 -0.095034
v 0.948339 -0.345916 -0.108372
v 1.006961 -0.356124 -0.132381
v 1.003298 -0.362620 -0.183066
v 1.093674 -0.385357 -0.147720
v 1.087567 -0.384428 -0.205740
v 1.127870 -0.396957 -0.153722
v 1.118100 -0.395101 -0.209075
v 1.191378 -0.425261 -0.209075
v 1.115657 -0.405773 -0.229082
v 1.176722 -0.419229 -0.226414
v 1.136419 -0.411341 -0.251090
v 1.154739 -0.428509 -0.251757
v 1.131534 -0.402061 -0.275099
v 1.179165 -0.435005 -0.284435
v 1.203591 -0.428045 -0.320448
v 1.187714 -0.460062 -0.285769
v 1.208476 -0.459597 -0.325783
v 1.175501 -0.461917 -0.266429
v 1.175501 -0.434541 -0.263761
v 1.148632 -0.460525 -0.251757
v 1.151075 -0.456350 -0.221079
v 1.173058 -0.452173 -0.208408
v 1.187714 -0.464237 -0.190402
v 1.209697 -0.429437 -0.171728
v 1.245115 -0.456350 -0.154389
v 1.250000 -0.432685 -0.142384
v 1.243894 -0.447069 -0.121043
v 1.236566 -0.425725 -0.124378
v 1.163288 -0.428973 -0.079028
v 1.160845 -0.408093 -0.084363
v 1.103444 -0.412733 -0.078361
v 1.091231 -0.384893 -0.105038
v 1.026502 -0.369580 -0.101036
v 0.937348 -0.338492 -0.149053
v 0.879946 -0.327356 -0.161725
v 0.931241 -0.349164 -0.179731
v 0.873840 -0.342668 -0.185066
v 0.927577 -0.355196 -0.200405
v 0.868955 -0.356124 -0.203740
v 0.923913 -0.363084 -0.221746
v 0.865291 -0.374220 -0.221746
v 0.919028 -0.377932 -0.248422
v 0.862848 -0.401597 -0.237752
v 0.916585 -0.409949 -0.275099
v 0.999634 -0.370508 -0.205740
v 0.998412 -0.371900 -0.222413
v 0.994749 -0.375148 -0.243087
v 0.991085 -0.385357 -0.278433
v 0.994749 -0.419693 -0.329785
v 1.086346 -0.392781 -0.223747
v 1.085125 -0.393245 -0.237085
v 1.081461 -0.384893 -0.263094
v 1.076575 -0.388605 -0.316447
v 1.074133 -0.422013 -0.373134
v 1.140083 -0.396957 -0.332453
v 1.155960 -0.413197 -0.417816
v 1.219468 -0.423869 -0.443159
v 1.217025 -0.438253 -0.441158
v 1.217025 -0.423869 -0.377135
v 1.210919 -0.452637 -0.375135
v 1.028945 -0.394637 -0.091699
v 0.843307 -0.399277 -0.224414
v 0.845750 -0.362156 -0.202406
v -1.115657 0.139434 -0.049684
v -1.111993 0.153818 -0.038347
v -1.124206 0.125978 -0.037680
v -1.118100 0.149178 -0.021674
v -1.131534 0.113913 -0.024342
v -1.120542 0.141754 -0.013672
v -1.121764 0.135722 -0.002334
v -1.105887 0.160314 0.009003
v -1.121764 0.136186 0.000334
v -1.121764 0.136186 0.005002
v -1.136419 0.104633 0.009670
v -1.120542 0.141754 0.013672
v -1.131534 0.114377 0.025009
v -1.118100 0.149178 0.021674
v -1.124206 0.126442 0.037680
v -1.116878 0.139434 0.049684
v -1.105887 0.160314 -0.023675
v -1.105887 0.160314 -0.009003
v -1.105887 0.160314 0.003668
v -1.105887 0.183978 0.000334
v -1.105887 0.160314 0.023008
v -1.105887 0.160314 0.047684
v -1.110772 0.153818 0.038347
v -1.105887 0.183978 -0.048351
v -1.105887 0.160314 -0.047684
v -1.104665 0.207179 -0.000334
v -1.105887 0.183978 0.049018
v -1.104665 0.207179 0.047684
v -1.093674 0.242443 0.000334
v -1.094895 0.242443 0.050352
v -1.059477 0.270747 0.021008
v -1.066805 0.267499 0.058354
v -1.060699 0.273067 0.056354
v -1.061920 0.267499 -0.015005
v -1.053371 0.275387 0.021008
v -1.044822 0.277243 0.027010
v -1.053371 0.279099 0.054353
v -1.016732 0.287915 0.027010
v -1.036273 0.286523 0.051685
v -1.020396 0.274923 0.062356
v -1.050928 0.272603 -0.015005
v -1.052150 0.272603 -0.030344
v -1.061920 0.266571 -0.030344
v -1.060699 0.273067 -0.056353
v -1.066805 0.267499 -0.058354
v -1.053371 0.279099 -0.054353
v -1.046043 0.276315 -0.030344
v -1.043600 0.275851 -0.013672
v -1.036273 0.286523 -0.051685
v -1.016732 0.287452 -0.027010
v -1.015510 0.283740 -0.000334
v -0.999634 0.279563 -0.000334
v -1.000855 0.280027 0.030344
v -1.000855 0.280491 -0.030344
v -1.021617 0.274923 -0.063023
v 1.151075 -0.456350 -0.221079
v 1.096116 -0.458670 -0.196404
v 1.015511 -0.440109 -0.146386
v 0.949560 -0.387213 -0.095034
v 0.910479 -0.391853 -0.092367
v 1.173058 -0.452173 -0.208408
v 1.098559 -0.453101 -0.158390
v 1.028945 -0.394637 -0.091699
v 1.187714 -0.464237 -0.190402
v 1.103444 -0.412733 -0.078361
v 1.163288 -0.428973 -0.079028
v 1.245115 -0.456350 -0.154389
v 1.243894 -0.447069 -0.121043
v -1.136419 0.105097 -0.009670
v -1.141304 0.099529 0.001667
v -1.104665 0.207179 -0.047684
v -1.093674 0.242443 -0.050351
v 0.994749 -0.419693 -0.329785
v 1.074133 -0.422013 -0.373134
v 1.149853 -0.432221 -0.418484
v -0.373107 -0.441965 0.671241
v -0.370664 -0.439181 0.669907
v -0.376771 -0.441037 0.673908
v -0.375549 -0.434541 0.673242
v -0.395090 -0.421085 0.648566
v -0.380435 -0.421085 0.647232
v -0.382877 -0.419229 0.641230
v -0.374328 -0.456349 0.640563
v -0.376771 -0.432685 0.647232
v -0.391426 -0.431757 0.653234
v -0.415852 -0.419229 0.662571
v -0.414631 -0.432685 0.667906
v -0.413410 -0.430365 0.677910
v -0.421959 -0.412269 0.660570
v -0.429287 -0.416909 0.664572
v -0.472032 -0.418301 0.669907
v -0.467147 -0.433613 0.671908
v -0.472032 -0.431757 0.682578
v -0.429287 -0.433149 0.669240
v -0.420738 -0.422477 0.678577
v -0.412189 -0.423869 0.678577
v -0.420738 -0.428045 0.680578
v 1.149853 -0.432221 -0.418484
v 0.793234 -0.312972 -0.152388
v 0.744382 -0.340812 -0.160391
v -0.553859 -0.426653 0.647899
v -0.541646 -0.433149 0.657903
v -0.536761 -0.411805 0.651901
v -0.536761 -0.416909 0.656569
v -0.506229 -0.423869 0.652568
v -0.522105 -0.428509 0.662571
v -0.528212 -0.437789 0.661904
v -0.529433 -0.435933 0.676576
v -0.528212 -0.430365 0.678577
v -0.533097 -0.428509 0.677243
v -0.534319 -0.434541 0.677910
v -1.250000 0.215531 0.000334
v -1.218246 0.134794 -0.021674
v -1.204812 0.138042 -0.039681
v -1.173058 0.150106 -0.061022
v -1.149853 0.111593 -0.045016
v -1.151075 0.164490 -0.075027
v -1.142525 0.125513 -0.059021
v -1.130313 0.146394 -0.074360
v -1.104665 0.161242 -0.069025
v -1.104665 0.184906 -0.074360
v -1.105887 0.160314 -0.047684
v -1.105887 0.183978 -0.048351
v -1.111993 0.153818 -0.038347
v -1.115657 0.139434 -0.049684
v -1.136419 0.175626 -0.085697
v -0.505007 -0.438253 0.659236
v -0.483024 -0.421085 0.668573
v -0.476917 -0.410413 0.661237
v -0.483024 -0.435005 0.670574
v -0.478139 -0.429437 0.682578
v -0.473253 -0.425261 0.682578
v -0.910479 0.432685 -0.111040
v -0.875061 0.433149 -0.113707
v -0.932462 0.396493 -0.123044
v -0.897045 0.388605 -0.137716
v -0.919028 0.349164 -0.143718
v -0.953224 0.390461 -0.119043
v -0.961773 0.396029 -0.111707
v -0.941011 0.406701 -0.111707
v -0.941011 0.423869 -0.108372
v -0.964216 0.402061 -0.106371
v -0.948339 0.411805 -0.104371
v -0.949560 0.422013 -0.103704
v -0.977650 0.398349 -0.101703
v -0.977650 0.392317 -0.107038
v -0.992306 0.398349 -0.095034
v -0.472032 -0.431757 -0.682578
v -0.478139 -0.429901 -0.682578
v -0.473253 -0.425261 -0.682578
v -0.472032 -0.418301 -0.669907
v -0.467147 -0.433613 -0.671908
v -0.429287 -0.417373 -0.664572
v -0.429287 -0.433149 -0.669240
v -0.420738 -0.428045 -0.680578
v -0.420738 -0.422477 -0.678577
v -0.412189 -0.423869 -0.678577
v -0.413410 -0.429901 -0.677910
v -0.415852 -0.419229 -0.662571
v -0.414631 -0.432685 -0.667906
v -0.393869 -0.421549 -0.648566
v -0.392648 -0.431757 -0.653901
v -0.375549 -0.434541 -0.673242
v -0.380435 -0.421085 -0.646565
v -0.370664 -0.438253 -0.670574
v -0.376771 -0.432685 -0.647232
v -0.373107 -0.441965 -0.671241
v -0.382877 -0.440573 -0.653901
v -0.376771 -0.440573 -0.673908
v -0.483024 -0.421085 -0.668573
v -0.483024 -0.435005 -0.670574
v -0.505007 -0.438253 -0.659236
v -0.506229 -0.423869 -0.652568
v -0.528212 -0.437789 -0.662571
v -0.522105 -0.428045 -0.662571
v -0.528212 -0.430365 -0.678577
v -0.536761 -0.416909 -0.657236
v -0.533097 -0.428509 -0.677243
v -0.534319 -0.434541 -0.677910
v -0.529433 -0.435469 -0.676576
v -0.374328 -0.456349 -0.641230
v -0.382877 -0.418765 -0.641897
v -0.541646 -0.433149 -0.657903
v -0.553859 -0.426653 -0.647899
v -0.536761 -0.412269 -0.651900
v -1.019175 0.448461 -0.041015
v -1.057035 0.434077 -0.040348
v -1.094895 0.423405 -0.043015
v -1.006961 0.179338 -0.037680
v -0.489130 -0.127370 -0.363797
v -0.393869 -0.421549 -0.648566
v -0.476917 -0.410413 0.661237
v -0.376771 -0.441037 0.673908
v -0.420738 -0.428045 0.680578
v -0.478139 -0.429437 0.682578
v -0.534319 -0.434541 0.677910
v -1.004519 0.344524 -0.117709
v -0.944675 0.422013 0.103704
v 1.217025 -0.438253 0.441158
v 1.217025 -0.438253 -0.441158
# num_vertices: 7378

vt 0.000000 0.000000
vt 1.000000 0.000000
vt 1.000000 1.000000
vt 0.000000 0.000000
vt 1.000000 0.000000
vt 0.000000 0.000000
vt 1.000000 1.000000
vt 0.000000 0.000000
vt 1.000000 0.000000
vt 0.000000 0.000000
vt 1.000000 1.000000
vt 0.000000 0.000000
vt 1.000000 0.000000
vt 0.000000 0.000000
vt 1.000000 1.000000
vt 0.000000 0.000000
vt 1.000000 0.000000
vt 0.000000 0.000000
vt 1.000000 1.000000
vt 0.000000 0.000000
vt 1.000000 0.000000
vt 0.000000 0.000000
vt 1.000000 1.000000
vt 0.000000 0.000000
vt 1.000000 0.000000
vt 0.000000 0.000000
vt 1.000000 1.000000
vt 0.000000 0.000000
vt 1.000000 0.000000
vt 0.000000 0.000000
vt 1.000000 1.000000
vt 0.000000 0.000000
vt 1.000000 0.000000
vt 0.000000 0.000000
vt 1.000000 1.000000
vt 0.000000 0.000000
vt 1.000000 0.000000
vt 0.000000 0.000000
vt 1.000000 1.000000
vt 0.000000 0.000000
vt 1.000000 0.000000
vt 0.000000 0.000000
vt 1.000000 1.000000
vt 0.000000 0.000000
vt 1.000000 0.000000
vt 0.000000 0.000000
vt 1.000000 1.000000
vt 0.000000 0.000000
vt 1.000000 0.000000
vt 0.000000 0.000000
vt 1.000000 1.000000
vt 0.000000 0.000000
vt 1.000000 0.000000
vt 0.000000 0.000000
vt 1.000000 1.000000
vt 0.000000 0.000000
vt 1.000000 0.000000
vt 0.000000 0.000000
vt 1.000000 1.000000
vt 0.000000 0.000000
vt 1.000000 0.000000
vt 0.000000 0.000000
vt 1.000000 1.000000
vt 0.000000 0.000000
vt 1.000000 0.000000
vt 0.000000 0.000000
vt 1.000000 1.000000
vt 0.000000 0.000000
vt 1.000000 0.000000
vt 0.000000 0.000000
vt 1.000000 1.000000
vt 0.000000 0.000000
vt 1.000000 0.000000
vt 0.000000 0.000000
vt 1.000000 1.000000
vt 0.000000 0.000000
vt 1.000000 0.000000
vt 0.000000 0.000000
vt 1.000000 1.000000
vt 0.000000 0.000000
vt 1.000000 0.000000
vt 0.000000 0.000000
vt 1.000000 1.000000
vt 0.000000 0.000000
vt 1.000000 0.000000
vt 0.000000 0.000000
vt 1.000000 1.000000
vt 0.000000 0.000000
vt 1.000000 0.000000
vt 0.000000 0.000000
vt 1.000000 1.000000
vt 0.000000 0.000000
vt 1.000000 0.000000
vt 0.000000 0.000000
vt 1.000000 1.000000
vt 0.000000 0.000000
vt 1.000000 0.000000
vt 0.000000 0.000000
vt 1.000000 1.000000
vt 0.000000 0.000000
vt 1.000000 0.000000
vt 0.000000 0.000000
vt 1.000000 1.000000
vt 0.000000 0.000000
vt 1.000000 0.000000
vt 0.000000 0.000000
vt 1.000000 1.000000
vt 0.000000 0.000000
vt 1.000000 0.000000
vt 0.000000 0.000000
vt 1.000000 1.000000
vt 0.000000 0.000000
vt 1.000000 0.000000
vt 0.000000 0.000000
vt 1.000000 1.000000
vt 0.000000 0.000000
vt 1.000000 0.000000
vt 0.000000 0.000000
vt 1.000000 1.000000
vt 0.000000 0.000000
vt 1.000000 0.000000
vt 0.000000 0.000000
vt 1.000000 1.000000
vt 0.000000 0.000000
vt 1.000000 0.000000
vt 0.000000 0.000000
vt 0.000000 0.000000
vt 1.000000 0.000000
vt 1.000000 1.000000
vt 0.000000 0.000000
vt 1.000000 0.000000
vt 0.000000 0.000000
vt 1.000000 1.000000
vt 0.000000 0.000000
vt 1.000000 0.000000
vt 0.000000 0.000000
vt 1.000000 1.000000
vt 0.000000 0.000000
vt 1.000000 0.000000
vt 0.000000 0.000000
vt 1.000000 1.000000
vt 0.000000 0.000000
vt 1.000000 0.000000
vt 0.000000 0.000000
vt 1.000000 1.000000
vt 0.000000 0.000000
vt 1.000000 0.000000
vt 0.000000 0.000000
vt 1.000000 1.000000
vt 0.000000 0.000000
vt 1.000000 0.000000
vt 0.000000 0.000000
vt 1.000000 1.000000
vt 0.000000 0.000000
vt 1.000000 0.000000
vt 0.000000 0.000000
vt 1.000000 1.000000
vt 0.000000 0.000000
vt 1.000000 0.000000
vt 0.000000 0.000000
vt 1.000000 1.000000
vt 0.000000 0.000000
vt 1.000000 0.000000
vt 0.000000 0.000000
vt 1.000000 1.000000
vt 0.000000 0.000000
vt 1.000000 0.000000
vt 0.000000 0.000000
vt 1.000000 1.000000
vt 0.000000 0.000000
vt 1.000000 0.000000
vt 0.000000 0.000000
vt 1.000000 1.000000
vt 0.000000 0.000000
vt 1.000000 0.000000
vt 0.000000 0.000000
vt 1.000000 1.000000
vt 0.000000 0.000000
vt 1.000000 0.000000
vt 0.000000 0.000000
vt 1.000000 1.000000
vt 0.000000 0.000000
vt 1.000000 0.000000
vt 0.000000 0.000000
vt 1.000000 1.000000
vt 0.000000 0.000000
vt 0.000000 0.000000
vt 1.000000 1.000000
vt 1.000000 0.000000
vt 0.000000 0.000000
vt 1.000000 1.000000
vt 0.000000 0.000000
vt 1.000000 0.000000
vt 0.000000 0.000000
vt 1.000000 1.000000
vt 0.000000 0.000000
vt 1.000000 0.000000
vt 0.000000 0.000000
vt 1.000000 1.000000
vt 0.000000 0.000000
vt 1.000000 0.000000
vt 0.000000 0.000000
vt 1.000000 1.000000
vt 0.000000 0.000000
vt 1.000000 0.000000
vt 0.000000 0.000000
vt 1.000000 1.000000
vt 0.000000 0.000000
vt 1.000000 0.000000
vt 0.000000 0.000000
vt 1.000000 1.000000
vt 0.000000 0.000000
vt 1.000000 0.000000
vt 0.000000 0.000000
vt 1.000000 1.000000
vt 0.000000 0.000000
vt 1.000000 0.000000
vt 0.000000 0.000000
vt 1.000000 1.000000
vt 0.000000 0.000000
vt 1.000000 0.000000
vt 0.000000 0.000000
vt 1.000000 1.000000
vt 0.000000 0.000000
vt 1.000000 0.000000
vt 0.000000 0.000000
vt 1.000000 1.000000
vt 0.000000 0.000000
vt 1.000000 0.000000
vt 0.000000 0.000000
vt 1.000000 1.000000
vt 0.000000 0.000000
vt 0.000000 0.000000
vt 1.000000 1.000000
vt 1.000000 1.000000
vt 0.000000 0.000000
vt 1.000000 1.000000
vt 0.000000 0.000000
vt 1.000000 1.000000
vt 0.000000 0.000000
vt 1.000000 1.000000
vt 0.000000 0.000000
vt 1.000000 1.000000
vt 0.000000 0.000000
vt 1.000000 1.000000
vt 0.000000 0.000000
vt 1.000000 1.000000
vt 0.000000 0.000000
vt 1.000000 1.000000
vt 0.000000 0.000000
vt 1.000000 1.000000
vt 0.000000 0.000000
vt 1.000000 1.000000
vt 0.000000 0.000000
vt 1.000000 1.000000
vt 0.000000 0.000000
vt 1.000000 1.000000
vt 0.000000 0.000000
vt 1.000000 1.000000
vt 0.000000 0.000000
vt 1.000000 1.000000
vt 0.000000 0.000000
vt 1.000000 1.000000
vt 1.000000 0.000000
vt 0.000000 0.000000
vt 1.000000 0.000000
vt 0.000000 0.000000
vt 1.000000 0.000000
vt 0.000000 0.000000
vt 1.000000 0.000000
vt 0.000000 0.000000
vt 1.000000 0.000000
vt 0.000000 0.000000
vt 1.000000 0.000000
vt 0.000000 0.000000
vt 1.000000 0.000000
vt 0.000000 0.000000
vt 1.000000 0.000000
vt 0.000000 0.000000
vt 1.000000 0.000000
vt 0.000000 0.000000
vt 1.000000 0.000000
vt 0.000000 0.000000
vt 1.000000 0.000000
vt 0.000000 0.000000
vt 1.000000 0.000000
vt 0.000000 0.000000
vt 1.000000 0.000000
vt 0.000000 0.000000
vt 1.000000 1.000000
vt 1.000000 0.000000
vt 1.000000 1.000000
vt 0.000000 0.000000
vt 1.000000 0.000000
vt 1.000000 1.000000
vt 0.000000 0.000000
vt 1.000000 0.000000
vt 1.000000 1.000000
vt 0.000000 0.000000
vt 1.000000 0.000000
vt 1.000000 1.000000
vt 0.000000 0.000000
vt 1.000000 0.000000
vt 1.000000 1.000000
vt 0.000000 0.000000
vt 1.000000 0.000000
vt 1.000000 1.000000
vt 0.000000 0.000000
vt 1.000000 0.000000
vt 1.000000 1.000000
vt 0.000000 0.000000
vt 1.000000 0.000000
vt 1.000000 1.000000
vt 0.000000 0.000000
vt 1.000000 0.000000
vt 1.000000 1.000000
vt 0.000000 0.000000
vt 1.000000 0.000000
vt 1.000000 1.000000
vt 0.000000 0.000000
vt 1.000000 0.000000
vt 1.000000 1.000000
vt 0.000000 0.000000
vt 1.000000 0.000000
vt 1.000000 1.000000
vt 0.000000 0.000000
vt 1.000000 1.000000
vt 1.000000 0.000000
vt 1.000000 1.000000
vt 0.000000 0.000000
vt 1.000000 0.000000
vt 1.000000 1.000000
vt 0.000000 0.000000
vt 1.000000 0.000000
vt 1.000000 1.000000
vt 0.000000 0.000000
vt 1.000000 0.000000
vt 1.000000 1.000000
vt 0.000000 0.000000
vt 1.000000 0.000000
vt 1.000000 1.000000
vt 0.000000 0.000000
vt 1.000000 0.000000
vt 1.000000 1.000000
vt 0.000000 0.000000
vt 1.000000 0.000000
vt 1.000000 1.000000
vt 0.000000 0.000000
vt 1.000000 0.000000
vt 1.000000 1.000000
vt 0.000000 0.000000
vt 1.000000 0.000000
vt 1.000000 1.000000
vt 0.000000 0.000000
vt 1.000000 0.000000
vt 1.000000 1.000000
vt 0.000000 0.000000
vt 1.000000 0.000000
vt 1.000000 1.000000
vt 0.000000 0.000000
vt 1.000000 1.000000
vt 1.000000 0.000000
vt 1.000000 1.000000
vt 0.000000 0.000000
vt 1.000000 0.000000
vt 1.000000 1.000000
vt 0.000000 0.000000
vt 1.000000 0.000000
vt 1.000000 1.000000
vt 0.000000 0.000000
vt 1.000000 0.000000
vt 1.000000 1.000000
vt 0.000000 0.000000
vt 1.000000 0.000000
vt 1.000000 1.000000
vt 0.000000 0.000000
vt 1.000000 0.000000
vt 1.000000 1.000000
vt 0.000000 0.000000
vt 1.000000 0.000000
vt 1.000000 1.000000
vt 0.000000 0.000000
vt 1.000000 0.000000
vt 1.000000 1.000000
vt 0.000000 0.000000
vt 1.000000 0.000000
vt 1.000000 1.000000
vt 0.000000 0.000000
vt 1.000000 0.000000
vt 1.000000 1.000000
vt 0.000000 0.000000
vt 1.000000 1.000000
vt 1.000000 0.000000
vt 1.000000 1.000000
vt 0.000000 0.000000
vt 1.000000 0.000000
vt 1.000000 1.000000
vt 0.000000 0.000000
vt 1.000000 0.000000
vt 1.000000 1.000000
vt 0.000000 0.000000
vt 1.000000 0.000000
vt 1.000000 1.000000
vt 0.000000 0.000000
vt 1.000000 0.000000
vt 1.000000 1.000000
vt 0.000000 0.000000
vt 1.000000 0.000000
vt 1.000000 1.000000
vt 0.000000 0.000000
vt 1.000000 0.000000
vt 1.000000 1.000000
vt 0.000000 0.000000
vt 1.000000 0.000000
vt 1.000000 1.000000
vt 0.000000 0.000000
vt 1.000000 0.000000
vt 1.000000 1.000000
vt 0.000000 0.000000
vt 1.000000 1.000000
vt 1.000000 0.000000
vt 1.000000 1.000000
vt 0.000000 0.000000
vt 1.000000 0.000000
vt 1.000000 1.000000
vt 0.000000 0.000000
vt 1.000000 0.000000
vt 1.000000 1.000000
vt 0.000000 0.000000
vt 1.000000 0.000000
vt 1.000000 1.000000
vt 0.000000 0.000000
vt 1.000000 0.000000
vt 1.000000 1.000000
vt 0.000000 0.000000
vt 1.000000 0.000000
vt 1.000000 1.000000
vt 0.000000 0.000000
vt 1.000000 0.000000
vt 1.000000 1.000000
vt 0.000000 0.000000
vt 1.000000 0.000000
vt 1.000000 1.000000
vt 0.000000 0.000000
vt 1.000000 1.000000
vt 1.000000 0.000000
vt 1.000000 1.000000
vt 0.000000 0.000000
vt 1.000000 0.000000
vt 1.000000 1.000000
vt 0.000000 0.000000
vt 1.000000 0.000000
vt 1.000000 1.000000
vt 0.000000 0.000000
vt 1.000000 0.000000
vt 1.000000 1.000000
vt 0.000000 0.000000
vt 1.000000 0.000000
vt 1.000000 1.000000
vt 0.000000 0.000000
vt 1.000000 0.000000
vt 1.000000 1.000000
vt 0.000000 0.000000
vt 1.000000 0.000000
vt 1.000000 1.000000
vt 0.000000 0.000000
vt 1.000000 1.000000
vt 1.000000 0.000000
vt 1.000000 1.000000
vt 0.000000 0.000000
vt 1.000000 0.000000
vt 1.000000 1.000000
vt 0.000000 0.000000
vt 1.000000 0.000000
vt 1.000000 1.000000
vt 0.000000 0.000000
vt 1.000000 0.000000
vt 1.000000 1.000000
vt 0.000000 0.000000
vt 1.000000 0.000000
vt 1.000000 1.000000
vt 0.000000 0.000000
vt 1.000000 0.000000
vt 1.000000 1.000000
vt 0.000000 0.000000
vt 1.000000 1.000000
vt 1.000000 0.000000
vt 1.000000 1.000000
vt 0.000000 0.000000
vt 1.000000 0.000000
vt 1.000000 1.000000
vt 0.000000 0.000000
vt 1.000000 0.000000
vt 1.000000 1.000000
vt 0.000000 0.000000
vt 1.000000 0.000000
vt 1.000000 1.000000
vt 0.000000 0.000000
vt 1.000000 0.000000
vt 1.000000 1.000000
vt 0.000000 0.000000
vt 1.000000 1.000000
vt 1.000000 0.000000
vt 1.000000 1.000000
vt 0.000000 0.000000
vt 1.000000 0.000000
vt 1.000000 1.000000
vt 0.000000 0.000000
vt 1.000000 0.000000
vt 1.000000 1.000000
vt 0.000000 0.000000
vt 1.000000 0.000000
vt 1.000000 1.000000
vt 0.000000 0.000000
vt 1.000000 1.000000
vt 1.000000 0.000000
vt 1.000000 1.000000
vt 0.000000 0.000000
vt 1.000000 0.000000
vt 1.000000 1.000000
vt 0.000000 0.000000
vt 1.000000 0.000000
vt 1.000000 1.000000
vt 0.000000 0.000000
vt 1.000000 1.000000
vt 1.000000 0.000000
vt 1.000000 1.000000
vt 0.000000 0.000000
vt 1.000000 0.000000
vt 1.000000 1.000000
vt 0.000000 0.000000
vt 1.000000 1.000000
vt 1.000000 0.000000
vt 1.000000 1.000000
vt 0.000000 0.000000
vt 1.000000 1.000000
vt 1.000000 1.000000
vt 1.000000 0.000000
vt 1.000000 1.000000
vt 0.000000 0.000000
vt 1.000000 0.000000
vt 1.000000 1.000000
vt 0.000000 0.000000
vt 1.000000 0.000000
vt 1.000000 1.000000
vt 0.000000 0.000000
vt 1.000000 0.000000
vt 1.000000 1.000000
vt 0.000000 0.000000
vt 1.000000 0.000000
vt 1.000000 1.000000
vt 0.000000 0.000000
vt 1.000000 0.000000
vt 1.000000 1.000000
vt 0.000000 0.000000
vt 1.000000 0.000000
vt 1.000000 1.000000
vt 0.000000 0.000000
vt 1.000000 0.000000
vt 1.000000 1.000000
vt 0.000000 0.000000
vt 1.000000 0.000000
vt 1.000000 1.000000
vt 0.000000 0.000000
vt 1.000000 0.000000
vt 1.000000 1.000000
vt 0.000000 0.000000
vt 1.000000 1.000000
vt 1.000000 0.000000
vt 1.000000 1.000000
vt 0.000000 0.000000
vt 1.000000 0.000000
vt 1.000000 1.000000
vt 0.000000 0.000000
vt 1.000000 0.000000
vt 1.000000 1.000000
vt 0.000000 0.000000
vt 1.000000 0.000000
vt 1.000000 1.000000
vt 0.000000 0.000000
vt 1.000000 0.000000
vt 1.000000 1.000000
vt 0.000000 0.000000
vt 1.000000 0.000000
vt 1.000000 1.000000
vt 0.000000 0.000000
vt 1.000000 0.000000
vt 1.000000 1.000000
vt 0.000000 0.000000
vt 1.000000 0.000000
vt 1.000000 1.000000
vt 0.000000 0.000000
vt 1.000000 0.000000
vt 1.000000 1.000000
vt 0.000000 0.000000
vt 1.000000 1.000000
vt 1.000000 0.000000
vt 1.000000 1.000000
vt 0.000000 0.000000
vt 1.000000 0.000000
vt 1.000000 1.000000
vt 0.000000 0.000000
vt 1.000000 0.000000
vt 1.000000 1.000000
vt 0.000000 0.000000
vt 1.000000 0.000000
vt 1.000000 1.000000
vt 0.000000 0.000000
vt 1.000000 0.000000
vt 1.000000 1.000000
vt 0.000000 0.000000
vt 1.000000 0.000000
vt 1.000000 1.000000
vt 0.000000 0.000000
vt 1.000000 0.000000
vt 1.000000 1.000000
vt 0.000000 0.000000
vt 1.000000 0.000000
vt 1.000000 1.000000
vt 0.000000 0.000000
vt 1.000000 1.000000
vt 1.000000 0.000000
vt 1.000000 1.000000
vt 0.000000 0.000000
vt 1.000000 0.000000
vt 1.000000 1.000000
vt 0.000000 0.000000
vt 1.000000 0.000000
vt 1.000000 1.000000
vt 0.000000 0.000000
vt 1.000000 0.000000
vt 1.000000 1.000000
vt 0.000000 0.000000
vt 1.000000 0.000000
vt 1.000000 1.000000
vt 0.000000 0.000000
vt 1.000000 0.000000
vt 1.000000 1.000000
vt 0.000000 0.000000
vt 1.000000 0.000000
vt 1.000000 1.000000
vt 0.000000 0.000000
vt 1.000000 1.000000
vt 1.000000 0.000000
vt 1.000000 1.000000
vt 0.000000 0.000000
vt 1.000000 0.000000
vt 1.000000 1.000000
vt 0.000000 0.000000
vt 1.000000 0.000000
vt 1.000000 1.000000
vt 0.000000 0.000000
vt 1.000000 0.000000
vt 1.000000 1.000000
vt 0.000000 0.000000
vt 1.000000 0.000000
vt 1.000000 1.000000
vt 0.000000 0.000000
vt 1.000000 0.000000
vt 1.000000 1.000000
vt 0.000000 0.000000
vt 1.000000 1.000000
vt 1.000000 0.000000
vt 1.000000 1.000000
vt 0.000000 0.000000
vt 1.000000 0.000000
vt 1.000000 1.000000
vt 0.000000 0.000000
vt 1.000000 0.000000
vt 1.000000 1.000000
vt 0.000000 0.000000
vt 1.000000 0.000000
vt 1.000000 1.000000
vt 0.000000 0.000000
vt 1.000000 0.000000
vt 1.000000 1.000000
vt 0.000000 0.000000
vt 1.000000 1.000000
vt 1.000000 0.000000
vt 1.000000 1.000000
vt 0.000000 0.000000
vt 1.000000 0.000000
vt 1.000000 1.000000
vt 0.000000 0.000000
vt 1.000000 0.000000
vt 1.000000 1.000000
vt 0.000000 0.000000
vt 1.000000 0.000000
vt 1.000000 1.000000
vt 0.000000 0.000000
vt 1.000000 1.000000
vt 1.000000 0.000000
vt 1.000000 1.000000
vt 0.000000 0.000000
vt 1.000000 0.000000
vt 1.000000 1.000000
vt 0.000000 0.000000
vt 1.000000 0.000000
vt 1.000000 1.000000
vt 0.000000 0.000000
vt 1.000000 1.000000
vt 1.000000 0.000000
vt 1.000000 1.000000
vt 0.000000 0.000000
vt 1.000000 0.000000
vt 1.000000 1.000000
vt 0.000000 0.000000
vt 1.000000 1.000000
vt 1.000000 0.000000
vt 1.000000 1.000000
vt 0.000000 0.000000
vt 1.000000 1.000000
vt 1.000000 0.000000
vt 0.000000 0.000000
vt 1.000000 0.000000
vt 0.000000 0.000000
vt 1.000000 0.000000
vt 0.000000 0.000000
vt 1.000000 0.000000
vt 0.000000 0.000000
vt 1.000000 0.000000
vt 0.000000 0.000000
vt 1.000000 0.000000
vt 0.000000 0.000000
vt 1.000000 0.000000
vt 0.000000 0.000000
vt 1.000000 0.000000
vt 0.000000 0.000000
vt 1.000000 0.000000
vt 0.000000 0.000000
vt 1.000000 0.000000
vt 0.000000 0.000000
vt 1.000000 0.000000
vt 0.000000 0.000000
vt 1.000000 0.000000
vt 1.000000 1.000000
vt 0.000000 0.000000
vt 1.000000 1.000000
vt 0.000000 0.000000
vt 1.000000 1.000000
vt 0.000000 0.000000
vt 1.000000 1.000000
vt 0.000000 0.000000
vt 1.000000 1.000000
vt 0.000000 0.000000
vt 1.000000 1.000000
vt 0.000000 0.000000
vt 1.000000 1.000000
vt 0.000000 0.000000
vt 1.000000 1.000000
vt 0.000000 0.000000
vt 1.000000 1.000000
vt 0.000000 0.000000
vt 1.000000 1.000000
vt 0.000000 0.000000
vt 1.000000 1.000000
vt 1.000000 0.000000
vt 0.000000 0.000000
vt 1.000000 1.000000
vt 0.000000 0.000000
vt 1.000000 0.000000
vt 0.000000 0.000000
vt 1.000000 1.000000
vt 0.000000 0.000000
vt 1.000000 0.000000
vt 0.000000 0.000000
vt 0.000000 0.000000
vt 1.000000 0.000000
vt 1.000000 0.000000
vt 1.000000 0.000000
vt 0.000000 0.000000
vt 1.000000 0.000000
vt 0.000000 0.000000
vt 1.000000 0.000000
vt 0.000000 0.000000
vt 1.000000 0.000000
vt 0.000000 0.000000
vt 1.000000 0.000000
vt 0.000000 0.000000
vt 1.000000 0.000000
vt 0.000000 0.000000
vt 1.000000 0.000000
vt 0.000000 0.000000
vt 1.000000 0.000000
vt 0.000000 0.000000
vt 1.000000 0.000000
vt 0.000000 0.000000
vt 1.000000 0.000000
vt 0.000000 0.000000
vt 1.000000 0.000000
vt 0.000000 0.000000
vt 1.000000 0.000000
vt 0.000000 0.000000
vt 1.000000 0.000000
vt 1.000000 1.000000
vt 1.000000 0.000000
vt 1.000000 1.000000
vt 0.000000 0.000000
vt 1.000000 0.000000
vt 1.000000 1.000000
vt 0.000000 0.000000
vt 1.000000 0.000000
vt 1.000000 1.000000
vt 0.000000 0.000000
vt 1.000000 0.000000
vt 1.000000 1.000000
vt 0.000000 0.000000
vt 1.000000 0.000000
vt 1.000000 1.000000
vt 0.000000 0.000000
vt 1.000000 0.000000
vt 1.000000 1.000000
vt 0.000000 0.000000
vt 1.000000 0.000000
vt 1.000000 1.000000
vt 0.000000 0.000000
vt 1.000000 0.000000
vt 1.000000 1.000000
vt 0.000000 0.000000
vt 1.000000 0.000000
vt 1.000000 1.000000
vt 0.000000 0.000000
vt 1.000000 0.000000
vt 1.000000 1.000000
vt 0.000000 0.000000
vt 1.000000 0.000000
vt 1.000000 1.000000
vt 0.000000 0.000000
vt 1.000000 0.000000
vt 1.000000 1.000000
vt 1.000000 0.000000
vt 1.000000 1.000000
vt 0.000000 0.000000
vt 1.000000 0.000000
vt 1.000000 1.000000
vt 0.000000 0.000000
vt 1.000000 0.000000
vt 1.000000 1.000000
vt 0.000000 0.000000
vt 1.000000 0.000000
vt 1.000000 1.000000
vt 0.000000 0.000000
vt 1.000000 0.000000
vt 1.000000 1.000000
vt 0.000000 0.000000
vt 1.000000 0.000000
vt 1.000000 1.000000
vt 0.000000 0.000000
vt 1.000000 0.000000
vt 1.000000 1.000000
vt 0.000000 0.000000
vt 1.000000 0.000000
vt 1.000000 1.000000
vt 0.000000 0.000000
vt 1.000000 0.000000
vt 1.000000 1.000000
vt 0.000000 0.000000
vt 1.000000 0.000000
vt 1.000000 1.000000
vt 0.000000 0.000000
vt 1.000000 0.000000
vt 1.000000 1.000000
vt 1.000000 0.000000
vt 1.000000 1.000000
vt 0.000000 0.000000
vt 1.000000 0.000000
vt 1.000000 1.000000
vt 0.000000 0.000000
vt 1.000000 0.000000
vt 1.000000 1.000000
vt 0.000000 0.000000
vt 1.000000 0.000000
vt 1.000000 1.000000
vt 0.000000 0.000000
vt 1.000000 0.000000
vt 1.000000 1.000000
vt 0.000000 0.000000
vt 1.000000 0.000000
vt 1.000000 1.000000
vt 0.000000 0.000000
vt 1.000000 0.000000
vt 1.000000 1.000000
vt 0.000000 0.000000
vt 1.000000 0.000000
vt 1.000000 1.000000
vt 0.000000 0.000000
vt 1.000000 0.000000
vt 1.000000 1.000000
vt 0.000000 0.000000
vt 1.000000 0.000000
vt 1.000000 1.000000
vt 1.000000 0.000000
vt 1.000000 1.000000
vt 0.000000 0.000000
vt 1.000000 0.000000
vt 1.000000 1.000000
vt 0.000000 0.000000
vt 1.000000 0.000000
vt 1.000000 1.000000
vt 0.000000 0.000000
vt 1.000000 0.000000
vt 1.000000 1.000000
vt 0.000000 0.000000
vt 1.000000 0.000000
vt 1.000000 1.000000
vt 0.000000 0.000000
vt 1.000000 0.000000
vt 1.000000 1.000000
vt 0.000000 0.000000
vt 1.000000 0.000000
vt 1.000000 1.000000
vt 0.000000 0.000000
vt 1.000000 0.000000
vt 1.000000 1.000000
vt 0.000000 0.000000
vt 1.000000 0.000000
vt 1.000000 1.000000
vt 1.000000 0.000000
vt 1.000000 1.000000
vt 0.000000 0.000000
vt 1.000000 0.000000
vt 1.000000 1.000000
vt 0.000000 0.000000
vt 1.000000 0.000000
vt 1.000000 1.000000
vt 0.000000 0.000000
vt 1.000000 0.000000
vt 1.000000 1.000000
vt 0.000000 0.000000
vt 1.000000 0.000000
vt 1.000000 1.000000
vt 0.000000 0.000000
vt 1.000000 0.000000
vt 1.000000 1.000000
vt 0.000000 0.000000
vt 1.000000 0.000000
vt 1.000000 1.000000
vt 0.000000 0.000000
vt 1.000000 0.000000
vt 1.000000 1.000000
vt 1.000000 0.000000
vt 1.000000 1.000000
vt 0.000000 0.000000
vt 1.000000 0.000000
vt 1.000000 1.000000
vt 0.000000 0.000000
vt 1.000000 0.000000
vt 1.000000 1.000000
vt 0.000000 0.000000
vt 1.000000 0.000000
vt 1.000000 1.000000
vt 0.000000 0.000000
vt 1.000000 0.000000
vt 1.000000 1.000000
vt 0.000000 0.000000
vt 1.000000 0.000000
vt 1.000000 1.000000
vt 0.000000 0.000000
vt 1.000000 0.000000
vt 1.000000 1.000000
vt 1.000000 0.000000
vt 1.000000 1.000000
vt 0.000000 0.000000
vt 1.000000 0.000000
vt 1.000000 1.000000
vt 0.000000 0.000000
vt 1.000000 0.000000
vt 1.000000 1.000000
vt 0.000000 0.000000
vt 1.000000 0.000000
vt 1.000000 1.000000
vt 0.000000 0.000000
vt 1.000000 0.000000
vt 1.000000 1.000000
vt 0.000000 0.000000
vt 1.000000 0.000000
vt 1.000000 1.000000
vt 0.000000 0.000000
vt 1.000000 1.000000
vt 0.000000 0.000000
vt 1.000000 1.000000
vt 0.000000 0.000000
vt 1.000000 1.000000
vt 0.000000 0.000000
vt 1.000000 0.000000
vt 1.000000 0.000000
vt 0.000000 0.000000
vt 1.000000 0.000000
vt 0.000000 0.000000
vt 1.000000 1.000000
vt 1.000000 1.000000
vt 1.000000 1.000000
vt 1.000000 0.000000
vt 1.000000 1.000000
vt 1.000000 0.000000
vt 1.000000 1.000000
vt 1.000000 0.000000
vt 1.000000 1.000000
vt 1.000000 0.000000
vt 1.000000 0.000000
vt 0.000000 0.000000
vt 1.000000 0.000000
vt 0.000000 0.000000
vt 1.000000 0.000000
vt 0.000000 0.000000
vt 1.000000 0.000000
vt 0.000000 0.000000
vt 1.000000 0.000000
vt 0.000000 0.000000
vt 1.000000 0.000000
vt 0.000000 0.000000
vt 1.000000 0.000000
vt 0.000000 0.000000
vt 1.000000 1.000000
vt 0.000000 0.000000
vt 1.000000 1.000000
vt 0.000000 0.000000
vt 1.000000 1.000000
vt 0.000000 0.000000
vt 1.000000 1.000000
vt 0.000000 0.000000
vt 1.000000 1.000000
vt 0.000000 0.000000
vt 1.000000 1.000000
vt 0.000000 0.000000
vt 1.000000 1.000000
vt 1.000000 0.000000
vt 0.000000 0.000000
vt 1.000000 1.000000
vt 0.000000 0.000000
vt 1.000000 0.000000
vt 0.000000 0.000000
vt 1.000000 1.000000
vt 0.000000 0.000000
vt 1.000000 0.000000
vt 0.000000 0.000000
vt 1.000000 1.000000
vt 0.000000 0.000000
vt 1.000000 0.000000
vt 0.000000 0.000000
vt 1.000000 1.000000
vt 0.000000 0.000000
vt 1.000000 0.000000
vt 0.000000 0.000000
vt 1.000000 1.000000
vt 0.000000 0.000000
vt 1.000000 0.000000
vt 0.000000 0.000000
vt 1.000000 1.000000
vt 0.000000 0.000000
vt 1.000000 0.000000
vt 0.000000 0.000000
vt 0.000000 0.000000
vt 1.000000 0.000000
vt 1.000000 0.000000
vt 1.000000 1.000000
vt 1.000000 0.000000
vt 1.000000 1.000000
vt 1.000000 0.000000
vt 1.000000 1.000000
vt 1.000000 0.000000
vt 1.000000 1.000000
vt 1.000000 0.000000
vt 1.000000 1.000000
vt 1.000000 0.000000
vt 1.000000 1.000000
vt 1.000000 0.000000
vt 1.000000 1.000000
vt 1.000000 0.000000
vt 1.000000 0.000000
vt 1.000000 0.000000
vt 0.000000 0.000000
vt 1.000000 0.000000
vt 0.000000 0.000000
vt 1.000000 0.000000
vt 0.000000 0.000000
vt 1.000000 0.000000
vt 0.000000 0.000000
vt 1.000000 0.000000
vt 0.000000 0.000000
vt 1.000000 0.000000
vt 0.000000 0.000000
vt 1.000000 0.000000
vt 0.000000 0.000000
vt 1.000000 0.000000
vt 0.000000 0.000000
vt 1.000000 0.000000
vt 0.000000 0.000000
vt 1.000000 0.000000
vt 0.000000 0.000000
vt 1.000000 0.000000
vt 0.000000 0.000000
vt 1.000000 0.000000
vt 0.000000 0.000000
vt 1.000000 0.000000
vt 1.000000 1.000000
vt 1.000000 0.000000
vt 1.000000 1.000000
vt 0.000000 0.000000
vt 1.000000 0.000000
vt 1.000000 1.000000
vt 0.000000 0.000000
vt 1.000000 0.000000
vt 1.000000 1.000000
vt 0.000000 0.000000
vt 1.000000 0.000000
vt 1.000000 1.000000
vt 0.000000 0.000000
vt 1.000000 0.000000
vt 1.000000 1.000000
vt 0.000000 0.000000
vt 1.000000 0.000000
vt 1.000000 1.000000
vt 0.000000 0.000000
vt 1.000000 0.000000
vt 1.000000 1.000000
vt 0.000000 0.000000
vt 1.000000 0.000000
vt 1.000000 1.000000
vt 0.000000 0.000000
vt 1.000000 0.000000
vt 1.000000 1.000000
vt 0.000000 0.000000
vt 1.000000 0.000000
vt 1.000000 1.000000
vt 0.000000 0.000000
vt 1.000000 0.000000
vt 1.000000 1.000000
vt 0.000000 0.000000
vt 1.000000 0.000000
vt 1.000000 1.000000
vt 1.000000 0.000000
vt 1.000000 1.000000
vt 0.000000 0.000000
vt 1.000000 0.000000
vt 1.000000 1.000000
vt 0.000000 0.000000
vt 1.000000 0.000000
vt 1.000000 1.000000
vt 0.000000 0.000000
vt 1.000000 0.000000
vt 1.000000 1.000000
vt 0.000000 0.000000
vt 1.000000 0.000000
vt 1.000000 1.000000
vt 0.000000 0.000000
vt 1.000000 0.000000
vt 1.000000 1.000000
vt 0.000000 0.000000
vt 1.000000 0.000000
vt 1.000000 1.000000
vt 0.000000 0.000000
vt 1.000000 0.000000
vt 1.000000 1.000000
vt 0.000000 0.000000
vt 1.000000 0.000000
vt 1.000000 1.000000
vt 0.000000 0.000000
vt 1.000000 0.000000
vt 1.000000 1.000000
vt 0.000000 0.000000
vt 1.000000 0.000000
vt 1.000000 1.000000
vt 1.000000 0.000000
vt 1.000000 1.000000
vt 0.000000 0.000000
vt 1.000000 0.000000
vt 1.000000 1.000000
vt 0.000000 0.000000
vt 1.000000 0.000000
vt 1.000000 1.000000
vt 0.000000 0.000000
vt 1.000000 0.000000
vt 1.000000 1.000000
vt 0.000000 0.000000
vt 1.000000 0.000000
vt 1.000000 1.000000
vt 0.000000 0.000000
vt 1.000000 0.000000
vt 1.000000 1.000000
vt 0.000000 0.000000
vt 1.000000 0.000000
vt 1.000000 1.000000
vt 0.000000 0.000000
vt 1.000000 0.000000
vt 1.000000 1.000000
vt 0.000000 0.000000
vt 1.000000 0.000000
vt 1.000000 1.000000
vt 0.000000 0.000000
vt 1.000000 0.000000
vt 1.000000 1.000000
vt 1.000000 0.000000
vt 1.000000 1.000000
vt 0.000000 0.000000
vt 1.000000 0.000000
vt 1.000000 1.000000
vt 0.000000 0.000000
vt 1.000000 0.000000
vt 1.000000 1.000000
vt 0.000000 0.000000
vt 1.000000 0.000000
vt 1.000000 1.000000
vt 0.000000 0.000000
vt 1.000000 0.000000
vt 1.000000 1.000000
vt 0.000000 0.000000
vt 1.000000 0.000000
vt 1.000000 1.000000
vt 0.000000 0.000000
vt 1.000000 0.000000
vt 1.000000 1.000000
vt 0.000000 0.000000
vt 1.000000 0.000000
vt 1.000000 1.000000
vt 0.000000 0.000000
vt 1.000000 0.000000
vt 1.000000 1.000000
vt 1.000000 0.000000
vt 1.000000 1.000000
vt 0.000000 0.000000
vt 1.000000 0.000000
vt 1.000000 1.000000
vt 0.000000 0.000000
vt 1.000000 0.000000
vt 1.000000 1.000000
vt 0.000000 0.000000
vt 1.000000 0.000000
vt 1.000000 1.000000
vt 0.000000 0.000000
vt 1.000000 0.000000
vt 1.000000 1.000000
vt 0.000000 0.000000
vt 1.000000 0.000000
vt 1.000000 1.000000
vt 0.000000 0.000000
vt 1.000000 0.000000
vt 1.000000 1.000000
vt 0.000000 0.000000
vt 1.000000 0.000000
vt 1.000000 1.000000
vt 1.000000 0.000000
vt 1.000000 1.000000
vt 0.000000 0.000000
vt 1.000000 0.000000
vt 1.000000 1.000000
vt 0.000000 0.000000
vt 1.000000 0.000000
vt 1.000000 1.000000
vt 0.000000 0.000000
vt 1.000000 0.000000
vt 1.000000 1.000000
vt 0.000000 0.000000
vt 1.000000 0.000000
vt 1.000000 1.000000
vt 0.000000 0.000000
vt 1.000000 0.000000
vt 1.000000 1.000000
vt 0.000000 0.000000
vt 1.000000 0.000000
vt 1.000000 1.000000
vt 1.000000 0.000000
vt 1.000000 1.000000
vt 0.000000 0.000000
vt 1.000000 0.000000
vt 1.000000 1.000000
vt 0.000000 0.000000
vt 1.000000 0.000000
vt 1.000000 1.000000
vt 0.000000 0.000000
vt 1.000000 0.000000
vt 1.000000 1.000000
vt 0.000000 0.000000
vt 1.000000 0.000000
vt 1.000000 1.000000
vt 0.000000 0.000000
vt 1.000000 0.000000
vt 1.000000 1.000000
vt 1.000000 0.000000
vt 1.000000 1.000000
vt 0.000000 0.000000
vt 1.000000 0.000000
vt 1.000000 1.000000
vt 0.000000 0.000000
vt 1.000000 0.000000
vt 1.000000 1.000000
vt 0.000000 0.000000
vt 1.000000 0.000000
vt 1.000000 1.000000
vt 0.000000 0.000000
vt 1.000000 0.000000
vt 1.000000 1.000000
vt 1.000000 0.000000
vt 1.000000 1.000000
vt 0.000000 0.000000
vt 1.000000 0.000000
vt 1.000000 1.000000
vt 0.000000 0.000000
vt 1.000000 0.000000
vt 1.000000 1.000000
vt 0.000000 0.000000
vt 1.000000 0.000000
vt 1.000000 1.000000
vt 1.000000 0.000000
vt 1.000000 1.000000
vt 0.000000 0.000000
vt 1.000000 0.000000
vt 1.000000 1.000000
vt 0.000000 0.000000
vt 1.000000 0.000000
vt 1.000000 1.000000
vt 1.000000 0.000000
vt 1.000000 1.000000
vt 0.000000 0.000000
vt 0.000000 0.000000
vt 1.000000 0.000000
vt 1.000000 1.000000
vt 0.000000 0.000000
vt 1.000000 0.000000
vt 0.000000 0.000000
vt 1.000000 1.000000
vt 0.000000 0.000000
vt 1.000000 0.000000
vt 0.000000 0.000000
vt 1.000000 1.000000
vt 0.000000 0.000000
vt 1.000000 0.000000
vt 0.000000 0.000000
vt 1.000000 1.000000
vt 0.000000 0.000000
vt 1.000000 0.000000
vt 0.000000 0.000000
vt 1.000000 1.000000
vt 0.000000 0.000000
vt 1.000000 0.000000
vt 0.000000 0.000000
vt 1.000000 1.000000
vt 0.000000 0.000000
vt 1.000000 0.000000
vt 0.000000 0.000000
vt 1.000000 1.000000
vt 0.000000 0.000000
vt 1.000000 0.000000
vt 0.000000 0.000000
vt 1.000000 1.000000
vt 0.000000 0.000000
vt 1.000000 0.000000
vt 0.000000 0.000000
vt 1.000000 1.000000
vt 0.000000 0.000000
vt 1.000000 0.000000
vt 0.000000 0.000000
vt 1.000000 1.000000
vt 0.000000 0.000000
vt 1.000000 0.000000
vt 0.000000 0.000000
vt 1.000000 1.000000
vt 0.000000 0.000000
vt 1.000000 0.000000
vt 0.000000 0.000000
vt 1.000000 1.000000
vt 0.000000 0.000000
vt 1.000000 0.000000
vt 0.000000 0.000000
vt 1.000000 1.000000
vt 0.000000 0.000000
vt 1.000000 0.000000
vt 0.000000 0.000000
vt 1.000000 1.000000
vt 0.000000 0.000000
vt 1.000000 0.000000
vt 0.000000 0.000000
vt 1.000000 1.000000
vt 0.000000 0.000000
vt 1.000000 0.000000
vt 0.000000 0.000000
vt 1.000000 1.000000
vt 0.000000 0.000000
vt 1.000000 0.000000
vt 0.000000 0.000000
vt 1.000000 1.000000
vt 0.000000 0.000000
vt 1.000000 0.000000
vt 0.000000 0.000000
vt 1.000000 1.000000
vt 0.000000 0.000000
vt 1.000000 0.000000
vt 0.000000 0.000000
vt 1.000000 1.000000
vt 0.000000 0.000000
vt 1.000000 0.000000
vt 0.000000 0.000000
vt 1.000000 1.000000
vt 0.000000 0.000000
vt 1.000000 0.000000
vt 0.000000 0.000000
vt 1.000000 1.000000
vt 0.000000 0.000000
vt 1.000000 0.000000
vt 0.000000 0.000000
vt 1.000000 1.000000
vt 0.000000 0.000000
vt 1.000000 0.000000
vt 0.000000 0.000000
vt 1.000000 1.000000
vt 0.000000 0.000000
vt 1.000000 0.000000
vt 0.000000 0.000000
vt 1.000000 1.000000
vt 0.000000 0.000000
vt 1.000000 0.000000
vt 0.000000 0.000000
vt 1.000000 1.000000
vt 0.000000 0.000000
vt 1.000000 0.000000
vt 0.000000 0.000000
vt 1.000000 1.000000
vt 0.000000 0.000000
vt 1.000000 0.000000
vt 0.000000 0.000000
vt 1.000000 1.000000
vt 0.000000 0.000000
vt 1.000000 0.000000
vt 0.000000 0.000000
vt 1.000000 1.000000
vt 0.000000 0.000000
vt 1.000000 0.000000
vt 0.000000 0.000000
vt 1.000000 1.000000
vt 0.000000 0.000000
vt 1.000000 0.000000
vt 0.000000 0.000000
vt 1.000000 1.000000
vt 0.000000 0.000000
vt 1.000000 0.000000
vt 0.000000 0.000000
vt 1.000000 1.000000
vt 0.000000 0.000000
vt 1.000000 0.000000
vt 0.000000 0.000000
vt 0.000000 0.000000
vt 1.000000 0.000000
vt 1.000000 1.000000
vt 0.000000 0.000000
vt 1.000000 0.000000
vt 0.000000 0.000000
vt 1.000000 1.000000
vt 0.000000 0.000000
vt 1.000000 0.000000
vt 0.000000 0.000000
vt 1.000000 1.000000
vt 0.000000 0.000000
vt 1.000000 0.000000
vt 0.000000 0.000000
vt 1.000000 1.000000
vt 0.000000 0.000000
vt 1.000000 0.000000
vt 0.000000 0.000000
vt 1.000000 1.000000
vt 0.000000 0.000000
vt 1.000000 0.000000
vt 0.000000 0.000000
vt 1.000000 1.000000
vt 0.000000 0.000000
vt 1.000000 0.000000
vt 0.000000 0.000000
vt 1.000000 1.000000
vt 0.000000 0.000000
vt 1.000000 0.000000
vt 0.000000 0.000000
vt 1.000000 1.000000
vt 0.000000 0.000000
vt 1.000000 0.000000
vt 0.000000 0.000000
vt 1.000000 1.000000
vt 0.000000 0.000000
vt 1.000000 0.000000
vt 0.000000 0.000000
vt 1.000000 1.000000
vt 0.000000 0.000000
vt 1.000000 0.000000
vt 0.000000 0.000000
vt 1.000000 1.000000
vt 0.000000 0.000000
vt 1.000000 0.000000
vt 0.000000 0.000000
vt 1.000000 1.000000
vt 0.000000 0.000000
vt 1.000000 0.000000
vt 0.000000 0.000000
vt 1.000000 1.000000
vt 0.000000 0.000000
vt 1.000000 0.000000
vt 0.000000 0.000000
vt 1.000000 1.000000
vt 0.000000 0.000000
vt 1.000000 0.000000
vt 0.000000 0.000000
vt 1.000000 1.000000
vt 0.000000 0.000000
vt 0.000000 0.000000
vt 1.000000 1.000000
vt 1.000000 0.000000
vt 0.000000 0.000000
vt 1.000000 1.000000
vt 0.000000 0.000000
vt 1.000000 0.000000
vt 0.000000 0.000000
vt 1.000000 1.000000
vt 0.000000 0.000000
vt 1.000000 0.000000
vt 0.000000 0.000000
vt 1.000000 1.000000
vt 0.000000 0.000000
vt 1.000000 0.000000
vt 0.000000 0.000000
vt 1.000000 1.000000
vt 0.000000 0.000000
vt 1.000000 0.000000
vt 0.000000 0.000000
vt 1.000000 1.000000
vt 0.000000 0.000000
vt 1.000000 0.000000
vt 0.000000 0.000000
vt 1.000000 1.000000
vt 0.000000 0.000000
vt 1.000000 0.000000
vt 0.000000 0.000000
vt 1.000000 1.000000
vt 0.000000 0.000000
vt 1.000000 0.000000
vt 0.000000 0.000000
vt 1.000000 1.000000
vt 0.000000 0.000000
vt 1.000000 0.000000
vt 0.000000 0.000000
vt 1.000000 1.000000
vt 0.000000 0.000000
vt 1.000000 0.000000
vt 0.000000 0.000000
vt 1.000000 1.000000
vt 0.000000 0.000000
vt 1.000000 0.000000
vt 0.000000 0.000000
vt 1.000000 1.000000
vt 0.000000 0.000000
vt 0.000000 0.000000
vt 1.000000 1.000000
vt 1.000000 1.000000
vt 0.000000 0.000000
vt 1.000000 1.000000
vt 0.000000 0.000000
vt 1.000000 1.000000
vt 0.000000 0.000000
vt 1.000000 1.000000
vt 0.000000 0.000000
vt 1.000000 1.000000
vt 0.000000 0.000000
vt 1.000000 1.000000
vt 0.000000 0.000000
vt 1.000000 1.000000
vt 0.000000 0.000000
vt 1.000000 1.000000
vt 0.000000 0.000000
vt 1.000000 1.000000
vt 0.000000 0.000000
vt 1.000000 1.000000
vt 0.000000 0.000000
vt 1.000000 1.000000
vt 0.000000 0.000000
vt 1.000000 1.000000
vt 0.000000 0.000000
vt 1.000000 1.000000
vt 0.000000 0.000000
vt 1.000000 1.000000
vt 0.000000 0.000000
vt 1.000000 1.000000
vt 1.000000 0.000000
vt 0.000000 0.000000
vt 1.000000 0.000000
vt 0.000000 0.000000
vt 1.000000 0.000000
vt 0.000000 0.000000
vt 1.000000 0.000000
vt 0.000000 0.000000
vt 1.000000 0.000000
vt 0.000000 0.000000
vt 1.000000 0.000000
vt 0.000000 0.000000
vt 1.000000 0.000000
vt 0.000000 0.000000
vt 1.000000 0.000000
vt 0.000000 0.000000
vt 1.000000 0.000000
vt 0.000000 0.000000
vt 1.000000 0.000000
vt 0.000000 0.000000
vt 1.000000 0.000000
vt 0.000000 0.000000
vt 1.000000 0.000000
vt 0.000000 0.000000
vt 1.000000 0.000000
vt 0.000000 0.000000
vt 1.000000 1.000000
vt 1.000000 0.000000
vt 1.000000 1.000000
vt 0.000000 0.000000
vt 1.000000 0.000000
vt 1.000000 1.000000
vt 0.000000 0.000000
vt 1.000000 0.000000
vt 1.000000 1.000000
vt 0.000000 0.000000
vt 1.000000 0.000000
vt 1.000000 1.000000
vt 0.000000 0.000000
vt 1.000000 0.000000
vt 1.000000 1.000000
vt 0.000000 0.000000
vt 1.000000 0.000000
vt 1.000000 1.000000
vt 0.000000 0.000000
vt 1.000000 0.000000
vt 1.000000 1.000000
vt 0.000000 0.000000
vt 1.000000 0.000000
vt 1.000000 1.000000
vt 0.000000 0.000000
vt 1.000000 0.000000
vt 1.000000 1.000000
vt 0.000000 0.000000
vt 1.000000 0.000000
vt 1.000000 1.000000
vt 0.000000 0.000000
vt 1.000000 0.000000
vt 1.000000 1.000000
vt 0.000000 0.000000
vt 1.000000 0.000000
vt 1.000000 1.000000
vt 0.000000 0.000000
vt 1.000000 1.000000
vt 1.000000 0.000000
vt 1.000000 1.000000
vt 0.000000 0.000000
vt 1.000000 0.000000
vt 1.000000 1.000000
vt 0.000000 0.000000
vt 1.000000 0.000000
vt 1.000000 1.000000
vt 0.000000 0.000000
vt 1.000000 0.000000
vt 1.000000 1.000000
vt 0.000000 0.000000
vt 1.000000 0.000000
vt 1.000000 1.000000
vt 0.000000 0.000000
vt 1.000000 0.000000
vt 1.000000 1.000000
vt 0.000000 0.000000
vt 1.000000 0.000000
vt 1.000000 1.000000
vt 0.000000 0.000000
vt 1.000000 0.000000
vt 1.000000 1.000000
vt 0.000000 0.000000
vt 1.000000 0.000000
vt 1.000000 1.000000
vt 0.000000 0.000000
vt 1.000000 0.000000
vt 1.000000 1.000000
vt 0.000000 0.000000
vt 1.000000 0.000000
vt 1.000000 1.000000
vt 0.000000 0.000000
vt 1.000000 1.000000
vt 1.000000 0.000000
vt 1.000000 1.000000
vt 0.000000 0.000000
vt 1.000000 0.000000
vt 1.000000 1.000000
vt 0.000000 0.000000
vt 1.000000 0.000000
vt 1.000000 1.000000
vt 0.000000 0.000000
vt 1.000000 0.000000
vt 1.000000 1.000000
vt 0.000000 0.000000
vt 1.000000 0.000000
vt 1.000000 1.000000
vt 0.000000 0.000000
vt 1.000000 0.000000
vt 1.000000 1.000000
vt 0.000000 0.000000
vt 1.000000 0.000000
vt 1.000000 1.000000
vt 0.000000 0.000000
vt 1.000000 0.000000
vt 1.000000 1.000000
vt 0.000000 0.000000
vt 1.000000 0.000000
vt 1.000000 1.000000
vt 0.000000 0.000000
vt 1.000000 0.000000
vt 1.000000 1.000000
vt 0.000000 0.000000
vt 1.000000 1.000000
vt 1.000000 0.000000
vt 1.000000 1.000000
vt 0.000000 0.000000
vt 1.000000 0.000000
vt 1.000000 1.000000
vt 0.000000 0.000000
vt 1.000000 0.000000
vt 1.000000 1.000000
vt 0.000000 0.000000
vt 1.000000 0.000000
vt 1.000000 1.000000
vt 0.000000 0.000000
vt 1.000000 0.000000
vt 1.000000 1.000000
vt 0.000000 0.000000
vt 1.000000 0.000000
vt 1.000000 1.000000
vt 0.000000 0.000000
vt 1.000000 0.000000
vt 1.000000 1.000000
vt 0.000000 0.000000
vt 1.000000 0.000000
vt 1.000000 1.000000
vt 0.000000 0.000000
vt 1.000000 0.000000
vt 1.000000 1.000000
vt 0.000000 0.000000
vt 1.000000 1.000000
vt 1.000000 0.000000
vt 1.000000 1.000000
vt 0.000000 0.000000
vt 1.000000 0.000000
vt 1.000000 1.000000
vt 0.000000 0.000000
vt 1.000000 0.000000
vt 1.000000 1.000000
vt 0.000000 0.000000
vt 1.000000 0.000000
vt 1.000000 1.000000
vt 0.000000 0.000000
vt 1.000000 0.000000
vt 1.000000 1.000000
vt 0.000000 0.000000
vt 1.000000 0.000000
vt 1.000000 1.000000
vt 0.000000 0.000000
vt 1.000000 0.000000
vt 1.000000 1.000000
vt 0.000000 0.000000
vt 1.000000 0.000000
vt 1.000000 1.000000
vt 0.000000 0.000000
vt 1.000000 1.000000
vt 1.000000 0.000000
vt 1.000000 1.000000
vt 0.000000 0.000000
vt 1.000000 0.000000
vt 1.000000 1.000000
vt 0.000000 0.000000
vt 1.000000 0.000000
vt 1.000000 1.000000
vt 0.000000 0.000000
vt 1.000000 0.000000
vt 1.000000 1.000000
vt 0.000000 0.000000
vt 1.000000 0.000000
vt 1.000000 1.000000
vt 0.000000 0.000000
vt 1.000000 0.000000
vt 1.000000 1.000000
vt 0.000000 0.000000
vt 1.000000 0.000000
vt 1.000000 1.000000
vt 0.000000 0.000000
vt 1.000000 1.000000
vt 1.000000 0.000000
vt 1.000000 1.000000
vt 0.000000 0.000000
vt 1.000000 0.000000
vt 1.000000 1.000000
vt 0.000000 0.000000
vt 1.000000 0.000000
vt 1.000000 1.000000
vt 0.000000 0.000000
vt 1.000000 0.000000
vt 1.000000 1.000000
vt 0.000000 0.000000
vt 1.000000 0.000000
vt 1.000000 1.000000
vt 0.000000 0.000000
vt 1.000000 0.000000
vt 1.000000 1.000000
vt 0.000000 0.000000
vt 1.000000 1.000000
vt 1.000000 0.000000
vt 1.000000 1.000000
vt 0.000000 0.000000
vt 1.000000 0.000000
vt 1.000000 1.000000
vt 0.000000 0.000000
vt 1.000000 0.000000
vt 1.000000 1.000000
vt 0.000000 0.000000
vt 1.000000 0.000000
vt 1.000000 1.000000
vt 0.000000 0.000000
vt 1.000000 0.000000
vt 1.000000 1.000000
vt 0.000000 0.000000
vt 1.000000 1.000000
vt 1.000000 0.000000
vt 1.000000 1.000000
vt 0.000000 0.000000
vt 1.000000 0.000000
vt 1.000000 1.000000
vt 0.000000 0.000000
vt 1.000000 0.000000
vt 1.000000 1.000000
vt 0.000000 0.000000
vt 1.000000 0.000000
vt 1.000000 1.000000
vt 0.000000 0.000000
vt 1.000000 1.000000
vt 1.000000 0.000000
vt 1.000000 1.000000
vt 0.000000 0.000000
vt 1.000000 0.000000
vt 1.000000 1.000000
vt 0.000000 0.000000
vt 1.000000 0.000000
vt 1.000000 1.000000
vt 0.000000 0.000000
vt 1.000000 1.000000
vt 1.000000 0.000000
vt 1.000000 1.000000
vt 0.000000 0.000000
vt 1.000000 0.000000
vt 1.000000 1.000000
vt 0.000000 0.000000
vt 1.000000 1.000000
vt 1.000000 0.000000
vt 1.000000 1.000000
vt 0.000000 0.000000
vt 1.000000 1.000000
vt 1.000000 1.000000
vt 1.000000 0.000000
vt 1.000000 1.000000
vt 0.000000 0.000000
vt 1.000000 0.000000
vt 1.000000 1.000000
vt 0.000000 0.000000
vt 1.000000 0.000000
vt 1.000000 1.000000
vt 0.000000 0.000000
vt 1.000000 0.000000
vt 1.000000 1.000000
vt 0.000000 0.000000
vt 1.000000 0.000000
vt 1.000000 1.000000
vt 0.000000 0.000000
vt 1.000000 0.000000
vt 1.000000 1.000000
vt 0.000000 0.000000
vt 1.000000 0.000000
vt 1.000000 1.000000
vt 0.000000 0.000000
vt 1.000000 0.000000
vt 1.000000 1.000000
vt 0.000000 0.000000
vt 1.000000 0.000000
vt 1.000000 1.000000
vt 0.000000 0.000000
vt 1.000000 0.000000
vt 1.000000 1.000000
vt 0.000000 0.000000
vt 1.000000 1.000000
vt 1.000000 0.000000
vt 1.000000 1.000000
vt 0.000000 0.000000
vt 1.000000 0.000000
vt 1.000000 1.000000
vt 0.000000 0.000000
vt 1.000000 0.000000
vt 1.000000 1.000000
vt 0.000000 0.000000
vt 1.000000 0.000000
vt 1.000000 1.000000
vt 0.000000 0.000000
vt 1.000000 0.000000
vt 1.000000 1.000000
vt 0.000000 0.000000
vt 1.000000 0.000000
vt 1.000000 1.000000
vt 0.000000 0.000000
vt 1.000000 0.000000
vt 1.000000 1.000000
vt 0.000000 0.000000
vt 1.000000 0.000000
vt 1.000000 1.000000
vt 0.000000 0.000000
vt 1.000000 0.000000
vt 1.000000 1.000000
vt 0.000000 0.000000
vt 1.000000 1.000000
vt 1.000000 0.000000
vt 1.000000 1.000000
vt 0.000000 0.000000
vt 1.000000 0.000000
vt 1.000000 1.000000
vt 0.000000 0.000000
vt 1.000000 0.000000
vt 1.000000 1.000000
vt 0.000000 0.000000
vt 1.000000 0.000000
vt 1.000000 1.000000
vt 0.000000 0.000000
vt 1.000000 0.000000
vt 1.000000 1.000000
vt 0.000000 0.000000
vt 1.000000 0.000000
vt 1.000000 1.000000
vt 0.000000 0.000000
vt 1.000000 0.000000
vt 1.000000 1.000000
vt 0.000000 0.000000
vt 1.000000 0.000000
vt 1.000000 1.000000
vt 0.000000 0.000000
vt 1.000000 1.000000
vt 1.000000 0.000000
vt 1.000000 1.000000
vt 0.000000 0.000000
vt 1.000000 0.000000
vt 1.000000 1.000000
vt 0.000000 0.000000
vt 1.000000 0.000000
vt 1.000000 1.000000
vt 0.000000 0.000000
vt 1.000000 0.000000
vt 1.000000 1.000000
vt 0.000000 0.000000
vt 1.000000 0.000000
vt 1.000000 1.000000
vt 0.000000 0.000000
vt 1.000000 0.000000
vt 1.000000 1.000000
vt 0.000000 0.000000
vt 1.000000 0.000000
vt 1.000000 1.000000
vt 0.000000 0.000000
vt 1.000000 1.000000
vt 1.000000 0.000000
vt 1.000000 1.000000
vt 0.000000 0.000000
vt 1.000000 0.000000
vt 1.000000 1.000000
vt 0.000000 0.000000
vt 1.000000 0.000000
vt 1.000000 1.000000
vt 0.000000 0.000000
vt 1.000000 0.000000
vt 1.000000 1.000000
vt 0.000000 0.000000
vt 1.000000 0.000000
vt 1.000000 1.000000
vt 0.000000 0.000000
vt 1.000000 0.000000
vt 1.000000 1.000000
vt 0.000000 0.000000
vt 1.000000 1.000000
vt 1.000000 0.000000
vt 1.000000 1.000000
vt 0.000000 0.000000
vt 1.000000 0.000000
vt 1.000000 1.000000
vt 0.000000 0.000000
vt 1.000000 0.000000
vt 1.000000 1.000000
vt 0.000000 0.000000
vt 1.000000 0.000000
vt 1.000000 1.000000
vt 0.000000 0.000000
vt 1.000000 0.000000
vt 1.000000 1.000000
vt 0.000000 0.000000
vt 1.000000 1.000000
vt 1.000000 0.000000
vt 1.000000 1.000000
vt 0.000000 0.000000
vt 1.000000 0.000000
vt 1.000000 1.000000
vt 0.000000 0.000000
vt 1.000000 0.000000
vt 1.000000 1.000000
vt 0.000000 0.000000
vt 1.000000 0.000000
vt 1.000000 1.000000
vt 0.000000 0.000000
vt 1.000000 1.000000
vt 1.000000 0.000000
vt 1.000000 1.000000
vt 0.000000 0.000000
vt 1.000000 0.000000
vt 1.000000 1.000000
vt 0.000000 0.000000
vt 1.000000 0.000000
vt 1.000000 1.000000
vt 0.000000 0.000000
vt 1.000000 1.000000
vt 1.000000 0.000000
vt 1.000000 1.000000
vt 0.000000 0.000000
vt 1.000000 0.000000
vt 1.000000 1.000000
vt 0.000000 0.000000
vt 1.000000 1.000000
vt 1.000000 0.000000
vt 1.000000 1.000000
vt 0.000000 0.000000
vt 1.000000 1.000000
vt 1.000000 0.000000
vt 0.000000 0.000000
vt 1.000000 0.000000
vt 0.000000 0.000000
vt 1.000000 0.000000
vt 0.000000 0.000000
vt 1.000000 0.000000
vt 0.000000 0.000000
vt 1.000000 0.000000
vt 0.000000 0.000000
vt 1.000000 0.000000
vt 0.000000 0.000000
vt 1.000000 0.000000
vt 0.000000 0.000000
vt 1.000000 0.000000
vt 0.000000 0.000000
vt 1.000000 0.000000
vt 0.000000 0.000000
vt 1.000000 0.000000
vt 0.000000 0.000000
vt 1.000000 0.000000
vt 0.000000 0.000000
vt 1.000000 0.000000
vt 1.000000 1.000000
vt 0.000000 0.000000
vt 1.000000 1.000000
vt 0.000000 0.000000
vt 1.000000 1.000000
vt 0.000000 0.000000
vt 1.000000 1.000000
vt 0.000000 0.000000
vt 1.000000 1.000000
vt 0.000000 0.000000
vt 1.000000 1.000000
vt 0.000000 0.000000
vt 1.000000 1.000000
vt 0.000000 0.000000
vt 1.000000 1.000000
vt 0.000000 0.000000
vt 1.000000 1.000000
vt 0.000000 0.000000
vt 1.000000 1.000000
vt 0.000000 0.000000
vt 1.000000 1.000000
vt 1.000000 0.000000
vt 0.000000 0.000000
vt 1.000000 1.000000
vt 0.000000 0.000000
vt 1.000000 0.000000
vt 0.000000 0.000000
vt 1.000000 1.000000
vt 0.000000 0.000000
vt 1.000000 0.000000
vt 0.000000 0.000000
vt 0.000000 0.000000
vt 1.000000 0.000000
vt 1.000000 0.000000
vt 1.000000 0.000000
vt 0.000000 0.000000
vt 1.000000 0.000000
vt 0.000000 0.000000
vt 1.000000 0.000000
vt 0.000000 0.000000
vt 1.000000 0.000000
vt 0.000000 0.000000
vt 1.000000 0.000000
vt 0.000000 0.000000
vt 1.000000 0.000000
vt 0.000000 0.000000
vt 1.000000 0.000000
vt 0.000000 0.000000
vt 1.000000 0.000000
vt 0.000000 0.000000
vt 1.000000 0.000000
vt 0.000000 0.000000
vt 1.000000 0.000000
vt 0.000000 0.000000
vt 1.000000 0.000000
vt 0.000000 0.000000
vt 1.000000 0.000000
vt 0.000000 0.000000
vt 1.000000 0.000000
vt 1.000000 1.000000
vt 1.000000 0.000000
vt 1.000000 1.000000
vt 0.000000 0.000000
vt 1.000000 0.000000
vt 1.000000 1.000000
vt 0.000000 0.000000
vt 1.000000 0.000000
vt 1.000000 1.000000
vt 0.000000 0.000000
vt 1.000000 0.000000
vt 1.000000 1.000000
vt 0.000000 0.000000
vt 1.000000 0.000000
vt 1.000000 1.000000
vt 0.000000 0.000000
vt 1.000000 0.000000
vt 1.000000 1.000000
vt 0.000000 0.000000
vt 1.000000 0.000000
vt 1.000000 1.000000
vt 0.000000 0.000000
vt 1.000000 0.000000
vt 1.000000 1.000000
vt 0.000000 0.000000
vt 1.000000 0.000000
vt 1.000000 1.000000
vt 0.000000 0.000000
vt 1.000000 0.000000
vt 1.000000 1.000000
vt 0.000000 0.000000
vt 1.000000 0.000000
vt 1.000000 1.000000
vt 0.000000 0.000000
vt 1.000000 0.000000
vt 1.000000 1.000000
vt 1.000000 0.000000
vt 1.000000 1.000000
vt 0.000000 0.000000
vt 1.000000 0.000000
vt 1.000000 1.000000
vt 0.000000 0.000000
vt 1.000000 0.000000
vt 1.000000 1.000000
vt 0.000000 0.000000
vt 1.000000 0.000000
vt 1.000000 1.000000
vt 0.000000 0.000000
vt 1.000000 0.000000
vt 1.000000 1.000000
vt 0.000000 0.000000
vt 1.000000 0.000000
vt 1.000000 1.000000
vt 0.000000 0.000000
vt 1.000000 0.000000
vt 1.000000 1.000000
vt 0.000000 0.000000
vt 1.000000 0.000000
vt 1.000000 1.000000
vt 0.000000 0.000000
vt 1.000000 0.000000
vt 1.000000 1.000000
vt 0.000000 0.000000
vt 1.000000 0.000000
vt 1.000000 1.000000
vt 0.000000 0.000000
vt 1.000000 0.000000
vt 1.000000 1.000000
vt 1.000000 0.000000
vt 1.000000 1.000000
vt 0.000000 0.000000
vt 1.000000 0.000000
vt 1.000000 1.000000
vt 0.000000 0.000000
vt 1.000000 0.000000
vt 1.000000 1.000000
vt 0.000000 0.000000
vt 1.000000 0.000000
vt 1.000000 1.000000
vt 0.000000 0.000000
vt 1.000000 0.000000
vt 1.000000 1.000000
vt 0.000000 0.000000
vt 1.000000 0.000000
vt 1.000000 1.000000
vt 0.000000 0.000000
vt 1.000000 0.000000
vt 1.000000 1.000000
vt 0.000000 0.000000
vt 1.000000 0.000000
vt 1.000000 1.000000
vt 0.000000 0.000000
vt 1.000000 0.000000
vt 1.000000 1.000000
vt 0.000000 0.000000
vt 1.000000 0.000000
vt 1.000000 1.000000
vt 1.000000 0.000000
vt 1.000000 1.000000
vt 0.000000 0.000000
vt 1.000000 0.000000
vt 1.000000 1.000000
vt 0.000000 0.000000
vt 1.000000 0.000000
vt 1.000000 1.000000
vt 0.000000 0.000000
vt 1.000000 0.000000
vt 1.000000 1.000000
vt 0.000000 0.000000
vt 1.000000 0.000000
vt 1.000000 1.000000
vt 0.000000 0.000000
vt 1.000000 0.000000
vt 1.000000 1.000000
vt 0.000000 0.000000
vt 1.000000 0.000000
vt 1.000000 1.000000
vt 0.000000 0.000000
vt 1.000000 0.000000
vt 1.000000 1.000000
vt 0.000000 0.000000
vt 1.000000 0.000000
vt 1.000000 1.000000
vt 1.000000 0.000000
vt 1.000000 1.000000
vt 0.000000 0.000000
vt 1.000000 0.000000
vt 1.000000 1.000000
vt 0.000000 0.000000
vt 1.000000 0.000000
vt 1.000000 1.000000
vt 0.000000 0.000000
vt 1.000000 0.000000
vt 1.000000 1.000000
vt 0.000000 0.000000
vt 1.000000 0.000000
vt 1.000000 1.000000
vt 0.000000 0.000000
vt 1.000000 0.000000
vt 1.000000 1.000000
vt 0.000000 0.000000
vt 1.000000 0.000000
vt 1.000000 1.000000
vt 0.000000 0.000000
vt 1.000000 0.000000
vt 1.000000 1.000000
vt 1.000000 0.000000
vt 1.000000 1.000000
vt 0.000000 0.000000
vt 1.000000 0.000000
vt 1.000000 1.000000
vt 0.000000 0.000000
vt 1.000000 0.000000
vt 1.000000 1.000000
vt 0.000000 0.000000
vt 1.000000 0.000000
vt 1.000000 1.000000
vt 0.000000 0.000000
vt 1.000000 0.000000
vt 1.000000 1.000000
vt 0.000000 0.000000
vt 1.000000 0.000000
vt 1.000000 1.000000
vt 0.000000 0.000000
vt 1.000000 0.000000
vt 1.000000 1.000000
vt 1.000000 0.000000
vt 1.000000 1.000000
vt 0.000000 0.000000
vt 1.000000 0.000000
vt 1.000000 1.000000
vt 0.000000 0.000000
vt 1.000000 0.000000
vt 1.000000 1.000000
vt 0.000000 0.000000
vt 1.000000 0.000000
vt 1.000000 1.000000
vt 0.000000 0.000000
vt 1.000000 0.000000
vt 1.000000 1.000000
vt 0.000000 0.000000
vt 1.000000 1.000000
vt 1.000000 1.000000
vt 0.000000 0.000000
vt 1.000000 1.000000
vt 0.000000 0.000000
vt 1.000000 1.000000
vt 0.000000 0.000000
vt 1.000000 0.000000
vt 1.000000 0.000000
vt 0.000000 0.000000
vt 1.000000 0.000000
vt 0.000000 0.000000
vt 1.000000 1.000000
vt 1.000000 1.000000
vt 1.000000 1.000000
vt 1.000000 0.000000
vt 1.000000 1.000000
vt 1.000000 0.000000
vt 1.000000 1.000000
vt 1.000000 0.000000
vt 1.000000 1.000000
vt 1.000000 0.000000
vt 1.000000 0.000000
vt 0.000000 0.000000
vt 1.000000 0.000000
vt 0.000000 0.000000
vt 1.000000 0.000000
vt 0.000000 0.000000
vt 1.000000 0.000000
vt 0.000000 0.000000
vt 1.000000 0.000000
vt 0.000000 0.000000
vt 1.000000 0.000000
vt 0.000000 0.000000
vt 1.000000 0.000000
vt 0.000000 0.000000
vt 1.000000 0.000000
vt 0.000000 0.000000
vt 1.000000 0.000000
vt 0.000000 0.000000
vt 1.000000 0.000000
vt 0.000000 0.000000
vt 1.000000 0.000000
vt 0.000000 0.000000
vt 1.000000 0.000000
vt 0.000000 0.000000
vt 1.000000 0.000000
vt 0.000000 0.000000
vt 1.000000 0.000000
vt 1.000000 0.000000
vt 0.000000 0.000000
vt 1.000000 0.000000
vt 0.000000 0.000000
vt 1.000000 0.000000
vt 0.000000 0.000000
vt 1.000000 0.000000
vt 0.000000 0.000000
vt 1.000000 0.000000
vt 0.000000 0.000000
vt 1.000000 0.000000
vt 0.000000 0.000000
vt 1.000000 0.000000
vt 0.000000 0.000000
vt 1.000000 0.000000
vt 0.000000 0.000000
vt 1.000000 0.000000
vt 0.000000 0.000000
vt 1.000000 0.000000
vt 0.000000 0.000000
vt 1.000000 0.000000
vt 0.000000 0.000000
vt 1.000000 0.000000
vt 0.000000 0.000000
vt 1.000000 0.000000
vt 0.000000 0.000000
vt 1.000000 1.000000
vt 1.000000 0.000000
vt 1.000000 1.000000
vt 0.000000 0.000000
vt 1.000000 0.000000
vt 1.000000 1.000000
vt 0.000000 0.000000
vt 1.000000 0.000000
vt 1.000000 1.000000
vt 0.000000 0.000000
vt 1.000000 0.000000
vt 1.000000 1.000000
vt 0.000000 0.000000
vt 1.000000 0.000000
vt 1.000000 1.000000
vt 0.000000 0.000000
vt 1.000000 0.000000
vt 1.000000 1.000000
vt 0.000000 0.000000
vt 1.000000 0.000000
vt 1.000000 1.000000
vt 0.000000 0.000000
vt 1.000000 0.000000
vt 1.000000 1.000000
vt 0.000000 0.000000
vt 1.000000 0.000000
vt 1.000000 1.000000
vt 0.000000 0.000000
vt 1.000000 0.000000
vt 1.000000 1.000000
vt 0.000000 0.000000
vt 1.000000 0.000000
vt 1.000000 1.000000
vt 0.000000 0.000000
vt 1.000000 0.000000
vt 1.000000 1.000000
vt 0.000000 0.000000
vt 1.000000 1.000000
vt 1.000000 0.000000
vt 1.000000 1.000000
vt 0.000000 0.000000
vt 1.000000 0.000000
vt 1.000000 1.000000
vt 0.000000 0.000000
vt 1.000000 0.000000
vt 1.000000 1.000000
vt 0.000000 0.000000
vt 1.000000 0.000000
vt 1.000000 1.000000
vt 0.000000 0.000000
vt 1.000000 0.000000
vt 1.000000 1.000000
vt 0.000000 0.000000
vt 1.000000 0.000000
vt 1.000000 1.000000
vt 0.000000 0.000000
vt 1.000000 0.000000
vt 1.000000 1.000000
vt 0.000000 0.000000
vt 1.000000 0.000000
vt 1.000000 1.000000
vt 0.000000 0.000000
vt 1.000000 0.000000
vt 1.000000 1.000000
vt 0.000000 0.000000
vt 1.000000 0.000000
vt 1.000000 1.000000
vt 0.000000 0.000000
vt 1.000000 0.000000
vt 1.000000 1.000000
vt 0.000000 0.000000
vt 1.000000 1.000000
vt 1.000000 0.000000
vt 1.000000 1.000000
vt 0.000000 0.000000
vt 1.000000 0.000000
vt 1.000000 1.000000
vt 0.000000 0.000000
vt 1.000000 0.000000
vt 1.000000 1.000000
vt 0.000000 0.000000
vt 1.000000 0.000000
vt 1.000000 1.000000
vt 0.000000 0.000000
vt 1.000000 0.000000
vt 1.000000 1.000000
vt 0.000000 0.000000
vt 1.000000 0.000000
vt 1.000000 1.000000
vt 0.000000 0.000000
vt 1.000000 0.000000
vt 1.000000 1.000000
vt 0.000000 0.000000
vt 1.000000 0.000000
vt 1.000000 1.000000
vt 0.000000 0.000000
vt 1.000000 0.000000
vt 1.000000 1.000000
vt 0.000000 0.000000
vt 1.000000 0.000000
vt 1.000000 1.000000
vt 0.000000 0.000000
vt 1.000000 1.000000
vt 1.000000 0.000000
vt 1.000000 1.000000
vt 0.000000 0.000000
vt 1.000000 0.000000
vt 1.000000 1.000000
vt 0.000000 0.000000
vt 1.000000 0.000000
vt 1.000000 1.000000
vt 0.000000 0.000000
vt 1.000000 0.000000
vt 1.000000 1.000000
vt 0.000000 0.000000
vt 1.000000 0.000000
vt 1.000000 1.000000
vt 0.000000 0.000000
vt 1.000000 0.000000
vt 1.000000 1.000000
vt 0.000000 0.000000
vt 1.000000 0.000000
vt 1.000000 1.000000
vt 0.000000 0.000000
vt 1.000000 0.000000
vt 1.000000 1.000000
vt 0.000000 0.000000
vt 1.000000 0.000000
vt 1.000000 1.000000
vt 0.000000 0.000000
vt 1.000000 1.000000
vt 1.000000 0.000000
vt 1.000000 1.000000
vt 0.000000 0.000000
vt 1.000000 0.000000
vt 1.000000 1.000000
vt 0.000000 0.000000
vt 1.000000 0.000000
vt 1.000000 1.000000
vt 0.000000 0.000000
vt 1.000000 0.000000
vt 1.000000 1.000000
vt 0.000000 0.000000
vt 1.000000 0.000000
vt 1.000000 1.000000
vt 0.000000 0.000000
vt 1.000000 0.000000
vt 1.000000 1.000000
vt 0.000000 0.000000
vt 1.000000 0.000000
vt 1.000000 1.000000
vt 0.000000 0.000000
vt 1.000000 0.000000
vt 1.000000 1.000000
vt 0.000000 0.000000
vt 1.000000 1.000000
vt 1.000000 0.000000
vt 1.000000 1.000000
vt 0.000000 0.000000
vt 1.000000 0.000000
vt 1.000000 1.000000
vt 0.000000 0.000000
vt 1.000000 0.000000
vt 1.000000 1.000000
vt 0.000000 0.000000
vt 1.000000 0.000000
vt 1.000000 1.000000
vt 0.000000 0.000000
vt 1.000000 0.000000
vt 1.000000 1.000000
vt 0.000000 0.000000
vt 1.000000 0.000000
vt 1.000000 1.000000
vt 0.000000 0.000000
vt 1.000000 0.000000
vt 1.000000 1.000000
vt 0.000000 0.000000
vt 1.000000 1.000000
vt 1.000000 0.000000
vt 1.000000 1.000000
vt 0.000000 0.000000
vt 1.000000 0.000000
vt 1.000000 1.000000
vt 0.000000 0.000000
vt 1.000000 0.000000
vt 1.000000 1.000000
vt 0.000000 0.000000
vt 1.000000 0.000000
vt 1.000000 1.000000
vt 0.000000 0.000000
vt 1.000000 0.000000
vt 1.000000 1.000000
vt 0.000000 0.000000
vt 1.000000 0.000000
vt 1.000000 1.000000
vt 0.000000 0.000000
vt 1.000000 1.000000
vt 1.000000 0.000000
vt 1.000000 1.000000
vt 0.000000 0.000000
vt 1.000000 0.000000
vt 1.000000 1.000000
vt 0.000000 0.000000
vt 1.000000 0.000000
vt 1.000000 1.000000
vt 0.000000 0.000000
vt 1.000000 0.000000
vt 1.000000 1.000000
vt 0.000000 0.000000
vt 1.000000 0.000000
vt 1.000000 1.000000
vt 0.000000 0.000000
vt 1.000000 1.000000
vt 1.000000 0.000000
vt 1.000000 1.000000
vt 0.000000 0.000000
vt 1.000000 0.000000
vt 1.000000 1.000000
vt 0.000000 0.000000
vt 1.000000 0.000000
vt 1.000000 1.000000
vt 0.000000 0.000000
vt 1.000000 0.000000
vt 1.000000 1.000000
vt 0.000000 0.000000
vt 1.000000 1.000000
vt 1.000000 0.000000
vt 1.000000 1.000000
vt 0.000000 0.000000
vt 1.000000 0.000000
vt 1.000000 1.000000
vt 0.000000 0.000000
vt 1.000000 0.000000
vt 1.000000 1.000000
vt 0.000000 0.000000
vt 1.000000 1.000000
vt 1.000000 0.000000
vt 1.000000 1.000000
vt 0.000000 0.000000
vt 1.000000 0.000000
vt 1.000000 1.000000
vt 0.000000 0.000000
vt 1.000000 1.000000
vt 1.000000 0.000000
vt 1.000000 1.000000
vt 0.000000 0.000000
vt 1.000000 1.000000
vt 0.000000 0.000000
vt 1.000000 0.000000
vt 0.000000 0.000000
vt 1.000000 0.000000
vt 1.000000 1.000000
vt 0.000000 0.000000
vt 1.000000 0.000000
vt 0.000000 0.000000
vt 1.000000 1.000000
vt 0.000000 0.000000
vt 1.000000 0.000000
vt 0.000000 0.000000
vt 1.000000 1.000000
vt 0.000000 0.000000
vt 1.000000 0.000000
vt 0.000000 0.000000
vt 1.000000 1.000000
vt 0.000000 0.000000
vt 1.000000 0.000000
vt 0.000000 0.000000
vt 1.000000 1.000000
vt 0.000000 0.000000
vt 1.000000 0.000000
vt 0.000000 0.000000
vt 1.000000 1.000000
vt 0.000000 0.000000
vt 1.000000 0.000000
vt 0.000000 0.000000
vt 1.000000 1.000000
vt 0.000000 0.000000
vt 1.000000 0.000000
vt 0.000000 0.000000
vt 1.000000 1.000000
vt 0.000000 0.000000
vt 1.000000 0.000000
vt 0.000000 0.000000
vt 1.000000 1.000000
vt 0.000000 0.000000
vt 1.000000 0.000000
vt 0.000000 0.000000
vt 1.000000 1.000000
vt 0.000000 0.000000
vt 1.000000 0.000000
vt 0.000000 0.000000
vt 1.000000 1.000000
vt 0.000000 0.000000
vt 1.000000 0.000000
vt 0.000000 0.000000
vt 1.000000 1.000000
vt 0.000000 0.000000
vt 1.000000 0.000000
vt 0.000000 0.000000
vt 1.000000 1.000000
vt 0.000000 0.000000
vt 1.000000 0.000000
vt 0.000000 0.000000
vt 1.000000 1.000000
vt 0.000000 0.000000
vt 1.000000 0.000000
vt 0.000000 0.000000
vt 1.000000 1.000000
vt 0.000000 0.000000
vt 1.000000 0.000000
vt 0.000000 0.000000
vt 1.000000 1.000000
vt 0.000000 0.000000
vt 1.000000 0.000000
vt 0.000000 0.000000
vt 1.000000 1.000000
vt 0.000000 0.000000
vt 1.000000 0.000000
vt 0.000000 0.000000
vt 1.000000 1.000000
vt 0.000000 0.000000
vt 1.000000 0.000000
vt 0.000000 0.000000
vt 1.000000 1.000000
vt 0.000000 0.000000
vt 1.000000 0.000000
vt 0.000000 0.000000
vt 1.000000 1.000000
vt 0.000000 0.000000
vt 1.000000 0.000000
vt 0.000000 0.000000
vt 1.000000 1.000000
vt 0.000000 0.000000
vt 1.000000 0.000000
vt 0.000000 0.000000
vt 1.000000 1.000000
vt 0.000000 0.000000
vt 1.000000 0.000000
vt 0.000000 0.000000
vt 1.000000 1.000000
vt 0.000000 0.000000
vt 1.000000 0.000000
vt 0.000000 0.000000
vt 1.000000 1.000000
vt 0.000000 0.000000
vt 1.000000 0.000000
vt 0.000000 0.000000
vt 1.000000 1.000000
vt 0.000000 0.000000
vt 1.000000 0.000000
vt 0.000000 0.000000
vt 1.000000 1.000000
vt 0.000000 0.000000
vt 1.000000 0.000000
vt 0.000000 0.000000
vt 1.000000 1.000000
vt 0.000000 0.000000
vt 1.000000 0.000000
vt 0.000000 0.000000
vt 1.000000 1.000000
vt 0.000000 0.000000
vt 1.000000 0.000000
vt 0.000000 0.000000
vt 1.000000 1.000000
vt 0.000000 0.000000
vt 1.000000 0.000000
vt 0.000000 0.000000
vt 1.000000 1.000000
vt 0.000000 0.000000
vt 1.000000 0.000000
vt 0.000000 0.000000
vt 1.000000 1.000000
vt 0.000000 0.000000
vt 1.000000 0.000000
vt 0.000000 0.000000
vt 0.000000 0.000000
vt 1.000000 0.000000
vt 1.000000 1.000000
vt 0.000000 0.000000
vt 1.000000 0.000000
vt 0.000000 0.000000
vt 1.000000 1.000000
vt 0.000000 0.000000
vt 1.000000 0.000000
vt 0.000000 0.000000
vt 1.000000 1.000000
vt 0.000000 0.000000
vt 1.000000 0.000000
vt 0.000000 0.000000
vt 1.000000 1.000000
vt 0.000000 0.000000
vt 1.000000 0.000000
vt 0.000000 0.000000
vt 1.000000 1.000000
vt 0.000000 0.000000
vt 1.000000 0.000000
vt 0.000000 0.000000
vt 1.000000 1.000000
vt 0.000000 0.000000
vt 1.000000 0.000000
vt 0.000000 0.000000
vt 1.000000 1.000000
vt 0.000000 0.000000
vt 1.000000 0.000000
vt 0.000000 0.000000
vt 1.000000 1.000000
vt 0.000000 0.000000
vt 1.000000 0.000000
vt 0.000000 0.000000
vt 1.000000 1.000000
vt 0.000000 0.000000
vt 1.000000 0.000000
vt 0.000000 0.000000
vt 1.000000 1.000000
vt 0.000000 0.000000
vt 1.000000 0.000000
vt 0.000000 0.000000
vt 1.000000 1.000000
vt 0.000000 0.000000
vt 1.000000 0.000000
vt 0.000000 0.000000
vt 1.000000 1.000000
vt 0.000000 0.000000
vt 1.000000 0.000000
vt 0.000000 0.000000
vt 1.000000 1.000000
vt 0.000000 0.000000
vt 1.000000 0.000000
vt 0.000000 0.000000
vt 1.000000 1.000000
vt 0.000000 0.000000
vt 1.000000 0.000000
vt 0.000000 0.000000
vt 1.000000 1.000000
vt 0.000000 0.000000
vt 0.000000 0.000000
vt 1.000000 1.000000
vt 1.000000 0.000000
vt 0.000000 0.000000
vt 1.000000 1.000000
vt 0.000000 0.000000
vt 1.000000 0.000000
vt 0.000000 0.000000
vt 1.000000 1.000000
vt 0.000000 0.000000
vt 1.000000 0.000000
vt 0.000000 0.000000
vt 1.000000 1.000000
vt 0.000000 0.000000
vt 1.000000 0.000000
vt 0.000000 0.000000
vt 1.000000 1.000000
vt 0.000000 0.000000
vt 1.000000 0.000000
vt 0.000000 0.000000
vt 1.000000 1.000000
vt 0.000000 0.000000
vt 1.000000 0.000000
vt 0.000000 0.000000
vt 1.000000 1.000000
vt 0.000000 0.000000
vt 1.000000 0.000000
vt 0.000000 0.000000
vt 1.000000 1.000000
vt 0.000000 0.000000
vt 1.000000 0.000000
vt 0.000000 0.000000
vt 1.000000 1.000000
vt 0.000000 0.000000
vt 1.000000 0.000000
vt 0.000000 0.000000
vt 1.000000 1.000000
vt 0.000000 0.000000
vt 1.000000 0.000000
vt 0.000000 0.000000
vt 1.000000 1.000000
vt 0.000000 0.000000
vt 1.000000 0.000000
vt 0.000000 0.000000
vt 1.000000 1.000000
vt 0.000000 0.000000
vt 0.000000 0.000000
vt 1.000000 1.000000
vt 1.000000 1.000000
vt 0.000000 0.000000
vt 1.000000 1.000000
vt 0.000000 0.000000
vt 1.000000 1.000000
vt 0.000000 0.000000
vt 1.000000 1.000000
vt 0.000000 0.000000
vt 1.000000 1.000000
vt 0.000000 0.000000
vt 1.000000 1.000000
vt 0.000000 0.000000
vt 1.000000 1.000000
vt 0.000000 0.000000
vt 1.000000 1.000000
vt 0.000000 0.000000
vt 1.000000 1.000000
vt 0.000000 0.000000
vt 1.000000 1.000000
vt 0.000000 0.000000
vt 1.000000 1.000000
vt 0.000000 0.000000
vt 1.000000 1.000000
vt 0.000000 0.000000
vt 1.000000 1.000000
vt 0.000000 0.000000
vt 1.000000 1.000000
vt 0.000000 0.000000
vt 1.000000 1.000000
vt 1.000000 0.000000
vt 0.000000 0.000000
vt 1.000000 0.000000
vt 0.000000 0.000000
vt 1.000000 0.000000
vt 0.000000 0.000000
vt 1.000000 0.000000
vt 0.000000 0.000000
vt 1.000000 0.000000
vt 0.000000 0.000000
vt 1.000000 0.000000
vt 0.000000 0.000000
vt 1.000000 0.000000
vt 0.000000 0.000000
vt 1.000000 0.000000
vt 0.000000 0.000000
vt 1.000000 0.000000
vt 0.000000 0.000000
vt 1.000000 0.000000
vt 0.000000 0.000000
vt 1.000000 0.000000
vt 0.000000 0.000000
vt 1.000000 0.000000
vt 0.000000 0.000000
vt 1.000000 0.000000
vt 0.000000 0.000000
vt 1.000000 1.000000
vt 1.000000 0.000000
vt 1.000000 1.000000
vt 0.000000 0.000000
vt 1.000000 0.000000
vt 1.000000 1.000000
vt 0.000000 0.000000
vt 1.000000 0.000000
vt 1.000000 1.000000
vt 0.000000 0.000000
vt 1.000000 0.000000
vt 1.000000 1.000000
vt 0.000000 0.000000
vt 1.000000 0.000000
vt 1.000000 1.000000
vt 0.000000 0.000000
vt 1.000000 0.000000
vt 1.000000 1.000000
vt 0.000000 0.000000
vt 1.000000 0.000000
vt 1.000000 1.000000
vt 0.000000 0.000000
vt 1.000000 0.000000
vt 1.000000 1.000000
vt 0.000000 0.000000
vt 1.000000 0.000000
vt 1.000000 1.000000
vt 0.000000 0.000000
vt 1.000000 0.000000
vt 1.000000 1.000000
vt 0.000000 0.000000
vt 1.000000 0.000000
vt 1.000000 1.000000
vt 0.000000 0.000000
vt 1.000000 0.000000
vt 1.000000 1.000000
vt 0.000000 0.000000
vt 1.000000 1.000000
vt 1.000000 0.000000
vt 1.000000 1.000000
vt 0.000000 0.000000
vt 1.000000 0.000000
vt 1.000000 1.000000
vt 0.000000 0.000000
vt 1.000000 0.000000
vt 1.000000 1.000000
vt 0.000000 0.000000
vt 1.000000 0.000000
vt 1.000000 1.000000
vt 0.000000 0.000000
vt 1.000000 0.000000
vt 1.000000 1.000000
vt 0.000000 0.000000
vt 1.000000 0.000000
vt 1.000000 1.000000
vt 0.000000 0.000000
vt 1.000000 0.000000
vt 1.000000 1.000000
vt 0.000000 0.000000
vt 1.000000 0.000000
vt 1.000000 1.000000
vt 0.000000 0.000000
vt 1.000000 0.000000
vt 1.000000 1.000000
vt 0.000000 0.000000
vt 1.000000 0.000000
vt 1.000000 1.000000
vt 0.000000 0.000000
vt 1.000000 0.000000
vt 1.000000 1.000000
vt 0.000000 0.000000
vt 1.000000 1.000000
vt 1.000000 0.000000
vt 1.000000 1.000000
vt 0.000000 0.000000
vt 1.000000 0.000000
vt 1.000000 1.000000
vt 0.000000 0.000000
vt 1.000000 0.000000
vt 1.000000 1.000000
vt 0.000000 0.000000
vt 1.000000 0.000000
vt 1.000000 1.000000
vt 0.000000 0.000000
vt 1.000000 0.000000
vt 1.000000 1.000000
vt 0.000000 0.000000
vt 1.000000 0.000000
vt 1.000000 1.000000
vt 0.000000 0.000000
vt 1.000000 0.000000
vt 1.000000 1.000000
vt 0.000000 0.000000
vt 1.000000 0.000000
vt 1.000000 1.000000
vt 0.000000 0.000000
vt 1.000000 0.000000
vt 1.000000 1.000000
vt 0.000000 0.000000
vt 1.000000 0.000000
vt 1.000000 1.000000
vt 0.000000 0.000000
vt 1.000000 1.000000
vt 1.000000 0.000000
vt 1.000000 1.000000
vt 0.000000 0.000000
vt 1.000000 0.000000
vt 1.000000 1.000000
vt 0.000000 0.000000
vt 1.000000 0.000000
vt 1.000000 1.000000
vt 0.000000 0.000000
vt 1.000000 0.000000
vt 1.000000 1.000000
vt 0.000000 0.000000
vt 1.000000 0.000000
vt 1.000000 1.000000
vt 0.000000 0.000000
vt 1.000000 0.000000
vt 1.000000 1.000000
vt 0.000000 0.000000
vt 1.000000 0.000000
vt 1.000000 1.000000
vt 0.000000 0.000000
vt 1.000000 0.000000
vt 1.000000 1.000000
vt 0.000000 0.000000
vt 1.000000 0.000000
vt 1.000000 1.000000
vt 0.000000 0.000000
vt 1.000000 1.000000
vt 1.000000 0.000000
vt 1.000000 1.000000
vt 0.000000 0.000000
vt 1.000000 0.000000
vt 1.000000 1.000000
vt 0.000000 0.000000
vt 1.000000 0.000000
vt 1.000000 1.000000
vt 0.000000 0.000000
vt 1.000000 0.000000
vt 1.000000 1.000000
vt 0.000000 0.000000
vt 1.000000 0.000000
vt 1.000000 1.000000
vt 0.000000 0.000000
vt 1.000000 0.000000
vt 1.000000 1.000000
vt 0.000000 0.000000
vt 1.000000 0.000000
vt 1.000000 1.000000
vt 0.000000 0.000000
vt 1.000000 0.000000
vt 1.000000 1.000000
vt 0.000000 0.000000
vt 1.000000 1.000000
vt 1.000000 0.000000
vt 1.000000 1.000000
vt 0.000000 0.000000
vt 1.000000 0.000000
vt 1.000000 1.000000
vt 0.000000 0.000000
vt 1.000000 0.000000
vt 1.000000 1.000000
vt 0.000000 0.000000
vt 1.000000 0.000000
vt 1.000000 1.000000
vt 0.000000 0.000000
vt 1.000000 0.000000
vt 1.000000 1.000000
vt 0.000000 0.000000
vt 1.000000 0.000000
vt 1.000000 1.000000
vt 0.000000 0.000000
vt 1.000000 0.000000
vt 1.000000 1.000000
vt 0.000000 0.000000
vt 1.000000 1.000000
vt 1.000000 0.000000
vt 1.000000 1.000000
vt 0.000000 0.000000
vt 1.000000 0.000000
vt 1.000000 1.000000
vt 0.000000 0.000000
vt 1.000000 0.000000
vt 1.000000 1.000000
vt 0.000000 0.000000
vt 1.000000 0.000000
vt 1.000000 1.000000
vt 0.000000 0.000000
vt 1.000000 0.000000
vt 1.000000 1.000000
vt 0.000000 0.000000
vt 1.000000 0.000000
vt 1.000000 1.000000
vt 0.000000 0.000000
vt 1.000000 1.000000
vt 1.000000 0.000000
vt 1.000000 1.000000
vt 0.000000 0.000000
vt 1.000000 0.000000
vt 1.000000 1.000000
vt 0.000000 0.000000
vt 1.000000 0.000000
vt 1.000000 1.000000
vt 0.000000 0.000000
vt 1.000000 0.000000
vt 1.000000 1.000000
vt 0.000000 0.000000
vt 1.000000 0.000000
vt 1.000000 1.000000
vt 0.000000 0.000000
vt 1.000000 1.000000
vt 1.000000 0.000000
vt 1.000000 1.000000
vt 0.000000 0.000000
vt 1.000000 0.000000
vt 1.000000 1.000000
vt 0.000000 0.000000
vt 1.000000 0.000000
vt 1.000000 1.000000
vt 0.000000 0.000000
vt 1.000000 0.000000
vt 1.000000 1.000000
vt 0.000000 0.000000
vt 1.000000 1.000000
vt 1.000000 0.000000
vt 1.000000 1.000000
vt 0.000000 0.000000
vt 1.000000 0.000000
vt 1.000000 1.000000
vt 0.000000 0.000000
vt 1.000000 0.000000
vt 1.000000 1.000000
vt 0.000000 0.000000
vt 1.000000 1.000000
vt 1.000000 0.000000
vt 1.000000 1.000000
vt 0.000000 0.000000
vt 1.000000 0.000000
vt 1.000000 1.000000
vt 0.000000 0.000000
vt 1.000000 1.000000
vt 1.000000 0.000000
vt 1.000000 1.000000
vt 0.000000 0.000000
vt 1.000000 1.000000
vt 1.000000 1.000000
vt 1.000000 0.000000
vt 1.000000 1.000000
vt 0.000000 0.000000
vt 1.000000 0.000000
vt 1.000000 1.000000
vt 0.000000 0.000000
vt 1.000000 0.000000
vt 1.000000 1.000000
vt 0.000000 0.000000
vt 1.000000 0.000000
vt 1.000000 1.000000
vt 0.000000 0.000000
vt 1.000000 0.000000
vt 1.000000 1.000000
vt 0.000000 0.000000
vt 1.000000 0.000000
vt 1.000000 1.000000
vt 0.000000 0.000000
vt 1.000000 0.000000
vt 1.000000 1.000000
vt 0.000000 0.000000
vt 1.000000 0.000000
vt 1.000000 1.000000
vt 0.000000 0.000000
vt 1.000000 0.000000
vt 1.000000 1.000000
vt 0.000000 0.000000
vt 1.000000 0.000000
vt 1.000000 1.000000
vt 0.000000 0.000000
vt 1.000000 1.000000
vt 1.000000 0.000000
vt 1.000000 1.000000
vt 0.000000 0.000000
vt 1.000000 0.000000
vt 1.000000 1.000000
vt 0.000000 0.000000
vt 1.000000 0.000000
vt 1.000000 1.000000
vt 0.000000 0.000000
vt 1.000000 0.000000
vt 1.000000 1.000000
vt 0.000000 0.000000
vt 1.000000 0.000000
vt 1.000000 1.000000
vt 0.000000 0.000000
vt 1.000000 0.000000
vt 1.000000 1.000000
vt 0.000000 0.000000
vt 1.000000 0.000000
vt 1.000000 1.000000
vt 0.000000 0.000000
vt 1.000000 0.000000
vt 1.000000 1.000000
vt 0.000000 0.000000
vt 1.000000 0.000000
vt 1.000000 1.000000
vt 0.000000 0.000000
vt 1.000000 1.000000
vt 1.000000 0.000000
vt 1.000000 1.000000
vt 0.000000 0.000000
vt 1.000000 0.000000
vt 1.000000 1.000000
vt 0.000000 0.000000
vt 1.000000 0.000000
vt 1.000000 1.000000
vt 0.000000 0.000000
vt 1.000000 0.000000
vt 1.000000 1.000000
vt 0.000000 0.000000
vt 1.000000 0.000000
vt 1.000000 1.000000
vt 0.000000 0.000000
vt 1.000000 0.000000
vt 1.000000 1.000000
vt 0.000000 0.000000
vt 1.000000 0.000000
vt 1.000000 1.000000
vt 0.000000 0.000000
vt 1.000000 0.000000
vt 1.000000 1.000000
vt 0.000000 0.000000
vt 1.000000 1.000000
vt 1.000000 0.000000
vt 1.000000 1.000000
vt 0.000000 0.000000
vt 1.000000 0.000000
vt 1.000000 1.000000
vt 0.000000 0.000000
vt 1.000000 0.000000
vt 1.000000 1.000000
vt 0.000000 0.000000
vt 1.000000 0.000000
vt 1.000000 1.000000
vt 0.000000 0.000000
vt 1.000000 0.000000
vt 1.000000 1.000000
vt 0.000000 0.000000
vt 1.000000 0.000000
vt 1.000000 1.000000
vt 0.000000 0.000000
vt 1.000000 0.000000
vt 1.000000 1.000000
vt 0.000000 0.000000
vt 1.000000 1.000000
vt 1.000000 0.000000
vt 1.000000 1.000000
vt 0.000000 0.000000
vt 1.000000 0.000000
vt 1.000000 1.000000
vt 0.000000 0.000000
vt 1.000000 0.000000
vt 1.000000 1.000000
vt 0.000000 0.000000
vt 1.000000 0.000000
vt 1.000000 1.000000
vt 0.000000 0.000000
vt 1.000000 0.000000
vt 1.000000 1.000000
vt 0.000000 0.000000
vt 1.000000 0.000000
vt 1.000000 1.000000
vt 0.000000 0.000000
vt 1.000000 1.000000
vt 1.000000 0.000000
vt 1.000000 1.000000
vt 0.000000 0.000000
vt 1.000000 0.000000
vt 1.000000 1.000000
vt 0.000000 0.000000
vt 1.000000 0.000000
vt 1.000000 1.000000
vt 0.000000 0.000000
vt 1.000000 0.000000
vt 1.000000 1.000000
vt 0.000000 0.000000
vt 1.000000 0.000000
vt 1.000000 1.000000
vt 0.000000 0.000000
vt 1.000000 1.000000
vt 1.000000 0.000000
vt 1.000000 1.000000
vt 0.000000 0.000000
vt 1.000000 0.000000
vt 1.000000 1.000000
vt 0.000000 0.000000
vt 1.000000 0.000000
vt 1.000000 1.000000
vt 0.000000 0.000000
vt 1.000000 0.000000
vt 1.000000 1.000000
vt 0.000000 0.000000
vt 1.000000 1.000000
vt 1.000000 0.000000
vt 1.000000 1.000000
vt 0.000000 0.000000
vt 1.000000 0.000000
vt 1.000000 1.000000
vt 0.000000 0.000000
vt 1.000000 0.000000
vt 1.000000 1.000000
vt 0.000000 0.000000
vt 1.000000 1.000000
vt 1.000000 0.000000
vt 1.000000 1.000000
vt 0.000000 0.000000
vt 1.000000 0.000000
vt 1.000000 1.000000
vt 0.000000 0.000000
vt 1.000000 1.000000
vt 1.000000 0.000000
vt 1.000000 1.000000
vt 0.000000 0.000000
vt 1.000000 1.000000
vt 1.000000 0.000000
vt 0.000000 0.000000
vt 1.000000 0.000000
vt 0.000000 0.000000
vt 1.000000 0.000000
vt 0.000000 0.000000
vt 1.000000 0.000000
vt 0.000000 0.000000
vt 1.000000 0.000000
vt 0.000000 0.000000
vt 1.000000 0.000000
vt 0.000000 0.000000
vt 1.000000 0.000000
vt 0.000000 0.000000
vt 1.000000 0.000000
vt 0.000000 0.000000
vt 1.000000 0.000000
vt 0.000000 0.000000
vt 1.000000 0.000000
vt 0.000000 0.000000
vt 1.000000 0.000000
vt 0.000000 0.000000
vt 1.000000 0.000000
vt 0.000000 0.000000
vt 1.000000 0.000000
vt 1.000000 1.000000
vt 0.000000 0.000000
vt 1.000000 1.000000
vt 0.000000 0.000000
vt 1.000000 1.000000
vt 0.000000 0.000000
vt 1.000000 1.000000
vt 0.000000 0.000000
vt 1.000000 1.000000
vt 0.000000 0.000000
vt 1.000000 1.000000
vt 0.000000 0.000000
vt 1.000000 1.000000
vt 0.000000 0.000000
vt 1.000000 1.000000
vt 0.000000 0.000000
vt 1.000000 1.000000
vt 0.000000 0.000000
vt 1.000000 1.000000
vt 0.000000 0.000000
vt 1.000000 1.000000
vt 0.000000 0.000000
vt 1.000000 1.000000
vt 1.000000 0.000000
vt 0.000000 0.000000
vt 1.000000 1.000000
vt 0.000000 0.000000
vt 1.000000 0.000000
vt 0.000000 0.000000
vt 0.000000 0.000000
vt 1.000000 0.000000
vt 1.000000 0.000000
vt 1.000000 0.000000
vt 0.000000 0.000000
vt 1.000000 0.000000
vt 0.000000 0.000000
vt 1.000000 0.000000
vt 0.000000 0.000000
vt 1.000000 0.000000
vt 0.000000 0.000000
vt 1.000000 0.000000
vt 0.000000 0.000000
vt 1.000000 0.000000
vt 0.000000 0.000000
vt 1.000000 0.000000
vt 0.000000 0.000000
vt 1.000000 0.000000
vt 0.000000 0.000000
vt 1.000000 0.000000
vt 0.000000 0.000000
vt 1.000000 0.000000
vt 0.000000 0.000000
vt 1.000000 0.000000
vt 0.000000 0.000000
vt 1.000000 0.000000
vt 0.000000 0.000000
vt 1.000000 0.000000
vt 1.000000 1.000000
vt 1.000000 0.000000
vt 1.000000 1.000000
vt 0.000000 0.000000
vt 1.000000 0.000000
vt 1.000000 1.000000
vt 0.000000 0.000000
vt 1.000000 0.000000
vt 1.000000 1.000000
vt 0.000000 0.000000
vt 1.000000 0.000000
vt 1.000000 1.000000
vt 0.000000 0.000000
vt 1.000000 0.000000
vt 1.000000 1.000000
vt 0.000000 0.000000
vt 1.000000 0.000000
vt 1.000000 1.000000
vt 0.000000 0.000000
vt 1.000000 0.000000
vt 1.000000 1.000000
vt 0.000000 0.000000
vt 1.000000 0.000000
vt 1.000000 1.000000
vt 0.000000 0.000000
vt 1.000000 0.000000
vt 1.000000 1.000000
vt 0.000000 0.000000
vt 1.000000 0.000000
vt 1.000000 1.000000
vt 0.000000 0.000000
vt 1.000000 0.000000
vt 1.000000 1.000000
vt 0.000000 0.000000
vt 1.000000 0.000000
vt 1.000000 1.000000
vt 1.000000 0.000000
vt 1.000000 1.000000
vt 0.000000 0.000000
vt 1.000000 0.000000
vt 1.000000 1.000000
vt 0.000000 0.000000
vt 1.000000 0.000000
vt 1.000000 1.000000
vt 0.000000 0.000000
vt 1.000000 0.000000
vt 1.000000 1.000000
vt 0.000000 0.000000
vt 1.000000 0.000000
vt 1.000000 1.000000
vt 0.000000 0.000000
vt 1.000000 0.000000
vt 1.000000 1.000000
vt 0.000000 0.000000
vt 1.000000 0.000000
vt 1.000000 1.000000
vt 0.000000 0.000000
vt 1.000000 0.000000
vt 1.000000 1.000000
vt 0.000000 0.000000
vt 1.000000 0.000000
vt 1.000000 1.000000
vt 0.000000 0.000000
vt 1.000000 0.000000
vt 1.000000 1.000000
vt 0.000000 0.000000
vt 1.000000 0.000000
vt 1.000000 1.000000
vt 1.000000 0.000000
vt 1.000000 1.000000
vt 0.000000 0.000000
vt 1.000000 0.000000
vt 1.000000 1.000000
vt 0.000000 0.000000
vt 1.000000 0.000000
vt 1.000000 1.000000
vt 0.000000 0.000000
vt 1.000000 0.000000
vt 1.000000 1.000000
vt 0.000000 0.000000
vt 1.000000 0.000000
vt 1.000000 1.000000
vt 0.000000 0.000000
vt 1.000000 0.000000
vt 1.000000 1.000000
vt 0.000000 0.000000
vt 1.000000 0.000000
vt 1.000000 1.000000
vt 0.000000 0.000000
vt 1.000000 0.000000
vt 1.000000 1.000000
vt 0.000000 0.000000
vt 1.000000 0.000000
vt 1.000000 1.000000
vt 0.000000 0.000000
vt 1.000000 0.000000
vt 1.000000 1.000000
vt 1.000000 0.000000
vt 1.000000 1.000000
vt 0.000000 0.000000
vt 1.000000 0.000000
vt 1.000000 1.000000
vt 0.000000 0.000000
vt 1.000000 0.000000
vt 1.000000 1.000000
vt 0.000000 0.000000
vt 1.000000 0.000000
vt 1.000000 1.000000
vt 0.000000 0.000000
vt 1.000000 0.000000
vt 1.000000 1.000000
vt 0.000000 0.000000
vt 1.000000 0.000000
vt 1.000000 1.000000
vt 0.000000 0.000000
vt 1.000000 0.000000
vt 1.000000 1.000000
vt 0.000000 0.000000
vt 1.000000 0.000000
vt 1.000000 1.000000
vt 0.000000 0.000000
vt 1.000000 0.000000
vt 1.000000 1.000000
vt 1.000000 0.000000
vt 1.000000 1.000000
vt 0.000000 0.000000
vt 1.000000 0.000000
vt 1.000000 1.000000
vt 0.000000 0.000000
vt 1.000000 0.000000
vt 1.000000 1.000000
vt 0.000000 0.000000
vt 1.000000 0.000000
vt 1.000000 1.000000
vt 0.000000 0.000000
vt 1.000000 0.000000
vt 1.000000 1.000000
vt 0.000000 0.000000
vt 1.000000 0.000000
vt 1.000000 1.000000
vt 0.000000 0.000000
vt 1.000000 0.000000
vt 1.000000 1.000000
vt 0.000000 0.000000
vt 1.000000 0.000000
vt 1.000000 1.000000
vt 1.000000 0.000000
vt 1.000000 1.000000
vt 0.000000 0.000000
vt 1.000000 0.000000
vt 1.000000 1.000000
vt 0.000000 0.000000
vt 1.000000 0.000000
vt 1.000000 1.000000
vt 0.000000 0.000000
vt 1.000000 0.000000
vt 1.000000 1.000000
vt 0.000000 0.000000
vt 1.000000 0.000000
vt 1.000000 1.000000
vt 0.000000 0.000000
vt 1.000000 0.000000
vt 1.000000 1.000000
vt 0.000000 0.000000
vt 1.000000 0.000000
vt 1.000000 1.000000
vt 1.000000 0.000000
vt 1.000000 1.000000
vt 0.000000 0.000000
vt 1.000000 0.000000
vt 1.000000 1.000000
vt 0.000000 0.000000
vt 1.000000 0.000000
vt 1.000000 1.000000
vt 0.000000 0.000000
vt 1.000000 0.000000
vt 1.000000 1.000000
vt 0.000000 0.000000
vt 1.000000 0.000000
vt 1.000000 1.000000
vt 0.000000 0.000000
vt 1.000000 0.000000
vt 1.000000 1.000000
vt 1.000000 0.000000
vt 1.000000 1.000000
vt 0.000000 0.000000
vt 1.000000 0.000000
vt 1.000000 1.000000
vt 0.000000 0.000000
vt 1.000000 0.000000
vt 1.000000 1.000000
vt 0.000000 0.000000
vt 1.000000 0.000000
vt 1.000000 1.000000
vt 0.000000 0.000000
vt 1.000000 0.000000
vt 1.000000 1.000000
vt 1.000000 0.000000
vt 1.000000 1.000000
vt 0.000000 0.000000
vt 1.000000 0.000000
vt 1.000000 1.000000
vt 0.000000 0.000000
vt 1.000000 0.000000
vt 1.000000 1.000000
vt 0.000000 0.000000
vt 1.000000 0.000000
vt 1.000000 1.000000
vt 1.000000 0.000000
vt 1.000000 1.000000
vt 0.000000 0.000000
vt 1.000000 0.000000
vt 1.000000 1.000000
vt 0.000000 0.000000
vt 1.000000 0.000000
vt 1.000000 1.000000
vt 1.000000 0.000000
vt 1.000000 1.000000
vt 0.000000 0.000000
vt 1.000000 0.000000
vt 1.000000 1.000000
vt 1.000000 0.000000
vt 1.000000 1.000000
vt 1.000000 0.000000
vt 1.000000 0.000000
vt 0.000000 0.000000
vt 1.000000 0.000000
vt 0.000000 0.000000
vt 1.000000 0.000000
vt 0.000000 0.000000
vt 1.000000 0.000000
vt 0.000000 0.000000
vt 1.000000 0.000000
vt 0.000000 0.000000
vt 1.000000 0.000000
vt 0.000000 0.000000
vt 1.000000 0.000000
vt 0.000000 0.000000
vt 1.000000 0.000000
vt 0.000000 0.000000
vt 1.000000 0.000000
vt 0.000000 0.000000
vt 1.000000 1.000000
vt 0.000000 0.000000
vt 1.000000 1.000000
vt 0.000000 0.000000
vt 1.000000 1.000000
vt 0.000000 0.000000
vt 1.000000 1.000000
vt 0.000000 0.000000
vt 1.000000 1.000000
vt 0.000000 0.000000
vt 1.000000 1.000000
vt 0.000000 0.000000
vt 1.000000 1.000000
vt 0.000000 0.000000
vt 1.000000 1.000000
vt 0.000000 0.000000
vt 1.000000 1.000000
vt 1.000000 0.000000
vt 0.000000 0.000000
vt 1.000000 1.000000
vt 0.000000 0.000000
vt 1.000000 0.000000
vt 0.000000 0.000000
vt 1.000000 1.000000
vt 0.000000 0.000000
vt 1.000000 0.000000
vt 0.000000 0.000000
vt 1.000000 1.000000
vt 0.000000 0.000000
vt 1.000000 0.000000
vt 0.000000 0.000000
vt 1.000000 1.000000
vt 0.000000 0.000000
vt 1.000000 0.000000
vt 0.000000 0.000000
vt 0.000000 0.000000
vt 1.000000 0.000000
vt 1.000000 0.000000
vt 1.000000 0.000000
vt 0.000000 0.000000
vt 1.000000 0.000000
vt 0.000000 0.000000
vt 1.000000 0.000000
vt 0.000000 0.000000
vt 1.000000 0.000000
vt 0.000000 0.000000
vt 1.000000 0.000000
vt 0.000000 0.000000
vt 1.000000 0.000000
vt 0.000000 0.000000
vt 1.000000 0.000000
vt 0.000000 0.000000
vt 1.000000 0.000000
vt 0.000000 0.000000
vt 1.000000 0.000000
vt 0.000000 0.000000
vt 1.000000 0.000000
vt 0.000000 0.000000
vt 1.000000 0.000000
vt 0.000000 0.000000
vt 1.000000 0.000000
vt 0.000000 0.000000
vt 1.000000 0.000000
vt 1.000000 1.000000
vt 1.000000 0.000000
vt 1.000000 1.000000
vt 0.000000 0.000000
vt 1.000000 0.000000
vt 1.000000 1.000000
vt 0.000000 0.000000
vt 1.000000 0.000000
vt 1.000000 1.000000
vt 0.000000 0.000000
vt 1.000000 0.000000
vt 1.000000 1.000000
vt 0.000000 0.000000
vt 1.000000 0.000000
vt 1.000000 1.000000
vt 0.000000 0.000000
vt 1.000000 0.000000
vt 1.000000 1.000000
vt 0.000000 0.000000
vt 1.000000 0.000000
vt 1.000000 1.000000
vt 0.000000 0.000000
vt 1.000000 0.000000
vt 1.000000 1.000000
vt 0.000000 0.000000
vt 1.000000 0.000000
vt 1.000000 1.000000
vt 0.000000 0.000000
vt 1.000000 0.000000
vt 1.000000 1.000000
vt 0.000000 0.000000
vt 1.000000 0.000000
vt 1.000000 1.000000
vt 0.000000 0.000000
vt 1.000000 0.000000
vt 1.000000 1.000000
vt 1.000000 0.000000
vt 1.000000 1.000000
vt 0.000000 0.000000
vt 1.000000 0.000000
vt 1.000000 1.000000
vt 0.000000 0.000000
vt 1.000000 0.000000
vt 1.000000 1.000000
vt 0.000000 0.000000
vt 1.000000 0.000000
vt 1.000000 1.000000
vt 0.000000 0.000000
vt 1.000000 0.000000
vt 1.000000 1.000000
vt 0.000000 0.000000
vt 1.000000 0.000000
vt 1.000000 1.000000
vt 0.000000 0.000000
vt 1.000000 0.000000
vt 1.000000 1.000000
vt 0.000000 0.000000
vt 1.000000 0.000000
vt 1.000000 1.000000
vt 0.000000 0.000000
vt 1.000000 0.000000
vt 1.000000 1.000000
vt 0.000000 0.000000
vt 1.000000 0.000000
vt 1.000000 1.000000
vt 0.000000 0.000000
vt 1.000000 0.000000
vt 1.000000 1.000000
vt 1.000000 0.000000
vt 1.000000 1.000000
vt 0.000000 0.000000
vt 1.000000 0.000000
vt 1.000000 1.000000
vt 0.000000 0.000000
vt 1.000000 0.000000
vt 1.000000 1.000000
vt 0.000000 0.000000
vt 1.000000 0.000000
vt 1.000000 1.000000
vt 0.000000 0.000000
vt 1.000000 0.000000
vt 1.000000 1.000000
vt 0.000000 0.000000
vt 1.000000 0.000000
vt 1.000000 1.000000
vt 0.000000 0.000000
vt 1.000000 0.000000
vt 1.000000 1.000000
vt 0.000000 0.000000
vt 1.000000 0.000000
vt 1.000000 1.000000
vt 0.000000 0.000000
vt 1.000000 0.000000
vt 1.000000 1.000000
vt 0.000000 0.000000
vt 1.000000 0.000000
vt 1.000000 1.000000
vt 1.000000 0.000000
vt 1.000000 1.000000
vt 0.000000 0.000000
vt 1.000000 0.000000
vt 1.000000 1.000000
vt 0.000000 0.000000
vt 1.000000 0.000000
vt 1.000000 1.000000
vt 0.000000 0.000000
vt 1.000000 0.000000
vt 1.000000 1.000000
vt 0.000000 0.000000
vt 1.000000 0.000000
vt 1.000000 1.000000
vt 0.000000 0.000000
vt 1.000000 0.000000
vt 1.000000 1.000000
vt 0.000000 0.000000
vt 1.000000 0.000000
vt 1.000000 1.000000
vt 0.000000 0.000000
vt 1.000000 0.000000
vt 1.000000 1.000000
vt 0.000000 0.000000
vt 1.000000 0.000000
vt 1.000000 1.000000
vt 1.000000 0.000000
vt 1.000000 1.000000
vt 0.000000 0.000000
vt 1.000000 0.000000
vt 1.000000 1.000000
vt 0.000000 0.000000
vt 1.000000 0.000000
vt 1.000000 1.000000
vt 0.000000 0.000000
vt 1.000000 0.000000
vt 1.000000 1.000000
vt 0.000000 0.000000
vt 1.000000 0.000000
vt 1.000000 1.000000
vt 0.000000 0.000000
vt 1.000000 0.000000
vt 1.000000 1.000000
vt 0.000000 0.000000
vt 1.000000 0.000000
vt 1.000000 1.000000
vt 0.000000 0.000000
vt 1.000000 0.000000
vt 1.000000 1.000000
vt 1.000000 0.000000
vt 1.000000 1.000000
vt 0.000000 0.000000
vt 1.000000 0.000000
vt 1.000000 1.000000
vt 0.000000 0.000000
vt 1.000000 0.000000
vt 1.000000 1.000000
vt 0.000000 0.000000
vt 1.000000 0.000000
vt 1.000000 1.000000
vt 0.000000 0.000000
vt 1.000000 0.000000
vt 1.000000 1.000000
vt 0.000000 0.000000
vt 1.000000 0.000000
vt 1.000000 1.000000
vt 0.000000 0.000000
vt 1.000000 0.000000
vt 1.000000 1.000000
vt 1.000000 0.000000
vt 1.000000 1.000000
vt 0.000000 0.000000
vt 1.000000 0.000000
vt 1.000000 1.000000
vt 0.000000 0.000000
vt 1.000000 0.000000
vt 1.000000 1.000000
vt 0.000000 0.000000
vt 1.000000 0.000000
vt 1.000000 1.000000
vt 0.000000 0.000000
vt 1.000000 0.000000
vt 1.000000 1.000000
vt 0.000000 0.000000
vt 1.000000 0.000000
vt 1.000000 1.000000
vt 1.000000 1.000000
vt 0.000000 0.000000
vt 1.000000 1.000000
vt 0.000000 0.000000
vt 1.000000 1.000000
vt 0.000000 0.000000
vt 1.000000 0.000000
vt 1.000000 0.000000
vt 0.000000 0.000000
vt 1.000000 0.000000
vt 0.000000 0.000000
vt 1.000000 1.000000
vt 1.000000 1.000000
vt 1.000000 1.000000
vt 1.000000 0.000000
vt 1.000000 1.000000
vt 1.000000 0.000000
vt 1.000000 1.000000
vt 1.000000 0.000000
vt 1.000000 1.000000
vt 1.000000 0.000000
vt 1.000000 1.000000
vt 1.000000 0.000000
vt 1.000000 1.000000
vt 1.000000 0.000000
vt 0.000000 0.000000
vt 1.000000 0.000000
vt 1.000000 1.000000
vt 0.000000 0.000000
vt 1.000000 0.000000
vt 0.000000 0.000000
vt 1.000000 1.000000
vt 0.000000 0.000000
vt 1.000000 0.000000
vt 0.000000 0.000000
vt 1.000000 1.000000
vt 0.000000 0.000000
vt 1.000000 0.000000
vt 0.000000 0.000000
vt 1.000000 1.000000
vt 0.000000 0.000000
vt 1.000000 0.000000
vt 0.000000 0.000000
vt 1.000000 1.000000
vt 0.000000 0.000000
vt 1.000000 0.000000
vt 0.000000 0.000000
vt 1.000000 1.000000
vt 0.000000 0.000000
vt 1.000000 0.000000
vt 0.000000 0.000000
vt 1.000000 1.000000
vt 0.000000 0.000000
vt 1.000000 0.000000
vt 0.000000 0.000000
vt 1.000000 1.000000
vt 0.000000 0.000000
vt 1.000000 0.000000
vt 0.000000 0.000000
vt 1.000000 1.000000
vt 0.000000 0.000000
vt 1.000000 0.000000
vt 0.000000 0.000000
vt 1.000000 1.000000
vt 0.000000 0.000000
vt 1.000000 0.000000
vt 0.000000 0.000000
vt 1.000000 1.000000
vt 0.000000 0.000000
vt 1.000000 0.000000
vt 0.000000 0.000000
vt 1.000000 1.000000
vt 0.000000 0.000000
vt 1.000000 0.000000
vt 0.000000 0.000000
vt 1.000000 1.000000
vt 0.000000 0.000000
vt 1.000000 0.000000
vt 0.000000 0.000000
vt 1.000000 1.000000
vt 0.000000 0.000000
vt 1.000000 0.000000
vt 0.000000 0.000000
vt 1.000000 1.000000
vt 0.000000 0.000000
vt 1.000000 0.000000
vt 0.000000 0.000000
vt 1.000000 1.000000
vt 0.000000 0.000000
vt 1.000000 0.000000
vt 0.000000 0.000000
vt 1.000000 1.000000
vt 0.000000 0.000000
vt 1.000000 0.000000
vt 0.000000 0.000000
vt 1.000000 1.000000
vt 0.000000 0.000000
vt 1.000000 0.000000
vt 0.000000 0.000000
vt 1.000000 1.000000
vt 0.000000 0.000000
vt 1.000000 0.000000
vt 0.000000 0.000000
vt 1.000000 1.000000
vt 0.000000 0.000000
vt 1.000000 0.000000
vt 0.000000 0.000000
vt 1.000000 1.000000
vt 0.000000 0.000000
vt 1.000000 0.000000
vt 0.000000 0.000000
vt 1.000000 1.000000
vt 0.000000 0.000000
vt 1.000000 0.000000
vt 0.000000 0.000000
vt 1.000000 1.000000
vt 0.000000 0.000000
vt 1.000000 0.000000
vt 0.000000 0.000000
vt 1.000000 1.000000
vt 0.000000 0.000000
vt 1.000000 0.000000
vt 0.000000 0.000000
vt 1.000000 1.000000
vt 0.000000 0.000000
vt 1.000000 0.000000
vt 0.000000 0.000000
vt 1.000000 1.000000
vt 0.000000 0.000000
vt 1.000000 0.000000
vt 0.000000 0.000000
vt 1.000000 1.000000
vt 0.000000 0.000000
vt 1.000000 0.000000
vt 0.000000 0.000000
vt 1.000000 1.000000
vt 0.000000 0.000000
vt 1.000000 0.000000
vt 0.000000 0.000000
vt 1.000000 1.000000
vt 0.000000 0.000000
vt 1.000000 0.000000
vt 0.000000 0.000000
vt 1.000000 1.000000
vt 0.000000 0.000000
vt 1.000000 0.000000
vt 0.000000 0.000000
vt 1.000000 1.000000
vt 0.000000 0.000000
vt 1.000000 0.000000
vt 0.000000 0.000000
vt 1.000000 1.000000
vt 0.000000 0.000000
vt 1.000000 0.000000
vt 0.000000 0.000000
vt 1.000000 1.000000
vt 0.000000 0.000000
vt 1.000000 0.000000
vt 0.000000 0.000000
vt 1.000000 1.000000
vt 0.000000 0.000000
vt 1.000000 0.000000
vt 0.000000 0.000000
vt 1.000000 1.000000
vt 0.000000 0.000000
vt 1.000000 0.000000
vt 0.000000 0.000000
vt 1.000000 1.000000
vt 0.000000 0.000000
vt 1.000000 0.000000
vt 0.000000 0.000000
vt 1.000000 1.000000
vt 0.000000 0.000000
vt 1.000000 0.000000
vt 0.000000 0.000000
vt 1.000000 1.000000
vt 0.000000 0.000000
vt 1.000000 0.000000
vt 0.000000 0.000000
vt 1.000000 1.000000
vt 0.000000 0.000000
vt 1.000000 0.000000
vt 0.000000 0.000000
vt 1.000000 1.000000
vt 0.000000 0.000000
vt 1.000000 0.000000
vt 0.000000 0.000000
vt 0.000000 0.000000
vt 1.000000 0.000000
vt 1.000000 1.000000
vt 0.000000 0.000000
vt 1.000000 0.000000
vt 0.000000 0.000000
vt 1.000000 1.000000
vt 0.000000 0.000000
vt 1.000000 0.000000
vt 0.000000 0.000000
vt 1.000000 1.000000
vt 0.000000 0.000000
vt 1.000000 0.000000
vt 0.000000 0.000000
vt 1.000000 1.000000
vt 0.000000 0.000000
vt 1.000000 0.000000
vt 0.000000 0.000000
vt 1.000000 1.000000
vt 0.000000 0.000000
vt 1.000000 0.000000
vt 0.000000 0.000000
vt 1.000000 1.000000
vt 0.000000 0.000000
vt 1.000000 0.000000
vt 0.000000 0.000000
vt 1.000000 1.000000
vt 0.000000 0.000000
vt 1.000000 0.000000
vt 0.000000 0.000000
vt 1.000000 1.000000
vt 0.000000 0.000000
vt 1.000000 0.000000
vt 0.000000 0.000000
vt 1.000000 1.000000
vt 0.000000 0.000000
vt 1.000000 0.000000
vt 0.000000 0.000000
vt 1.000000 1.000000
vt 0.000000 0.000000
vt 1.000000 0.000000
vt 0.000000 0.000000
vt 1.000000 1.000000
vt 0.000000 0.000000
vt 1.000000 0.000000
vt 0.000000 0.000000
vt 1.000000 1.000000
vt 0.000000 0.000000
vt 1.000000 0.000000
vt 0.000000 0.000000
vt 1.000000 1.000000
vt 0.000000 0.000000
vt 1.000000 0.000000
vt 0.000000 0.000000
vt 1.000000 1.000000
vt 0.000000 0.000000
vt 1.000000 0.000000
vt 0.000000 0.000000
vt 1.000000 1.000000
vt 0.000000 0.000000
vt 0.000000 0.000000
vt 1.000000 1.000000
vt 1.000000 0.000000
vt 0.000000 0.000000
vt 1.000000 1.000000
vt 0.000000 0.000000
vt 1.000000 0.000000
vt 0.000000 0.000000
vt 1.000000 1.000000
vt 0.000000 0.000000
vt 1.000000 0.000000
vt 0.000000 0.000000
vt 1.000000 1.000000
vt 0.000000 0.000000
vt 1.000000 0.000000
vt 0.000000 0.000000
vt 1.000000 1.000000
vt 0.000000 0.000000
vt 1.000000 0.000000
vt 0.000000 0.000000
vt 1.000000 1.000000
vt 0.000000 0.000000
vt 1.000000 0.000000
vt 0.000000 0.000000
vt 1.000000 1.000000
vt 0.000000 0.000000
vt 1.000000 0.000000
vt 0.000000 0.000000
vt 1.000000 1.000000
vt 0.000000 0.000000
vt 1.000000 0.000000
vt 0.000000 0.000000
vt 1.000000 1.000000
vt 0.000000 0.000000
vt 1.000000 0.000000
vt 0.000000 0.000000
vt 1.000000 1.000000
vt 0.000000 0.000000
vt 1.000000 0.000000
vt 0.000000 0.000000
vt 1.000000 1.000000
vt 0.000000 0.000000
vt 1.000000 0.000000
vt 0.000000 0.000000
vt 1.000000 1.000000
vt 0.000000 0.000000
vt 0.000000 0.000000
vt 1.000000 1.000000
vt 1.000000 1.000000
vt 0.000000 0.000000
vt 1.000000 1.000000
vt 0.000000 0.000000
vt 1.000000 1.000000
vt 0.000000 0.000000
vt 1.000000 1.000000
vt 0.000000 0.000000
vt 1.000000 1.000000
vt 0.000000 0.000000
vt 1.000000 1.000000
vt 0.000000 0.000000
vt 1.000000 1.000000
vt 0.000000 0.000000
vt 1.000000 1.000000
vt 0.000000 0.000000
vt 1.000000 1.000000
vt 0.000000 0.000000
vt 1.000000 1.000000
vt 0.000000 0.000000
vt 1.000000 1.000000
vt 0.000000 0.000000
vt 1.000000 1.000000
vt 0.000000 0.000000
vt 1.000000 1.000000
vt 0.000000 0.000000
vt 1.000000 1.000000
vt 0.000000 0.000000
vt 1.000000 1.000000
vt 1.000000 0.000000
vt 0.000000 0.000000
vt 1.000000 0.000000
vt 0.000000 0.000000
vt 1.000000 0.000000
vt 0.000000 0.000000
vt 1.000000 0.000000
vt 0.000000 0.000000
vt 1.000000 0.000000
vt 0.000000 0.000000
vt 1.000000 0.000000
vt 0.000000 0.000000
vt 1.000000 0.000000
vt 0.000000 0.000000
vt 1.000000 0.000000
vt 0.000000 0.000000
vt 1.000000 0.000000
vt 0.000000 0.000000
vt 1.000000 0.000000
vt 0.000000 0.000000
vt 1.000000 0.000000
vt 0.000000 0.000000
vt 1.000000 0.000000
vt 0.000000 0.000000
vt 1.000000 0.000000
vt 0.000000 0.000000
vt 1.000000 1.000000
vt 1.000000 0.000000
vt 1.000000 1.000000
vt 0.000000 0.000000
vt 1.000000 0.000000
vt 1.000000 1.000000
vt 0.000000 0.000000
vt 1.000000 0.000000
vt 1.000000 1.000000
vt 0.000000 0.000000
vt 1.000000 0.000000
vt 1.000000 1.000000
vt 0.000000 0.000000
vt 1.000000 0.000000
vt 1.000000 1.000000
vt 0.000000 0.000000
vt 1.000000 0.000000
vt 1.000000 1.000000
vt 0.000000 0.000000
vt 1.000000 0.000000
vt 1.000000 1.000000
vt 0.000000 0.000000
vt 1.000000 0.000000
vt 1.000000 1.000000
vt 0.000000 0.000000
vt 1.000000 0.000000
vt 1.000000 1.000000
vt 0.000000 0.000000
vt 1.000000 0.000000
vt 1.000000 1.000000
vt 0.000000 0.000000
vt 1.000000 0.000000
vt 1.000000 1.000000
vt 0.000000 0.000000
vt 1.000000 0.000000
vt 1.000000 1.000000
vt 0.000000 0.000000
vt 1.000000 1.000000
vt 1.000000 0.000000
vt 1.000000 1.000000
vt 0.000000 0.000000
vt 1.000000 0.000000
vt 1.000000 1.000000
vt 0.000000 0.000000
vt 1.000000 0.000000
vt 1.000000 1.000000
vt 0.000000 0.000000
vt 1.000000 0.000000
vt 1.000000 1.000000
vt 0.000000 0.000000
vt 1.000000 0.000000
vt 1.000000 1.000000
vt 0.000000 0.000000
vt 1.000000 0.000000
vt 1.000000 1.000000
vt 0.000000 0.000000
vt 1.000000 0.000000
vt 1.000000 1.000000
vt 0.000000 0.000000
vt 1.000000 0.000000
vt 1.000000 1.000000
vt 0.000000 0.000000
vt 1.000000 0.000000
vt 1.000000 1.000000
vt 0.000000 0.000000
vt 1.000000 0.000000
vt 1.000000 1.000000
vt 0.000000 0.000000
vt 1.000000 0.000000
vt 1.000000 1.000000
vt 0.000000 0.000000
vt 1.000000 1.000000
vt 1.000000 0.000000
vt 1.000000 1.000000
vt 0.000000 0.000000
vt 1.000000 0.000000
vt 1.000000 1.000000
vt 0.000000 0.000000
vt 1.000000 0.000000
vt 1.000000 1.000000
vt 0.000000 0.000000
vt 1.000000 0.000000
vt 1.000000 1.000000
vt 0.000000 0.000000
vt 1.000000 0.000000
vt 1.000000 1.000000
vt 0.000000 0.000000
vt 1.000000 0.000000
vt 1.000000 1.000000
vt 0.000000 0.000000
vt 1.000000 0.000000
vt 1.000000 1.000000
vt 0.000000 0.000000
vt 1.000000 0.000000
vt 1.000000 1.000000
vt 0.000000 0.000000
vt 1.000000 0.000000
vt 1.000000 1.000000
vt 0.000000 0.000000
vt 1.000000 0.000000
vt 1.000000 1.000000
vt 0.000000 0.000000
vt 1.000000 1.000000
vt 1.000000 0.000000
vt 1.000000 1.000000
vt 0.000000 0.000000
vt 1.000000 0.000000
vt 1.000000 1.000000
vt 0.000000 0.000000
vt 1.000000 0.000000
vt 1.000000 1.000000
vt 0.000000 0.000000
vt 1.000000 0.000000
vt 1.000000 1.000000
vt 0.000000 0.000000
vt 1.000000 0.000000
vt 1.000000 1.000000
vt 0.000000 0.000000
vt 1.000000 0.000000
vt 1.000000 1.000000
vt 0.000000 0.000000
vt 1.000000 0.000000
vt 1.000000 1.000000
vt 0.000000 0.000000
vt 1.000000 0.000000
vt 1.000000 1.000000
vt 0.000000 0.000000
vt 1.000000 0.000000
vt 1.000000 1.000000
vt 0.000000 0.000000
vt 1.000000 1.000000
vt 1.000000 0.000000
vt 1.000000 1.000000
vt 0.000000 0.000000
vt 1.000000 0.000000
vt 1.000000 1.000000
vt 0.000000 0.000000
vt 1.000000 0.000000
vt 1.000000 1.000000
vt 0.000000 0.000000
vt 1.000000 0.000000
vt 1.000000 1.000000
vt 0.000000 0.000000
vt 1.000000 0.000000
vt 1.000000 1.000000
vt 0.000000 0.000000
vt 1.000000 0.000000
vt 1.000000 1.000000
vt 0.000000 0.000000
vt 1.000000 0.000000
vt 1.000000 1.000000
vt 0.000000 0.000000
vt 1.000000 0.000000
vt 1.000000 1.000000
vt 0.000000 0.000000
vt 1.000000 1.000000
vt 1.000000 0.000000
vt 1.000000 1.000000
vt 0.000000 0.000000
vt 1.000000 0.000000
vt 1.000000 1.000000
vt 0.000000 0.000000
vt 1.000000 0.000000
vt 1.000000 1.000000
vt 0.000000 0.000000
vt 1.000000 0.000000
vt 1.000000 1.000000
vt 0.000000 0.000000
vt 1.000000 0.000000
vt 1.000000 1.000000
vt 0.000000 0.000000
vt 1.000000 0.000000
vt 1.000000 1.000000
vt 0.000000 0.000000
vt 1.000000 0.000000
vt 1.000000 1.000000
vt 0.000000 0.000000
vt 1.000000 1.000000
vt 1.000000 0.000000
vt 1.000000 1.000000
vt 0.000000 0.000000
vt 1.000000 0.000000
vt 1.000000 1.000000
vt 0.000000 0.000000
vt 1.000000 0.000000
vt 1.000000 1.000000
vt 0.000000 0.000000
vt 1.000000 0.000000
vt 1.000000 1.000000
vt 0.000000 0.000000
vt 1.000000 0.000000
vt 1.000000 1.000000
vt 0.000000 0.000000
vt 1.000000 0.000000
vt 1.000000 1.000000
vt 0.000000 0.000000
vt 1.000000 1.000000
vt 1.000000 0.000000
vt 1.000000 1.000000
vt 0.000000 0.000000
vt 1.000000 0.000000
vt 1.000000 1.000000
vt 0.000000 0.000000
vt 1.000000 0.000000
vt 1.000000 1.000000
vt 0.000000 0.000000
vt 1.000000 0.000000
vt 1.000000 1.000000
vt 0.000000 0.000000
vt 1.000000 0.000000
vt 1.000000 1.000000
vt 0.000000 0.000000
vt 1.000000 1.000000
vt 1.000000 0.000000
vt 1.000000 1.000000
vt 0.000000 0.000000
vt 1.000000 0.000000
vt 1.000000 1.000000
vt 0.000000 0.000000
vt 1.000000 0.000000
vt 1.000000 1.000000
vt 0.000000 0.000000
vt 1.000000 0.000000
vt 1.000000 1.000000
vt 0.000000 0.000000
vt 1.000000 1.000000
vt 1.000000 0.000000
vt 1.000000 1.000000
vt 0.000000 0.000000
vt 1.000000 0.000000
vt 1.000000 1.000000
vt 0.000000 0.000000
vt 1.000000 0.000000
vt 1.000000 1.000000
vt 0.000000 0.000000
vt 1.000000 1.000000
vt 1.000000 0.000000
vt 1.000000 1.000000
vt 0.000000 0.000000
vt 1.000000 0.000000
vt 1.000000 1.000000
vt 0.000000 0.000000
vt 1.000000 1.000000
vt 1.000000 0.000000
vt 1.000000 1.000000
vt 0.000000 0.000000
vt 1.000000 1.000000
vt 1.000000 1.000000
vt 1.000000 0.000000
vt 1.000000 1.000000
vt 0.000000 0.000000
vt 1.000000 0.000000
vt 1.000000 1.000000
vt 0.000000 0.000000
vt 1.000000 0.000000
vt 1.000000 1.000000
vt 0.000000 0.000000
vt 1.000000 0.000000
vt 1.000000 1.000000
vt 0.000000 0.000000
vt 1.000000 0.000000
vt 1.000000 1.000000
vt 0.000000 0.000000
vt 1.000000 0.000000
vt 1.000000 1.000000
vt 0.000000 0.000000
vt 1.000000 0.000000
vt 1.000000 1.000000
vt 0.000000 0.000000
vt 1.000000 0.000000
vt 1.000000 1.000000
vt 0.000000 0.000000
vt 1.000000 0.000000
vt 1.000000 1.000000
vt 0.000000 0.000000
vt 1.000000 0.000000
vt 1.000000 1.000000
vt 0.000000 0.000000
vt 1.000000 1.000000
vt 1.000000 0.000000
vt 1.000000 1.000000
vt 0.000000 0.000000
vt 1.000000 0.000000
vt 1.000000 1.000000
vt 0.000000 0.000000
vt 1.000000 0.000000
vt 1.000000 1.000000
vt 0.000000 0.000000
vt 1.000000 0.000000
vt 1.000000 1.000000
vt 0.000000 0.000000
vt 1.000000 0.000000
vt 1.000000 1.000000
vt 0.000000 0.000000
vt 1.000000 0.000000
vt 1.000000 1.000000
vt 0.000000 0.000000
vt 1.000000 0.000000
vt 1.000000 1.000000
vt 0.000000 0.000000
vt 1.000000 0.000000
vt 1.000000 1.000000
vt 0.000000 0.000000
vt 1.000000 0.000000
vt 1.000000 1.000000
vt 0.000000 0.000000
vt 1.000000 1.000000
vt 1.000000 0.000000
vt 1.000000 1.000000
vt 0.000000 0.000000
vt 1.000000 0.000000
vt 1.000000 1.000000
vt 0.000000 0.000000
vt 1.000000 0.000000
vt 1.000000 1.000000
vt 0.000000 0.000000
vt 1.000000 0.000000
vt 1.000000 1.000000
vt 0.000000 0.000000
vt 1.000000 0.000000
vt 1.000000 1.000000
vt 0.000000 0.000000
vt 1.000000 0.000000
vt 1.000000 1.000000
vt 0.000000 0.000000
vt 1.000000 0.000000
vt 1.000000 1.000000
vt 0.000000 0.000000
vt 1.000000 0.000000
vt 1.000000 1.000000
vt 0.000000 0.000000
vt 1.000000 1.000000
vt 1.000000 0.000000
vt 1.000000 1.000000
vt 0.000000 0.000000
vt 1.000000 0.000000
vt 1.000000 1.000000
vt 0.000000 0.000000
vt 1.000000 0.000000
vt 1.000000 1.000000
vt 0.000000 0.000000
vt 1.000000 0.000000
vt 1.000000 1.000000
vt 0.000000 0.000000
vt 1.000000 0.000000
vt 1.000000 1.000000
vt 0.000000 0.000000
vt 1.000000 0.000000
vt 1.000000 1.000000
vt 0.000000 0.000000
vt 1.000000 0.000000
vt 1.000000 1.000000
vt 0.000000 0.000000
vt 1.000000 1.000000
vt 1.000000 0.000000
vt 1.000000 1.000000
vt 0.000000 0.000000
vt 1.000000 0.000000
vt 1.000000 1.000000
vt 0.000000 0.000000
vt 1.000000 0.000000
vt 1.000000 1.000000
vt 0.000000 0.000000
vt 1.000000 0.000000
vt 1.000000 1.000000
vt 0.000000 0.000000
vt 1.000000 0.000000
vt 1.000000 1.000000
vt 0.000000 0.000000
vt 1.000000 0.000000
vt 1.000000 1.000000
vt 0.000000 0.000000
vt 1.000000 1.000000
vt 1.000000 0.000000
vt 1.000000 1.000000
vt 0.000000 0.000000
vt 1.000000 0.000000
vt 1.000000 1.000000
vt 0.000000 0.000000
vt 1.000000 0.000000
vt 1.000000 1.000000
vt 0.000000 0.000000
vt 1.000000 0.000000
vt 1.000000 1.000000
vt 0.000000 0.000000
vt 1.000000 0.000000
vt 1.000000 1.000000
vt 0.000000 0.000000
vt 1.000000 1.000000
vt 1.000000 0.000000
vt 1.000000 1.000000
vt 0.000000 0.000000
vt 1.000000 0.000000
vt 1.000000 1.000000
vt 0.000000 0.000000
vt 1.000000 0.000000
vt 1.000000 1.000000
vt 0.000000 0.000000
vt 1.000000 0.000000
vt 1.000000 1.000000
vt 0.000000 0.000000
vt 1.000000 1.000000
vt 1.000000 0.000000
vt 1.000000 1.000000
vt 0.000000 0.000000
vt 1.000000 0.000000
vt 1.000000 1.000000
vt 0.000000 0.000000
vt 1.000000 0.000000
vt 1.000000 1.000000
vt 0.000000 0.000000
vt 1.000000 1.000000
vt 1.000000 0.000000
vt 1.000000 1.000000
vt 0.000000 0.000000
vt 1.000000 0.000000
vt 1.000000 1.000000
vt 0.000000 0.000000
vt 1.000000 1.000000
vt 1.000000 0.000000
vt 1.000000 1.000000
vt 0.000000 0.000000
vt 1.000000 1.000000
vt 1.000000 0.000000
vt 1.000000 1.000000
vt 1.000000 0.000000
vt 0.000000 0.000000
vt 1.000000 1.000000
vt 0.000000 0.000000
vt 1.000000 0.000000
vt 0.000000 0.000000
vt 1.000000 1.000000
vt 0.000000 0.000000
vt 1.000000 0.000000
vt 0.000000 0.000000
vt 1.000000 1.000000
vt 0.000000 0.000000
vt 1.000000 0.000000
vt 0.000000 0.000000
vt 1.000000 1.000000
vt 0.000000 0.000000
vt 1.000000 0.000000
vt 0.000000 0.000000
vt 1.000000 1.000000
vt 0.000000 0.000000
vt 1.000000 0.000000
vt 0.000000 0.000000
vt 1.000000 1.000000
vt 0.000000 0.000000
vt 1.000000 0.000000
vt 0.000000 0.000000
vt 1.000000 1.000000
vt 0.000000 0.000000
vt 1.000000 0.000000
vt 0.000000 0.000000
vt 1.000000 1.000000
vt 0.000000 0.000000
vt 1.000000 0.000000
vt 0.000000 0.000000
vt 1.000000 1.000000
vt 0.000000 0.000000
vt 1.000000 0.000000
vt 0.000000 0.000000
vt 1.000000 0.000000
vt 1.000000 1.000000
vt 1.000000 0.000000
vt 1.000000 1.000000
vt 0.000000 0.000000
vt 1.000000 0.000000
vt 1.000000 1.000000
vt 0.000000 0.000000
vt 1.000000 0.000000
vt 1.000000 1.000000
vt 0.000000 0.000000
vt 1.000000 0.000000
vt 1.000000 1.000000
vt 0.000000 0.000000
vt 1.000000 0.000000
vt 1.000000 1.000000
vt 0.000000 0.000000
vt 1.000000 0.000000
vt 1.000000 1.000000
vt 0.000000 0.000000
vt 1.000000 0.000000
vt 1.000000 1.000000
vt 0.000000 0.000000
vt 1.000000 0.000000
vt 1.000000 1.000000
vt 0.000000 0.000000
vt 1.000000 0.000000
vt 1.000000 0.000000
vt 1.000000 1.000000
vt 1.000000 0.000000
vt 1.000000 1.000000
vt 0.000000 0.000000
vt 1.000000 0.000000
vt 1.000000 1.000000
vt 0.000000 0.000000
vt 1.000000 0.000000
vt 1.000000 1.000000
vt 0.000000 0.000000
vt 1.000000 0.000000
vt 1.000000 1.000000
vt 0.000000 0.000000
vt 1.000000 0.000000
vt 1.000000 1.000000
vt 0.000000 0.000000
vt 1.000000 0.000000
vt 1.000000 1.000000
vt 0.000000 0.000000
vt 1.000000 0.000000
vt 1.000000 1.000000
vt 0.000000 0.000000
vt 1.000000 0.000000
vt 1.000000 0.000000
vt 1.000000 1.000000
vt 1.000000 0.000000
vt 1.000000 1.000000
vt 0.000000 0.000000
vt 1.000000 0.000000
vt 1.000000 1.000000
vt 0.000000 0.000000
vt 1.000000 0.000000
vt 1.000000 1.000000
vt 0.000000 0.000000
vt 1.000000 0.000000
vt 1.000000 1.000000
vt 0.000000 0.000000
vt 1.000000 0.000000
vt 1.000000 1.000000
vt 0.000000 0.000000
vt 1.000000 0.000000
vt 1.000000 1.000000
vt 0.000000 0.000000
vt 1.000000 0.000000
vt 1.000000 0.000000
vt 1.000000 1.000000
vt 1.000000 0.000000
vt 1.000000 1.000000
vt 0.000000 0.000000
vt 1.000000 0.000000
vt 1.000000 1.000000
vt 0.000000 0.000000
vt 1.000000 0.000000
vt 1.000000 1.000000
vt 0.000000 0.000000
vt 1.000000 0.000000
vt 1.000000 1.000000
vt 0.000000 0.000000
vt 1.000000 0.000000
vt 1.000000 1.000000
vt 0.000000 0.000000
vt 1.000000 0.000000
vt 1.000000 0.000000
vt 1.000000 1.000000
vt 1.000000 0.000000
vt 1.000000 1.000000
vt 0.000000 0.000000
vt 1.000000 0.000000
vt 1.000000 1.000000
vt 0.000000 0.000000
vt 1.000000 0.000000
vt 1.000000 1.000000
vt 0.000000 0.000000
vt 1.000000 0.000000
vt 1.000000 1.000000
vt 0.000000 0.000000
vt 1.000000 0.000000
vt 1.000000 0.000000
vt 1.000000 1.000000
vt 1.000000 0.000000
vt 1.000000 1.000000
vt 0.000000 0.000000
vt 1.000000 0.000000
vt 1.000000 1.000000
vt 0.000000 0.000000
vt 1.000000 0.000000
vt 1.000000 1.000000
vt 0.000000 0.000000
vt 1.000000 0.000000
vt 1.000000 0.000000
vt 1.000000 1.000000
vt 1.000000 0.000000
vt 1.000000 1.000000
vt 0.000000 0.000000
vt 1.000000 0.000000
vt 1.000000 1.000000
vt 0.000000 0.000000
vt 1.000000 0.000000
vt 1.000000 0.000000
vt 1.000000 1.000000
vt 1.000000 0.000000
vt 1.000000 1.000000
vt 0.000000 0.000000
vt 1.000000 0.000000
vt 1.000000 0.000000
vt 1.000000 1.000000
vt 1.000000 0.000000
vt 1.000000 1.000000
vt 0.000000 0.000000
vt 1.000000 0.000000
vt 1.000000 1.000000
vt 0.000000 0.000000
vt 1.000000 0.000000
vt 1.000000 1.000000
vt 0.000000 0.000000
vt 1.000000 0.000000
vt 0.000000 0.000000
vt 1.000000 1.000000
vt 0.000000 0.000000
vt 1.000000 0.000000
vt 0.000000 0.000000
vt 1.000000 0.000000
vt 1.000000 1.000000
vt 1.000000 0.000000
vt 1.000000 1.000000
vt 0.000000 0.000000
vt 1.000000 0.000000
vt 1.000000 1.000000
vt 0.000000 0.000000
vt 1.000000 0.000000
vt 1.000000 1.000000
vt 0.000000 0.000000
vt 1.000000 0.000000
vt 1.000000 1.000000
vt 0.000000 0.000000
vt 1.000000 0.000000
vt 1.000000 1.000000
vt 0.000000 0.000000
vt 1.000000 0.000000
vt 1.000000 1.000000
vt 0.000000 0.000000
vt 1.000000 0.000000
vt 1.000000 1.000000
vt 0.000000 0.000000
vt 1.000000 0.000000
vt 1.000000 1.000000
vt 0.000000 0.000000
vt 1.000000 0.000000
vt 1.000000 1.000000
vt 1.000000 0.000000
vt 1.000000 1.000000
vt 0.000000 0.000000
vt 1.000000 0.000000
vt 1.000000 1.000000
vt 0.000000 0.000000
vt 1.000000 0.000000
vt 1.000000 1.000000
vt 0.000000 0.000000
vt 1.000000 0.000000
vt 1.000000 1.000000
vt 0.000000 0.000000
vt 1.000000 0.000000
vt 1.000000 1.000000
vt 0.000000 0.000000
vt 1.000000 0.000000
vt 1.000000 1.000000
vt 0.000000 0.000000
vt 1.000000 0.000000
vt 1.000000 1.000000
vt 0.000000 0.000000
vt 1.000000 1.000000
vt 1.000000 0.000000
vt 1.000000 1.000000
vt 1.000000 0.000000
vt 1.000000 1.000000
vt 1.000000 0.000000
vt 1.000000 1.000000
vt 1.000000 0.000000
vt 1.000000 1.000000
vt 1.000000 0.000000
vt 1.000000 1.000000
vt 1.000000 0.000000
vt 1.000000 1.000000
vt 1.000000 0.000000
vt 1.000000 1.000000
vt 1.000000 1.000000
vt 1.000000 0.000000
vt 1.000000 0.000000
vt 1.000000 0.000000
vt 1.000000 0.000000
vt 1.000000 0.000000
vt 1.000000 0.000000
vt 1.000000 0.000000
vt 1.000000 0.000000
vt 1.000000 0.000000
vt 0.000000 0.000000
vt 1.000000 0.000000
vt 0.000000 0.000000
vt 1.000000 0.000000
vt 0.000000 0.000000
vt 1.000000 0.000000
vt 1.000000 0.000000
vt 0.000000 0.000000
vt 1.000000 0.000000
vt 0.000000 0.000000
vt 1.000000 1.000000
vt 1.000000 0.000000
vt 1.000000 1.000000
vt 0.000000 0.000000
vt 1.000000 1.000000
vt 1.000000 1.000000
vt 1.000000 1.000000
vt 1.000000 0.000000
vt 0.000000 0.000000
vt 1.000000 0.000000
vt 0.000000 0.000000
vt 1.000000 0.000000
vt 0.000000 0.000000
vt 1.000000 0.000000
vt 0.000000 0.000000
vt 1.000000 0.000000
vt 1.000000 0.000000
vt 1.000000 1.000000
vt 1.000000 0.000000
vt 0.000000 0.000000
vt 1.000000 1.000000
vt 1.000000 0.000000
vt 0.000000 0.000000
vt 1.000000 1.000000
vt 1.000000 0.000000
vt 0.000000 0.000000
vt 1.000000 1.000000
vt 1.000000 0.000000
vt 0.000000 0.000000
vt 1.000000 1.000000
vt 1.000000 0.000000
vt 0.000000 0.000000
vt 1.000000 1.000000
vt 1.000000 0.000000
vt 0.000000 0.000000
vt 1.000000 1.000000
vt 1.000000 0.000000
vt 0.000000 0.000000
vt 1.000000 1.000000
vt 1.000000 0.000000
vt 0.000000 0.000000
vt 1.000000 1.000000
vt 1.000000 0.000000
vt 0.000000 0.000000
vt 1.000000 1.000000
vt 1.000000 0.000000
vt 0.000000 0.000000
vt 1.000000 0.000000
vt 1.000000 0.000000
vt 0.000000 0.000000
vt 1.000000 0.000000
vt 0.000000 0.000000
vt 1.000000 0.000000
vt 0.000000 0.000000
vt 1.000000 0.000000
vt 0.000000 0.000000
vt 1.000000 0.000000
vt 0.000000 0.000000
vt 1.000000 0.000000
vt 0.000000 0.000000
vt 1.000000 0.000000
vt 0.000000 0.000000
vt 1.000000 0.000000
vt 0.000000 0.000000
vt 1.000000 0.000000
vt 0.000000 0.000000
vt 1.000000 0.000000
vt 1.000000 1.000000
vt 0.000000 0.000000
vt 1.000000 0.000000
vt 1.000000 1.000000
vt 0.000000 0.000000
vt 1.000000 0.000000
vt 1.000000 1.000000
vt 0.000000 0.000000
vt 1.000000 0.000000
vt 1.000000 1.000000
vt 0.000000 0.000000
vt 1.000000 0.000000
vt 1.000000 1.000000
vt 1.000000 0.000000
vt 1.000000 1.000000
vt 0.000000 0.000000
vt 1.000000 0.000000
vt 1.000000 1.000000
vt 0.000000 0.000000
vt 1.000000 0.000000
vt 1.000000 1.000000
vt 0.000000 0.000000
vt 1.000000 0.000000
vt 1.000000 1.000000
vt 0.000000 0.000000
vt 1.000000 0.000000
vt 1.000000 1.000000
vt 0.000000 0.000000
vt 1.000000 0.000000
vt 1.000000 1.000000
vt 0.000000 0.000000
vt 1.000000 0.000000
vt 1.000000 1.000000
vt 0.000000 0.000000
vt 1.000000 0.000000
vt 1.000000 1.000000
vt 0.000000 0.000000
vt 1.000000 0.000000
vt 1.000000 1.000000
vt 0.000000 0.000000
vt 1.000000 0.000000
vt 1.000000 1.000000
vt 0.000000 0.000000
vt 1.000000 0.000000
vt 1.000000 1.000000
vt 0.000000 0.000000
vt 1.000000 0.000000
vt 1.000000 1.000000
vt 0.000000 0.000000
vt 1.000000 0.000000
vt 1.000000 1.000000
vt 1.000000 0.000000
vt 1.000000 1.000000
vt 0.000000 0.000000
vt 1.000000 0.000000
vt 1.000000 1.000000
vt 0.000000 0.000000
vt 1.000000 0.000000
vt 1.000000 1.000000
vt 0.000000 0.000000
vt 1.000000 0.000000
vt 1.000000 1.000000
vt 0.000000 0.000000
vt 1.000000 0.000000
vt 1.000000 1.000000
vt 0.000000 0.000000
vt 1.000000 0.000000
vt 1.000000 1.000000
vt 0.000000 0.000000
vt 1.000000 0.000000
vt 1.000000 1.000000
vt 0.000000 0.000000
vt 1.000000 0.000000
vt 1.000000 1.000000
vt 0.000000 0.000000
vt 1.000000 0.000000
vt 1.000000 1.000000
vt 0.000000 0.000000
vt 1.000000 0.000000
vt 1.000000 1.000000
vt 0.000000 0.000000
vt 1.000000 0.000000
vt 1.000000 1.000000
vt 0.000000 0.000000
vt 1.000000 0.000000
vt 1.000000 1.000000
vt 1.000000 0.000000
vt 1.000000 1.000000
vt 0.000000 0.000000
vt 1.000000 0.000000
vt 1.000000 1.000000
vt 0.000000 0.000000
vt 1.000000 0.000000
vt 1.000000 1.000000
vt 0.000000 0.000000
vt 1.000000 0.000000
vt 1.000000 1.000000
vt 0.000000 0.000000
vt 1.000000 0.000000
vt 1.000000 1.000000
vt 0.000000 0.000000
vt 1.000000 0.000000
vt 1.000000 1.000000
vt 0.000000 0.000000
vt 1.000000 0.000000
vt 1.000000 1.000000
vt 0.000000 0.000000
vt 1.000000 0.000000
vt 1.000000 1.000000
vt 0.000000 0.000000
vt 1.000000 0.000000
vt 1.000000 1.000000
vt 0.000000 0.000000
vt 1.000000 0.000000
vt 1.000000 1.000000
vt 0.000000 0.000000
vt 1.000000 0.000000
vt 1.000000 1.000000
vt 1.000000 0.000000
vt 1.000000 1.000000
vt 0.000000 0.000000
vt 1.000000 0.000000
vt 1.000000 1.000000
vt 0.000000 0.000000
vt 1.000000 0.000000
vt 1.000000 1.000000
vt 0.000000 0.000000
vt 1.000000 0.000000
vt 1.000000 1.000000
vt 0.000000 0.000000
vt 1.000000 0.000000
vt 1.000000 1.000000
vt 0.000000 0.000000
vt 1.000000 0.000000
vt 1.000000 1.000000
vt 0.000000 0.000000
vt 1.000000 0.000000
vt 1.000000 1.000000
vt 0.000000 0.000000
vt 1.000000 0.000000
vt 1.000000 1.000000
vt 0.000000 0.000000
vt 1.000000 0.000000
vt 1.000000 1.000000
vt 0.000000 0.000000
vt 1.000000 0.000000
vt 1.000000 1.000000
vt 1.000000 0.000000
vt 1.000000 1.000000
vt 0.000000 0.000000
vt 1.000000 0.000000
vt 1.000000 1.000000
vt 0.000000 0.000000
vt 1.000000 0.000000
vt 1.000000 1.000000
vt 0.000000 0.000000
vt 1.000000 0.000000
vt 1.000000 1.000000
vt 0.000000 0.000000
vt 1.000000 0.000000
vt 1.000000 1.000000
vt 0.000000 0.000000
vt 1.000000 0.000000
vt 1.000000 1.000000
vt 0.000000 0.000000
vt 1.000000 0.000000
vt 1.000000 1.000000
vt 0.000000 0.000000
vt 1.000000 0.000000
vt 1.000000 1.000000
vt 0.000000 0.000000
vt 1.000000 0.000000
vt 1.000000 1.000000
vt 1.000000 0.000000
vt 1.000000 1.000000
vt 0.000000 0.000000
vt 1.000000 0.000000
vt 1.000000 1.000000
vt 0.000000 0.000000
vt 1.000000 0.000000
vt 1.000000 1.000000
vt 0.000000 0.000000
vt 1.000000 0.000000
vt 1.000000 1.000000
vt 0.000000 0.000000
vt 1.000000 0.000000
vt 1.000000 1.000000
vt 0.000000 0.000000
vt 1.000000 0.000000
vt 1.000000 1.000000
vt 0.000000 0.000000
vt 1.000000 0.000000
vt 1.000000 1.000000
vt 0.000000 0.000000
vt 1.000000 0.000000
vt 1.000000 1.000000
vt 1.000000 0.000000
vt 1.000000 1.000000
vt 0.000000 0.000000
vt 1.000000 0.000000
vt 1.000000 1.000000
vt 0.000000 0.000000
vt 1.000000 0.000000
vt 1.000000 1.000000
vt 0.000000 0.000000
vt 1.000000 0.000000
vt 1.000000 1.000000
vt 0.000000 0.000000
vt 1.000000 0.000000
vt 1.000000 1.000000
vt 0.000000 0.000000
vt 1.000000 0.000000
vt 1.000000 1.000000
vt 0.000000 0.000000
vt 1.000000 0.000000
vt 1.000000 1.000000
vt 1.000000 0.000000
vt 1.000000 1.000000
vt 0.000000 0.000000
vt 1.000000 0.000000
vt 1.000000 1.000000
vt 0.000000 0.000000
vt 1.000000 0.000000
vt 1.000000 1.000000
vt 0.000000 0.000000
vt 1.000000 0.000000
vt 1.000000 1.000000
vt 0.000000 0.000000
vt 1.000000 0.000000
vt 1.000000 1.000000
vt 0.000000 0.000000
vt 1.000000 0.000000
vt 1.000000 1.000000
vt 1.000000 0.000000
vt 1.000000 1.000000
vt 0.000000 0.000000
vt 1.000000 0.000000
vt 1.000000 1.000000
vt 0.000000 0.000000
vt 1.000000 0.000000
vt 1.000000 1.000000
vt 0.000000 0.000000
vt 1.000000 0.000000
vt 1.000000 1.000000
vt 0.000000 0.000000
vt 1.000000 0.000000
vt 1.000000 1.000000
vt 1.000000 0.000000
vt 1.000000 1.000000
vt 0.000000 0.000000
vt 1.000000 0.000000
vt 1.000000 1.000000
vt 0.000000 0.000000
vt 1.000000 0.000000
vt 1.000000 1.000000
vt 0.000000 0.000000
vt 1.000000 0.000000
vt 1.000000 1.000000
vt 1.000000 0.000000
vt 1.000000 1.000000
vt 0.000000 0.000000
vt 1.000000 0.000000
vt 1.000000 1.000000
vt 0.000000 0.000000
vt 1.000000 0.000000
vt 1.000000 1.000000
vt 1.000000 0.000000
vt 1.000000 1.000000
vt 0.000000 0.000000
vt 1.000000 1.000000
vt 0.209747 0.276948
vt 0.193150 0.276708
vt 0.193509 0.260755
vt 0.179300 0.275268
vt 0.157211 0.256916
vt 0.156614 0.272629
vt 0.132376 0.277787
vt 0.114705 0.248880
vt 0.116735 0.276948
vt 0.081154 0.233646
vt 0.081632 0.267232
vt 0.068020 0.263513
vt 0.070766 0.277188
vt 0.064558 0.273229
vt 0.045812 0.250799
vt 0.038051 0.219372
vt 0.040678 0.240123
vt 0.021096 0.243122
vt 0.022171 0.238684
vt 0.004500 0.734553
vt 0.017634 0.733593
vt 0.012380 0.761302
vt 0.024917 0.758183
vt 0.022410 0.785891
vt 0.034947 0.780853
vt 0.032678 0.808562
vt 0.044857 0.801605
vt 0.042469 0.829313
vt 0.054648 0.820676
vt 0.052618 0.848745
vt 0.064558 0.838549
vt 0.062886 0.867696
vt 0.074945 0.855941
vt 0.073751 0.886648
vt 0.086050 0.873214
vt 0.085333 0.906560
vt 0.097870 0.891207
vt 0.098348 0.928271
vt 0.111123 0.911358
vt 0.113989 0.950101
vt 0.126645 0.933069
vt 0.132854 0.969653
vt 0.145033 0.953100
vt 0.153510 0.987885
vt 0.164853 0.971452
vt 0.029693 0.729635
vt 0.037574 0.753865
vt 0.047961 0.776655
vt 0.058946 0.797646
vt 0.069931 0.816238
vt 0.079841 0.833271
vt 0.090109 0.849944
vt 0.100855 0.867457
vt 0.113153 0.885449
vt 0.126645 0.904761
vt 0.141809 0.924192
vt 0.159002 0.942665
vt 0.177867 0.960177
vt 0.038529 0.728556
vt 0.046648 0.750986
vt 0.056558 0.771737
vt 0.067184 0.790449
vt 0.077572 0.807242
vt 0.087721 0.823075
vt 0.097870 0.838789
vt 0.108855 0.854982
vt 0.121153 0.872135
vt 0.135003 0.890247
vt 0.150764 0.909679
vt 0.167957 0.928870
vt 0.187061 0.946623
vt 0.046290 0.726516
vt 0.055245 0.748827
vt 0.067065 0.769578
vt 0.080199 0.787571
vt 0.090706 0.803044
vt 0.100497 0.817798
vt 0.110765 0.832551
vt 0.121869 0.848025
vt 0.134526 0.863258
vt 0.148615 0.879212
vt 0.164853 0.897084
vt 0.181330 0.915436
vt 0.198643 0.931869
vt 0.053215 0.722678
vt 0.062767 0.745349
vt 0.075542 0.766340
vt 0.089393 0.783852
vt 0.100736 0.799685
vt 0.111243 0.814439
vt 0.122108 0.828593
vt 0.133451 0.842747
vt 0.145749 0.857381
vt 0.159957 0.872734
vt 0.175599 0.888448
vt 0.058349 0.720879
vt 0.068975 0.743069
vt 0.084259 0.766340
vt 0.097154 0.778694
vt 0.111004 0.796087
vt 0.119959 0.806762
vt 0.131063 0.819837
vt 0.142645 0.832551
vt 0.155301 0.845866
vt 0.170345 0.860500
vt 0.186822 0.875253
vt 0.063244 0.717880
vt 0.073513 0.739951
vt 0.089870 0.766100
vt 0.102646 0.777255
vt 0.119242 0.792848
vt 0.126287 0.801724
vt 0.137749 0.814199
vt 0.148853 0.823315
vt 0.160435 0.836150
vt 0.176315 0.847665
vt 0.195061 0.862779
vt 0.096437 0.765260
vt 0.108855 0.775935
vt 0.125451 0.787091
vt 0.138704 0.796447
vt 0.153868 0.800645
vt 0.166524 0.804723
vt 0.178942 0.807722
vt 0.182643 0.793928
vt 0.195658 0.797646
vt 0.102885 0.764420
vt 0.113392 0.772817
vt 0.131779 0.779534
vt 0.152197 0.783732
vt 0.170345 0.781453
vt 0.174524 0.791529
vt 0.104437 0.757703
vt 0.118765 0.767299
vt 0.134884 0.772337
vt 0.157450 0.773297
vt 0.172853 0.769818
vt 0.095721 0.744749
vt 0.109929 0.750266
vt 0.122824 0.756984
vt 0.136555 0.759143
vt 0.153868 0.758063
vt 0.138466 0.749547
vt 0.148853 0.748827
vt 0.088915 0.746308
vt 0.085333 0.748947
vt 0.078169 0.737432
vt 0.069095 0.716321
vt 0.084975 0.733354
vt 0.079244 0.714282
vt 0.089870 0.731674
vt 0.095004 0.729995
vt 0.098945 0.737072
vt 0.104676 0.737552
vt 0.103124 0.733114
vt 0.104556 0.733354
vt 0.103482 0.730835
vt 0.105750 0.727236
vt 0.101452 0.729995
vt 0.099661 0.723638
vt 0.098467 0.729155
vt 0.099064 0.732394
vt 0.100616 0.731075
vt 0.096915 0.715241
vt 0.103959 0.716081
vt 0.111482 0.717160
vt 0.105392 0.733713
vt 0.111959 0.727356
vt 0.110646 0.731434
vt 0.110765 0.737192
vt 0.382637 0.981528
vt 0.366995 0.968574
vt 0.401621 0.961257
vt 0.385622 0.948662
vt 0.419650 0.939786
vt 0.403173 0.926951
vt 0.433978 0.916036
vt 0.417979 0.903561
vt 0.444844 0.891207
vt 0.429560 0.879451
vt 0.454157 0.868176
vt 0.439709 0.857501
vt 0.462634 0.846466
vt 0.449022 0.836630
vt 0.470156 0.824875
vt 0.457142 0.815879
vt 0.477081 0.803044
vt 0.464544 0.794887
vt 0.483648 0.780254
vt 0.471350 0.772937
vt 0.489499 0.755424
vt 0.477320 0.749547
vt 0.494275 0.728796
vt 0.481857 0.724957
vt 0.496543 0.701087
vt 0.483648 0.699288
vt 0.355533 0.955499
vt 0.373204 0.936547
vt 0.389442 0.916756
vt 0.403293 0.895645
vt 0.414755 0.873574
vt 0.424426 0.852823
vt 0.432545 0.832911
vt 0.440068 0.813719
vt 0.447590 0.794648
vt 0.454992 0.774136
vt 0.462753 0.751346
vt 0.468246 0.726756
vt 0.471111 0.701447
vt 0.342638 0.944824
vt 0.360906 0.925872
vt 0.377622 0.905840
vt 0.391950 0.884249
vt 0.404009 0.862779
vt 0.414277 0.842507
vt 0.423113 0.822955
vt 0.430874 0.804124
vt 0.438993 0.785651
vt 0.446515 0.766460
vt 0.454037 0.745349
vt 0.459649 0.722798
vt 0.462753 0.699048
vt 0.329623 0.930670
vt 0.346339 0.913157
vt 0.362339 0.894445
vt 0.376667 0.874893
vt 0.389204 0.855462
vt 0.400188 0.837229
vt 0.409263 0.818757
vt 0.417621 0.801245
vt 0.425381 0.783732
vt 0.433859 0.765620
vt 0.443411 0.745349
vt 0.450813 0.722558
vt 0.454754 0.698808
vt 0.320669 0.921194
vt 0.336429 0.904401
vt 0.351712 0.887008
vt 0.365682 0.868896
vt 0.377741 0.850424
vt 0.388129 0.833151
vt 0.397203 0.816358
vt 0.405561 0.799805
vt 0.413919 0.783252
vt 0.422993 0.765860
vt 0.433739 0.745948
vt 0.442456 0.723038
vt 0.446993 0.698928
vt 0.356966 0.855702
vt 0.366398 0.840948
vt 0.377144 0.824635
vt 0.386577 0.808921
vt 0.395651 0.793448
vt 0.405084 0.777735
vt 0.415352 0.761422
vt 0.426456 0.743189
vt 0.436366 0.720999
vt 0.441859 0.697129
vt 0.366876 0.813240
vt 0.378338 0.800045
vt 0.390278 0.786851
vt 0.401382 0.772457
vt 0.412486 0.756624
vt 0.423471 0.738152
vt 0.432784 0.717640
vt 0.436844 0.694850
vt 0.373682 0.782653
vt 0.385144 0.780494
vt 0.397323 0.767059
vt 0.409740 0.751826
vt 0.420964 0.732154
vt 0.429202 0.714162
vt 0.431829 0.693171
vt 0.374876 0.768139
vt 0.393621 0.758063
vt 0.406875 0.744269
vt 0.416785 0.727356
vt 0.420367 0.711043
vt 0.422038 0.691611
vt 0.390278 0.751946
vt 0.403890 0.739471
vt 0.410576 0.724957
vt 0.414039 0.710563
vt 0.414397 0.691851
vt 0.397323 0.733114
vt 0.401979 0.723878
vt 0.406158 0.717880
vt 0.409024 0.709844
vt 0.404606 0.694850
vt 0.400427 0.719200
vt 0.399830 0.713802
vt 0.401979 0.714042
vt 0.401740 0.712962
vt 0.404367 0.710683
vt 0.401860 0.709964
vt 0.401382 0.702167
vt 0.397442 0.697009
vt 0.390039 0.699648
vt 0.397562 0.708884
vt 0.391472 0.709844
vt 0.396129 0.712962
vt 0.393144 0.714042
vt 0.394099 0.719799
vt 0.391830 0.727956
vt 0.383711 0.728556
vt 0.385144 0.741750
vt 0.375234 0.730355
vt 0.369145 0.736592
vt 0.400308 0.710683
vt 0.398158 0.713682
vt 0.131063 0.744149
vt 0.122466 0.743669
vt 0.114347 0.744389
vt 0.103959 0.742350
vt 0.087005 0.713562
vt 0.374518 0.758543
vt 0.372010 0.745948
vt 0.351712 0.762141
vt 0.355175 0.746548
vt 0.334758 0.758663
vt 0.346101 0.742949
vt 0.328549 0.746548
vt 0.337743 0.735633
vt 0.324967 0.738871
vt 0.333564 0.729995
vt 0.321146 0.731794
vt 0.329385 0.723878
vt 0.322460 0.706245
vt 0.335952 0.698448
vt 0.330220 0.679257
vt 0.342638 0.716561
vt 0.345742 0.721479
vt 0.348847 0.725797
vt 0.354936 0.730355
vt 0.359712 0.736472
vt 0.328429 0.166355
vt 0.295117 0.166115
vt 0.327952 0.140566
vt 0.292371 0.146923
vt 0.326758 0.110698
vt 0.301445 0.111058
vt 0.330937 0.075193
vt 0.308132 0.088148
vt 0.305624 0.072914
vt 0.266103 0.097144
vt 0.266223 0.079751
vt 0.223955 0.087068
vt 0.226940 0.071835
vt 0.201628 0.073754
vt 0.206046 0.044127
vt 0.265506 0.147043
vt 0.265745 0.116576
vt 0.230164 0.110338
vt 0.239238 0.146323
vt 0.265267 0.168154
vt 0.235418 0.165875
vt 0.201747 0.165275
vt 0.203299 0.139246
vt 0.204971 0.109259
vt 0.358279 0.774256
vt 0.343713 0.779054
vt 0.323654 0.765740
vt 0.318400 0.752066
vt 0.308012 0.757823
vt 0.306341 0.750146
vt 0.291655 0.749787
vt 0.287117 0.743549
vt 0.267655 0.743069
vt 0.277566 0.713322
vt 0.262999 0.713802
vt 0.276491 0.682975
vt 0.263357 0.687413
vt 0.257745 0.657186
vt 0.250223 0.657546
vt 0.248552 0.632596
vt 0.238403 0.633556
vt 0.234940 0.622161
vt 0.228373 0.637155
vt 0.220612 0.628038
vt 0.207240 0.637155
vt 0.356249 0.801605
vt 0.329743 0.781933
vt 0.309803 0.773057
vt 0.293684 0.757463
vt 0.274342 0.752186
vt 0.255238 0.742830
vt 0.253447 0.715241
vt 0.243656 0.715001
vt 0.241029 0.688852
vt 0.229328 0.716201
vt 0.227179 0.686094
vt 0.215359 0.718240
vt 0.214642 0.687293
vt 0.204732 0.718120
vt 0.205210 0.690532
vt 0.193628 0.718120
vt 0.198523 0.691731
vt 0.183718 0.714761
vt 0.186345 0.691731
vt 0.169390 0.708524
vt 0.173091 0.688852
vt 0.275058 0.762021
vt 0.255596 0.750266
vt 0.242820 0.744749
vt 0.223836 0.747987
vt 0.208195 0.749547
vt 0.200314 0.745229
vt 0.188255 0.739951
vt 0.179061 0.733114
vt 0.164972 0.727356
vt 0.205329 0.756384
vt 0.219896 0.754345
vt 0.218702 0.762261
vt 0.237328 0.754585
vt 0.237686 0.764540
vt 0.256074 0.758783
vt 0.256909 0.779294
vt 0.277446 0.780853
vt 0.294401 0.774976
vt 0.312788 0.786851
vt 0.325086 0.799685
vt 0.333086 0.815519
vt 0.325206 0.812400
vt 0.323415 0.821516
vt 0.321624 0.812280
vt 0.319594 0.819357
vt 0.314340 0.745349
vt 0.309923 0.738511
vt 0.313266 0.710683
vt 0.317445 0.683575
vt 0.315654 0.670140
vt 0.324489 0.665582
vt 0.310878 0.658026
vt 0.316728 0.652628
vt 0.303236 0.643272
vt 0.314460 0.645551
vt 0.302759 0.743549
vt 0.302042 0.712243
vt 0.305624 0.685014
vt 0.301923 0.670740
vt 0.298819 0.657066
vt 0.289744 0.647470
vt 0.290102 0.631877
vt 0.291535 0.713562
vt 0.298580 0.684654
vt 0.293565 0.665822
vt 0.289028 0.682735
vt 0.282103 0.660065
vt 0.280909 0.640273
vt 0.265745 0.658146
vt 0.269327 0.634755
vt 0.276013 0.624800
vt 0.258820 0.632117
vt 0.248432 0.621801
vt 0.260491 0.620841
vt 0.356369 0.824875
vt 0.344907 0.808921
vt 0.345981 0.847545
vt 0.332250 0.840108
vt 0.335952 0.834710
vt 0.317445 0.826434
vt 0.320907 0.807242
vt 0.323654 0.805803
vt 0.318042 0.800885
vt 0.309206 0.798846
vt 0.301565 0.799446
vt 0.302759 0.808082
vt 0.290938 0.817198
vt 0.299893 0.815399
vt 0.293804 0.830632
vt 0.299893 0.824515
vt 0.300610 0.837349
vt 0.305982 0.829553
vt 0.313863 0.828953
vt 0.312191 0.826674
vt 0.307176 0.826674
vt 0.302520 0.822955
vt 0.303475 0.815399
vt 0.305982 0.808562
vt 0.310042 0.802564
vt 0.316251 0.804004
vt 0.207478 0.835790
vt 0.212374 0.834111
vt 0.206404 0.838429
vt 0.214165 0.836510
vt 0.218821 0.848025
vt 0.228851 0.835430
vt 0.233865 0.858820
vt 0.241746 0.840708
vt 0.253686 0.867217
vt 0.264193 0.845386
vt 0.241149 0.822476
vt 0.261088 0.822236
vt 0.260730 0.812400
vt 0.281744 0.807722
vt 0.258342 0.794648
vt 0.280909 0.791769
vt 0.298460 0.787451
vt 0.177032 0.891926
vt 0.192434 0.908239
vt 0.208672 0.924192
vt 0.188255 0.880531
vt 0.204732 0.895885
vt 0.221687 0.911478
vt 0.195538 0.869616
vt 0.212493 0.884609
vt 0.230045 0.900443
vt 0.201747 0.860739
vt 0.222045 0.875853
vt 0.241149 0.884849
vt 0.206046 0.848864
vt 0.226940 0.819117
vt 0.222164 0.807962
vt 0.218224 0.821156
vt 0.214284 0.813959
vt 0.214642 0.821516
vt 0.211299 0.815159
vt 0.207240 0.806043
vt 0.206643 0.800765
vt 0.206404 0.792488
vt 0.222284 0.796567
vt 0.204613 0.779654
vt 0.219896 0.780134
vt 0.204852 0.764180
vt 0.194225 0.759742
vt 0.190524 0.773417
vt 0.191479 0.786611
vt 0.201986 0.796447
vt 0.199120 0.810361
vt 0.206762 0.809761
vt 0.201031 0.813240
vt 0.177151 0.782893
vt 0.179658 0.767659
vt 0.183002 0.755064
vt 0.196732 0.752306
vt 0.185389 0.747268
vt 0.175479 0.739711
vt 0.162345 0.732754
vt 0.171778 0.745948
vt 0.159719 0.737312
vt 0.153749 0.742110
vt 0.163659 0.754225
vt 0.216314 0.829193
vt 0.219060 0.830152
vt 0.293684 0.857381
vt 0.273745 0.867577
vt 0.301087 0.876573
vt 0.282819 0.887248
vt 0.312430 0.886528
vt 0.295237 0.901522
vt 0.322579 0.893126
vt 0.306341 0.909799
vt 0.327952 0.870215
vt 0.338578 0.876453
vt 0.353264 0.859540
vt 0.341683 0.851503
vt 0.316848 0.859660
vt 0.329504 0.842747
vt 0.308490 0.192144
vt 0.333444 0.175351
vt 0.314221 0.203539
vt 0.340250 0.188785
vt 0.318042 0.215774
vt 0.345145 0.203179
vt 0.320549 0.228848
vt 0.348011 0.218652
vt 0.321743 0.242282
vt 0.348727 0.234366
vt 0.322340 0.256676
vt 0.348250 0.250439
vt 0.321624 0.272629
vt 0.347056 0.266752
vt 0.319833 0.288703
vt 0.345265 0.283905
vt 0.318042 0.305136
vt 0.343235 0.301537
vt 0.316967 0.322528
vt 0.341563 0.319170
vt 0.316131 0.338841
vt 0.340369 0.336442
vt 0.315534 0.353595
vt 0.339653 0.353115
vt 0.315296 0.367389
vt 0.339056 0.368349
vt 0.315176 0.381063
vt 0.339056 0.383582
vt 0.315534 0.395697
vt 0.339414 0.400015
vt 0.316251 0.411770
vt 0.340131 0.417168
vt 0.317087 0.429643
vt 0.340966 0.435280
vt 0.318281 0.446795
vt 0.342280 0.453153
vt 0.319355 0.463828
vt 0.343235 0.470785
vt 0.319475 0.480501
vt 0.343593 0.487818
vt 0.317803 0.495855
vt 0.343354 0.504371
vt 0.315176 0.510248
vt 0.341444 0.520564
vt 0.311355 0.523683
vt 0.337623 0.536157
vt 0.305744 0.535918
vt 0.331414 0.550551
vt 0.298580 0.546713
vt 0.323534 0.563386
vt 0.349444 0.163956
vt 0.356727 0.177990
vt 0.362458 0.193103
vt 0.366040 0.209536
vt 0.367234 0.226569
vt 0.366637 0.243962
vt 0.365085 0.261594
vt 0.363175 0.279587
vt 0.361025 0.298059
vt 0.358996 0.316651
vt 0.357443 0.335243
vt 0.356727 0.353235
vt 0.356249 0.370028
vt 0.356130 0.386701
vt 0.356369 0.404214
vt 0.357085 0.422446
vt 0.358279 0.440798
vt 0.359593 0.459150
vt 0.360548 0.477023
vt 0.361145 0.494295
vt 0.361025 0.511448
vt 0.359234 0.528361
vt 0.355055 0.544554
vt 0.348608 0.559428
vt 0.340728 0.572982
vt 0.373204 0.149442
vt 0.380607 0.164435
vt 0.386457 0.180509
vt 0.390517 0.197901
vt 0.392189 0.216373
vt 0.391950 0.235325
vt 0.390517 0.254397
vt 0.388607 0.273709
vt 0.386338 0.293501
vt 0.384189 0.313652
vt 0.382517 0.333444
vt 0.381443 0.352755
vt 0.380846 0.371108
vt 0.380846 0.389460
vt 0.381204 0.408172
vt 0.382159 0.427484
vt 0.383353 0.447155
vt 0.384547 0.466347
vt 0.385622 0.485179
vt 0.386099 0.503771
vt 0.385622 0.522123
vt 0.383353 0.539996
vt 0.379055 0.557149
vt 0.372488 0.572742
vt 0.364488 0.587256
vt 0.397084 0.136607
vt 0.404725 0.152680
vt 0.410576 0.170193
vt 0.414636 0.188905
vt 0.416427 0.208457
vt 0.416307 0.228488
vt 0.415233 0.248760
vt 0.413203 0.269391
vt 0.411054 0.290382
vt 0.408785 0.311373
vt 0.406755 0.332124
vt 0.405442 0.352156
vt 0.404845 0.371587
vt 0.404725 0.390659
vt 0.405084 0.410451
vt 0.406158 0.430722
vt 0.407352 0.451114
vt 0.408546 0.471385
vt 0.409501 0.491416
vt 0.409740 0.511328
vt 0.409024 0.531000
vt 0.406755 0.550191
vt 0.402457 0.568544
vt 0.395890 0.585576
vt 0.387651 0.601410
vt 0.428247 0.120534
vt 0.436008 0.138646
vt 0.441859 0.157838
vt 0.445560 0.178230
vt 0.446993 0.199341
vt 0.446873 0.220692
vt 0.446157 0.242282
vt 0.444247 0.264353
vt 0.442336 0.286664
vt 0.439948 0.309094
vt 0.437799 0.331045
vt 0.436366 0.352036
vt 0.435769 0.372067
vt 0.435889 0.391979
vt 0.436605 0.412610
vt 0.438038 0.434081
vt 0.439709 0.456151
vt 0.440903 0.478102
vt 0.441381 0.499813
vt 0.441262 0.521044
vt 0.440426 0.541675
vt 0.438157 0.562426
vt 0.433739 0.582458
vt 0.426934 0.601410
vt 0.418098 0.619042
vt 0.453201 0.106860
vt 0.461201 0.126652
vt 0.467171 0.147523
vt 0.470753 0.169353
vt 0.471947 0.191784
vt 0.471947 0.214334
vt 0.470753 0.237245
vt 0.469201 0.260874
vt 0.467052 0.284744
vt 0.464544 0.308374
vt 0.462037 0.331764
vt 0.460485 0.353475
vt 0.459649 0.373866
vt 0.459649 0.394258
vt 0.460485 0.415249
vt 0.461918 0.437559
vt 0.463470 0.460350
vt 0.464544 0.483140
vt 0.465141 0.505450
vt 0.465141 0.527281
vt 0.464544 0.548752
vt 0.462634 0.570343
vt 0.458694 0.591454
vt 0.452366 0.611845
vt 0.443650 0.631157
vt 0.491767 0.091267
vt 0.500006 0.113217
vt 0.505498 0.136128
vt 0.508483 0.159638
vt 0.509558 0.183148
vt 0.509438 0.206777
vt 0.508244 0.230407
vt 0.506453 0.254637
vt 0.503946 0.279347
vt 0.501200 0.304176
vt 0.498454 0.328766
vt 0.496424 0.351556
vt 0.495349 0.373147
vt 0.495110 0.394378
vt 0.495588 0.416688
vt 0.496782 0.440678
vt 0.498215 0.465148
vt 0.499409 0.489857
vt 0.499886 0.514087
vt 0.500006 0.537717
vt 0.499409 0.560867
vt 0.497857 0.584017
vt 0.494513 0.606927
vt 0.488663 0.629478
vt 0.480424 0.651308
vt 0.531288 0.077233
vt 0.538691 0.101822
vt 0.543109 0.126891
vt 0.545258 0.151841
vt 0.545616 0.176550
vt 0.545019 0.200900
vt 0.543467 0.225490
vt 0.541198 0.250559
vt 0.538452 0.275748
vt 0.535587 0.300937
vt 0.533318 0.325647
vt 0.531527 0.349277
vt 0.530453 0.372067
vt 0.530214 0.394858
vt 0.530691 0.418368
vt 0.531647 0.443317
vt 0.532960 0.468866
vt 0.534393 0.494895
vt 0.535348 0.520684
vt 0.535945 0.545873
vt 0.535706 0.570463
vt 0.534512 0.595292
vt 0.531408 0.620362
vt 0.526154 0.645311
vt 0.518035 0.669781
vt 0.583346 0.058640
vt 0.590152 0.085149
vt 0.594331 0.112018
vt 0.595883 0.138646
vt 0.595764 0.164915
vt 0.594450 0.191064
vt 0.592301 0.217693
vt 0.589436 0.244441
vt 0.586331 0.271070
vt 0.583108 0.297699
vt 0.580839 0.323968
vt 0.578809 0.349757
vt 0.577615 0.374706
vt 0.577257 0.399655
vt 0.577615 0.424965
vt 0.578332 0.451234
vt 0.579526 0.477742
vt 0.581078 0.504731
vt 0.582869 0.531359
vt 0.584421 0.557268
vt 0.585018 0.582938
vt 0.584421 0.608847
vt 0.582152 0.635355
vt 0.577376 0.661744
vt 0.569974 0.688253
vt 0.631942 0.045806
vt 0.637554 0.073874
vt 0.640897 0.101822
vt 0.641971 0.129410
vt 0.640897 0.156759
vt 0.638270 0.183507
vt 0.634688 0.210376
vt 0.630867 0.237844
vt 0.627643 0.265792
vt 0.624420 0.293860
vt 0.621673 0.321809
vt 0.619405 0.349157
vt 0.618091 0.375546
vt 0.617733 0.401815
vt 0.617972 0.428923
vt 0.618808 0.456751
vt 0.619763 0.484579
vt 0.621554 0.512288
vt 0.624539 0.539516
vt 0.627405 0.566145
vt 0.629196 0.592773
vt 0.629554 0.620002
vt 0.627882 0.647590
vt 0.623942 0.675418
vt 0.617972 0.703366
vt 0.679701 0.038129
vt 0.683641 0.067517
vt 0.686388 0.096784
vt 0.686746 0.125932
vt 0.684835 0.154360
vt 0.681134 0.181708
vt 0.676119 0.208697
vt 0.670508 0.236165
vt 0.667045 0.264593
vt 0.663941 0.293381
vt 0.660836 0.322048
vt 0.658329 0.349997
vt 0.657016 0.376505
vt 0.656657 0.402774
vt 0.657016 0.430242
vt 0.657851 0.458550
vt 0.658568 0.486858
vt 0.660359 0.515286
vt 0.665254 0.542755
vt 0.669791 0.569743
vt 0.672657 0.597092
vt 0.673851 0.625639
vt 0.672896 0.654787
vt 0.669672 0.684174
vt 0.665254 0.713562
vt 0.721849 0.030572
vt 0.724357 0.061879
vt 0.726148 0.093066
vt 0.725073 0.124253
vt 0.721969 0.154480
vt 0.717193 0.183148
vt 0.710387 0.210496
vt 0.701313 0.237964
vt 0.699044 0.267112
vt 0.695940 0.296739
vt 0.692835 0.326247
vt 0.690686 0.354555
vt 0.689970 0.380943
vt 0.689970 0.406732
vt 0.690925 0.433841
vt 0.692358 0.461669
vt 0.692835 0.489257
vt 0.689014 0.515766
vt 0.702268 0.541315
vt 0.708118 0.567344
vt 0.711700 0.595172
vt 0.713730 0.624680
vt 0.713372 0.655267
vt 0.711342 0.686334
vt 0.708357 0.717520
vt 0.710148 0.432641
vt 0.709790 0.458670
vt 0.706447 0.483620
vt 0.693313 0.514926
vt 0.712058 0.539156
vt 0.721491 0.566145
vt 0.725551 0.593493
vt 0.725551 0.625519
vt 0.727103 0.654067
vt 0.724954 0.687053
vt 0.721969 0.719200
vt 0.720894 0.499453
vt 0.699283 0.512887
vt 0.722207 0.535798
vt 0.739043 0.561707
vt 0.742505 0.590494
vt 0.740714 0.622161
vt 0.742266 0.651308
vt 0.737849 0.683335
vt 0.734505 0.717640
vt 0.776653 0.555109
vt 0.766863 0.587256
vt 0.762325 0.619642
vt 0.755281 0.649989
vt 0.747639 0.682975
vt 0.744057 0.717400
vt 0.814264 0.568904
vt 0.798145 0.592893
vt 0.782146 0.620002
vt 0.767937 0.650229
vt 0.757430 0.682975
vt 0.752296 0.717400
vt 0.825010 0.576340
vt 0.809010 0.599850
vt 0.793608 0.625639
vt 0.779638 0.654067
vt 0.769370 0.685134
vt 0.764355 0.717760
vt 0.835517 0.578499
vt 0.818921 0.601889
vt 0.803041 0.627439
vt 0.789071 0.655387
vt 0.778922 0.685854
vt 0.773549 0.718120
vt 0.852233 0.587975
vt 0.835398 0.611006
vt 0.820712 0.635355
vt 0.808652 0.661744
vt 0.799459 0.689452
vt 0.794444 0.718480
vt 0.879695 0.593493
vt 0.864770 0.616163
vt 0.848293 0.639913
vt 0.834442 0.665343
vt 0.825249 0.692211
vt 0.820592 0.719440
vt 0.899993 0.599850
vt 0.885306 0.622881
vt 0.869188 0.646151
vt 0.855457 0.670620
vt 0.846144 0.696049
vt 0.841009 0.721958
vt 0.917544 0.611365
vt 0.901783 0.634396
vt 0.885903 0.656946
vt 0.872531 0.679736
vt 0.864053 0.703007
vt 0.859158 0.726636
vt 0.932708 0.586656
vt 0.914201 0.575621
vt 0.946797 0.559547
vt 0.927335 0.549352
vt 0.958856 0.529800
vt 0.938558 0.521044
vt 0.968766 0.497534
vt 0.947752 0.490337
vt 0.976050 0.462269
vt 0.955035 0.457591
vt 0.980706 0.424965
vt 0.959692 0.423046
vt 0.982497 0.386341
vt 0.961602 0.387181
vt 0.981661 0.347718
vt 0.960647 0.351196
vt 0.977960 0.309814
vt 0.957065 0.315691
vt 0.971393 0.273709
vt 0.950260 0.281746
vt 0.961602 0.240003
vt 0.941305 0.249359
vt 0.949185 0.208937
vt 0.929484 0.219132
vt 0.934857 0.180269
vt 0.915395 0.190944
vt 0.919932 0.154000
vt 0.901067 0.164196
vt 0.904649 0.129170
vt 0.886142 0.138407
vt 0.889963 0.104581
vt 0.871217 0.112258
vt 0.879217 0.079991
vt 0.860471 0.085149
vt 0.873486 0.055522
vt 0.854621 0.057921
vt 0.871098 0.031532
vt 0.852352 0.031412
vt 0.893903 0.569743
vt 0.906201 0.543474
vt 0.916589 0.515046
vt 0.926380 0.485659
vt 0.933544 0.453872
vt 0.938797 0.420886
vt 0.940708 0.386821
vt 0.938917 0.352276
vt 0.935096 0.318450
vt 0.928290 0.285704
vt 0.919096 0.254277
vt 0.907515 0.224290
vt 0.894142 0.196342
vt 0.880053 0.169953
vt 0.865247 0.144044
vt 0.850203 0.117056
vt 0.839577 0.088748
vt 0.833487 0.060080
vt 0.831935 0.032252
vt 0.869546 0.565185
vt 0.882321 0.539156
vt 0.892948 0.511448
vt 0.901664 0.481940
vt 0.909664 0.450994
vt 0.915514 0.419087
vt 0.916470 0.385981
vt 0.915514 0.352875
vt 0.910738 0.320249
vt 0.903097 0.288583
vt 0.894620 0.257636
vt 0.883754 0.227649
vt 0.867635 0.200780
vt 0.851039 0.174991
vt 0.835756 0.148242
vt 0.823338 0.120294
vt 0.813548 0.091147
vt 0.806861 0.061519
vt 0.805787 0.031532
vt 0.854979 0.557268
vt 0.865247 0.530640
vt 0.874202 0.503291
vt 0.882441 0.474744
vt 0.891038 0.445836
vt 0.896530 0.415849
vt 0.897843 0.385262
vt 0.896411 0.354555
vt 0.891276 0.324208
vt 0.883277 0.294580
vt 0.876590 0.264953
vt 0.867755 0.235805
vt 0.849248 0.210616
vt 0.833845 0.183987
vt 0.818682 0.156639
vt 0.805070 0.127251
vt 0.793847 0.096304
vt 0.786563 0.063918
vt 0.785131 0.030812
vt 0.848054 0.556789
vt 0.854024 0.528601
vt 0.863815 0.501972
vt 0.872053 0.473544
vt 0.880530 0.444756
vt 0.886739 0.415009
vt 0.887097 0.384542
vt 0.885784 0.354315
vt 0.880053 0.324208
vt 0.872411 0.294940
vt 0.866800 0.266152
vt 0.860830 0.236765
vt 0.840174 0.217333
vt 0.825726 0.192863
vt 0.808772 0.158318
vt 0.795757 0.128571
vt 0.784653 0.096904
vt 0.777489 0.063918
vt 0.776176 0.030452
vt 0.841606 0.552950
vt 0.841368 0.524522
vt 0.849487 0.497654
vt 0.858203 0.470185
vt 0.865725 0.441997
vt 0.871337 0.413330
vt 0.871934 0.384182
vt 0.870023 0.355154
vt 0.864770 0.325767
vt 0.857486 0.296979
vt 0.851755 0.268911
vt 0.852472 0.244202
vt 0.831696 0.225849
vt 0.812712 0.203179
vt 0.797548 0.163956
vt 0.783459 0.133009
vt 0.772474 0.099543
vt 0.765549 0.064758
vt 0.764355 0.029733
vt 0.760296 0.096784
vt 0.771280 0.130010
vt 0.745848 0.094985
vt 0.752893 0.126532
vt 0.739043 0.124972
vt 0.755520 0.159757
vt 0.738923 0.156999
vt 0.755639 0.187226
vt 0.736655 0.184947
vt 0.759102 0.208217
vt 0.731998 0.201020
vt 0.737371 0.225969
vt 0.723640 0.217453
vt 0.708357 0.241683
vt 0.711939 0.271550
vt 0.710148 0.296859
vt 0.708954 0.325167
vt 0.708954 0.354075
vt 0.711342 0.380224
vt 0.710148 0.407092
vt 0.716954 0.246960
vt 0.723640 0.275748
vt 0.722088 0.297939
vt 0.723163 0.326726
vt 0.726148 0.352516
vt 0.728774 0.381063
vt 0.730924 0.407572
vt 0.733311 0.433721
vt 0.734267 0.276588
vt 0.734028 0.300218
vt 0.738326 0.328046
vt 0.741908 0.352156
vt 0.750983 0.381663
vt 0.755162 0.408772
vt 0.757311 0.433721
vt 0.733670 0.459510
vt 0.774146 0.299858
vt 0.779758 0.330805
vt 0.786802 0.352276
vt 0.793130 0.383822
vt 0.795877 0.409251
vt 0.795518 0.431442
vt 0.756117 0.456511
vt 0.728655 0.480861
vt 0.745490 0.484459
vt 0.789907 0.456032
vt 0.811518 0.433001
vt 0.815339 0.407692
vt 0.815339 0.381543
vt 0.810443 0.353595
vt 0.804712 0.332364
vt 0.800175 0.302737
vt 0.764355 0.273109
vt 0.792533 0.271790
vt 0.757430 0.260155
vt 0.786086 0.260515
vt 0.758146 0.254397
vt 0.785250 0.251518
vt 0.741192 0.263513
vt 0.739998 0.268191
vt 0.724357 0.248280
vt 0.744535 0.234846
vt 0.763639 0.223330
vt 0.781310 0.221171
vt 0.780355 0.205698
vt 0.802563 0.227769
vt 0.805190 0.215534
vt 0.822861 0.239164
vt 0.827040 0.230887
vt 0.836472 0.242882
vt 0.844711 0.244202
vt 0.820473 0.245161
vt 0.820950 0.252838
vt 0.818324 0.269631
vt 0.825965 0.258955
vt 0.831338 0.268311
vt 0.832054 0.301057
vt 0.841606 0.332004
vt 0.846860 0.355994
vt 0.848651 0.384062
vt 0.851636 0.411650
vt 0.842920 0.442117
vt 0.834442 0.466587
vt 0.825249 0.496574
vt 0.782146 0.191424
vt 0.779638 0.164675
vt 0.734744 0.029973
vt 0.737252 0.063798
vt 0.736058 0.093905
vt 0.746684 0.028053
vt 0.747520 0.061759
vt 0.757549 0.064038
vt 0.756236 0.028653
vt 0.819876 0.302137
vt 0.826681 0.333084
vt 0.833607 0.356234
vt 0.837308 0.382263
vt 0.838144 0.410451
vt 0.831099 0.439479
vt 0.821906 0.464788
vt 0.814742 0.497414
vt 0.808055 0.501252
vt 0.824413 0.523803
vt 0.816413 0.530160
vt 0.830860 0.545993
vt 0.806384 0.507969
vt 0.781310 0.501132
vt 0.796474 0.484939
vt 0.803279 0.460110
vt 0.781191 0.510128
vt 0.753729 0.503052
vt 0.774146 0.482540
vt 0.732476 0.504251
vt 0.755759 0.507849
vt 0.737252 0.510728
vt 0.704895 0.512647
vt 0.713372 0.513727
vt 0.731043 0.529320
vt 0.737013 0.519964
vt 0.754565 0.548752
vt 0.760773 0.533758
vt 0.781310 0.539756
vt 0.805309 0.551871
vt 0.807816 0.540955
vt 0.837427 0.549592
vt 0.906440 0.875853
vt 0.899157 0.868656
vt 0.913843 0.877772
vt 0.910022 0.864818
vt 0.928409 0.880651
vt 0.944290 0.876453
vt 0.934738 0.860380
vt 0.895217 0.850424
vt 0.913365 0.843107
vt 0.883038 0.825354
vt 0.897127 0.817438
vt 0.881844 0.797166
vt 0.890441 0.787451
vt 0.869068 0.781453
vt 0.875038 0.771857
vt 0.861188 0.776055
vt 0.868829 0.766699
vt 0.854024 0.769458
vt 0.864531 0.754585
vt 0.842442 0.757343
vt 0.851875 0.744269
vt 0.835995 0.742470
vt 0.843756 0.730955
vt 0.860352 0.788530
vt 0.870382 0.804963
vt 0.860710 0.807602
vt 0.875635 0.828353
vt 0.888411 0.852823
vt 0.883157 0.854742
vt 0.869426 0.829553
vt 0.853904 0.810601
vt 0.852113 0.793808
vt 0.854263 0.783492
vt 0.862501 0.833391
vt 0.847457 0.815159
vt 0.844950 0.798006
vt 0.840293 0.790209
vt 0.834442 0.783612
vt 0.825726 0.768619
vt 0.825487 0.750146
vt 0.838144 0.818997
vt 0.837069 0.802684
vt 0.828472 0.797046
vt 0.822144 0.790569
vt 0.812234 0.770658
vt 0.813070 0.754345
vt 0.828234 0.807962
vt 0.818562 0.804243
vt 0.805190 0.800045
vt 0.801488 0.772457
vt 0.802444 0.756384
vt 0.792056 0.772697
vt 0.793011 0.757343
vt 0.784414 0.757943
vt 0.782504 0.772337
vt 0.775579 0.758063
vt 0.775340 0.772457
vt 0.765907 0.758063
vt 0.764594 0.772577
vt 0.754565 0.757223
vt 0.751341 0.768978
vt 0.742147 0.753745
vt 0.737490 0.762501
vt 0.731640 0.745349
vt 0.723760 0.754345
vt 0.795638 0.799446
vt 0.785489 0.801125
vt 0.779041 0.800885
vt 0.764355 0.798726
vt 0.747042 0.785172
vt 0.730565 0.773417
vt 0.714685 0.768259
vt 0.749669 0.811200
vt 0.740117 0.807002
vt 0.731640 0.802924
vt 0.730327 0.820916
vt 0.723401 0.817558
vt 0.717551 0.839508
vt 0.711223 0.836630
vt 0.699283 0.863498
vt 0.694149 0.861939
vt 0.694865 0.881251
vt 0.685194 0.878612
vt 0.704656 0.835910
vt 0.716596 0.815039
vt 0.724357 0.799326
vt 0.715640 0.794767
vt 0.707760 0.811440
vt 0.696656 0.833751
vt 0.687343 0.859900
vt 0.668358 0.854502
vt 0.673970 0.875973
vt 0.649135 0.874174
vt 0.657374 0.893485
vt 0.641255 0.890967
vt 0.629793 0.867816
vt 0.647822 0.845146
vt 0.682089 0.828713
vt 0.694984 0.805803
vt 0.706566 0.788770
vt 0.699880 0.779894
vt 0.685791 0.796927
vt 0.667045 0.820916
vt 0.678746 0.886648
vt 0.671821 0.889167
vt 0.740356 0.823795
vt 0.727939 0.842387
vt 0.706447 0.865058
vt 0.698089 0.889047
vt 0.703104 0.895285
vt 0.717909 0.868416
vt 0.067662 0.175111
vt 0.069453 0.159757
vt 0.076259 0.167554
vt 0.083065 0.160837
vt 0.091184 0.166235
vt 0.093810 0.149682
vt 0.087005 0.141285
vt 0.109213 0.143564
vt 0.117810 0.137207
vt 0.119959 0.144644
vt 0.108855 0.120534
vt 0.134645 0.118855
vt 0.122944 0.099543
vt 0.141212 0.111778
vt 0.146704 0.115856
vt 0.149212 0.096065
vt 0.152197 0.088748
vt 0.165450 0.093905
vt 0.166763 0.091986
vt 0.143122 0.076153
vt 0.156256 0.081551
vt 0.146227 0.689572
vt 0.143122 0.687893
vt 0.147062 0.685854
vt 0.138227 0.680816
vt 0.145271 0.667861
vt 0.136436 0.664023
vt 0.143003 0.650349
vt 0.128317 0.645191
vt 0.130227 0.635715
vt 0.119720 0.636555
vt 0.122347 0.621921
vt 0.109571 0.620961
vt 0.112556 0.614004
vt 0.099542 0.613764
vt 0.101452 0.606328
vt 0.087005 0.606448
vt 0.088079 0.597571
vt 0.075304 0.596252
vt 0.073154 0.584137
vt 0.059662 0.578979
vt 0.056797 0.564345
vt 0.038768 0.558708
vt 0.033275 0.541075
vt 0.019902 0.545753
vt 0.017634 0.530040
vt 0.032439 0.529440
vt 0.051782 0.544314
vt 0.074468 0.572982
vt 0.086885 0.589055
vt 0.104079 0.599610
vt 0.114228 0.606568
vt 0.124735 0.615564
vt 0.132615 0.623360
vt 0.144555 0.640393
vt 0.150644 0.653827
vt 0.153271 0.671100
vt 0.051663 0.535678
vt 0.071960 0.556189
vt 0.093094 0.583297
vt 0.104915 0.591814
vt 0.118645 0.601050
vt 0.126168 0.608727
vt 0.134167 0.616643
vt 0.145152 0.628158
vt 0.153271 0.645191
vt 0.157092 0.658745
vt 0.072199 0.547433
vt 0.090945 0.567224
vt 0.106347 0.588575
vt 0.127123 0.595052
vt 0.130944 0.602009
vt 0.136078 0.610286
vt 0.146107 0.621321
vt 0.154943 0.634156
vt 0.160077 0.648790
vt 0.090348 0.561347
vt 0.106825 0.573462
vt 0.131779 0.587616
vt 0.142764 0.591934
vt 0.141092 0.604049
vt 0.147540 0.615204
vt 0.155898 0.627559
vt 0.162345 0.639673
vt 0.106109 0.568904
vt 0.131541 0.573941
vt 0.150644 0.585456
vt 0.154704 0.593253
vt 0.150883 0.608247
vt 0.157450 0.622041
vt 0.163181 0.634636
vt 0.130705 0.566864
vt 0.156256 0.571782
vt 0.162345 0.585337
vt 0.166883 0.596612
vt 0.160793 0.615924
vt 0.164972 0.630317
vt 0.155659 0.563746
vt 0.176435 0.572742
vt 0.178106 0.588335
vt 0.177032 0.603809
vt 0.169629 0.626839
vt 0.179300 0.566744
vt 0.196135 0.577540
vt 0.188733 0.595412
vt 0.185151 0.617243
vt 0.202344 0.572142
vt 0.207359 0.586656
vt 0.201270 0.611965
vt 0.221926 0.582218
vt 0.217388 0.602129
vt 0.174763 0.288583
vt 0.179181 0.291941
vt 0.028619 0.562306
vt 0.044499 0.574901
vt 0.032798 0.577540
vt 0.049513 0.592414
vt 0.039006 0.592893
vt 0.050588 0.599131
vt 0.039603 0.596732
vt 0.050230 0.604408
vt 0.040797 0.599850
vt 0.049036 0.610166
vt 0.040917 0.604288
vt 0.044379 0.620961
vt 0.036618 0.612925
vt 0.039962 0.629478
vt 0.029574 0.621441
vt 0.035544 0.641952
vt 0.022768 0.633556
vt 0.017395 0.649149
vt 0.062409 0.594093
vt 0.062170 0.602369
vt 0.060856 0.609446
vt 0.058946 0.616523
vt 0.054289 0.628758
vt 0.049752 0.637994
vt 0.046648 0.652748
vt 0.046290 0.660185
vt 0.032439 0.657546
vt 0.033753 0.660065
vt 0.029693 0.658266
vt 0.074587 0.605728
vt 0.073154 0.614004
vt 0.071244 0.622161
vt 0.066110 0.637394
vt 0.063364 0.648550
vt 0.058946 0.659945
vt 0.057991 0.667262
vt 0.085930 0.614124
vt 0.084736 0.621561
vt 0.081512 0.637035
vt 0.080318 0.647230
vt 0.077333 0.658266
vt 0.073632 0.671940
vt 0.097273 0.621201
vt 0.092736 0.636675
vt 0.090348 0.646870
vt 0.087005 0.658146
vt 0.086408 0.672899
vt 0.105392 0.636795
vt 0.102646 0.647350
vt 0.101571 0.658026
vt 0.101333 0.672419
vt 0.118645 0.646511
vt 0.116616 0.657186
vt 0.114228 0.671460
vt 0.124615 0.656466
vt 0.122944 0.671220
vt 0.129988 0.674459
vt 0.017156 0.652988
vt 0.120078 0.287743
vt 0.125690 0.289182
vt 0.263835 0.410571
vt 0.257148 0.426404
vt 0.247955 0.406013
vt 0.244611 0.417888
vt 0.226940 0.407812
vt 0.224552 0.416448
vt 0.202583 0.414529
vt 0.200553 0.423525
vt 0.180136 0.424125
vt 0.177748 0.430123
vt 0.161748 0.427724
vt 0.159838 0.432402
vt 0.137033 0.419327
vt 0.134048 0.426404
vt 0.107780 0.408172
vt 0.108855 0.417648
vt 0.086408 0.406253
vt 0.087721 0.413330
vt 0.060856 0.406013
vt 0.066110 0.413090
vt 0.038051 0.411650
vt 0.051782 0.419567
vt 0.023007 0.424245
vt 0.037454 0.433241
vt 0.243895 0.441158
vt 0.234343 0.434801
vt 0.214284 0.436000
vt 0.193628 0.440318
vt 0.171659 0.446076
vt 0.156376 0.447875
vt 0.129988 0.440558
vt 0.110646 0.433481
vt 0.098825 0.430242
vt 0.081871 0.429043
vt 0.068975 0.433721
vt 0.051543 0.447635
vt 0.234821 0.455552
vt 0.224075 0.450154
vt 0.207359 0.450394
vt 0.191837 0.452193
vt 0.176315 0.453752
vt 0.156853 0.451953
vt 0.132973 0.449314
vt 0.117571 0.442117
vt 0.104795 0.440438
vt 0.091422 0.440558
vt 0.079005 0.445476
vt 0.066468 0.457951
vt 0.225508 0.470066
vt 0.214403 0.466947
vt 0.200673 0.465507
vt 0.186703 0.464068
vt 0.173569 0.462509
vt 0.155779 0.460230
vt 0.140376 0.457951
vt 0.127242 0.455552
vt 0.116257 0.454952
vt 0.104795 0.456991
vt 0.092497 0.461549
vt 0.080796 0.471025
vt 0.223717 0.474024
vt 0.211418 0.473544
vt 0.198523 0.474144
vt 0.184912 0.474144
vt 0.171659 0.471745
vt 0.156853 0.467787
vt 0.143958 0.464548
vt 0.130466 0.463828
vt 0.119839 0.462869
vt 0.106944 0.464908
vt 0.094527 0.469466
vt 0.084617 0.476063
vt 0.221448 0.477143
vt 0.210583 0.479302
vt 0.198165 0.481701
vt 0.184195 0.483260
vt 0.170942 0.480021
vt 0.156853 0.476063
vt 0.143242 0.472824
vt 0.129988 0.471265
vt 0.119959 0.470066
vt 0.106467 0.471745
vt 0.094646 0.475703
vt 0.085214 0.481101
vt 0.220254 0.481821
vt 0.210344 0.485659
vt 0.198165 0.489617
vt 0.183957 0.492256
vt 0.170106 0.488058
vt 0.157211 0.484459
vt 0.144555 0.480861
vt 0.130944 0.478462
vt 0.119959 0.477262
vt 0.105750 0.479062
vt 0.093930 0.482900
vt 0.084856 0.486738
vt 0.222284 0.491656
vt 0.212135 0.498014
vt 0.199956 0.503651
vt 0.185270 0.509409
vt 0.169509 0.504851
vt 0.158047 0.501732
vt 0.144555 0.498374
vt 0.130108 0.494415
vt 0.119123 0.491057
vt 0.103124 0.492016
vt 0.092855 0.494655
vt 0.084736 0.496694
vt 0.227537 0.502452
vt 0.214284 0.508089
vt 0.202583 0.514447
vt 0.185151 0.521644
vt 0.167957 0.515646
vt 0.157689 0.512767
vt 0.145152 0.510128
vt 0.127959 0.505091
vt 0.118526 0.501132
vt 0.102168 0.502692
vt 0.093333 0.504371
vt 0.085453 0.507849
vt 0.231358 0.516726
vt 0.215717 0.522243
vt 0.201389 0.530520
vt 0.186703 0.534718
vt 0.168077 0.528121
vt 0.158047 0.525362
vt 0.143242 0.521404
vt 0.127481 0.516606
vt 0.119601 0.513847
vt 0.105631 0.518645
vt 0.095363 0.520324
vt 0.086169 0.521644
vt 0.233268 0.534118
vt 0.215478 0.539276
vt 0.199598 0.538316
vt 0.185748 0.542395
vt 0.168196 0.543234
vt 0.154943 0.540835
vt 0.139540 0.536397
vt 0.126406 0.532079
vt 0.117690 0.529560
vt 0.109452 0.530880
vt 0.099422 0.535678
vt 0.088915 0.538556
vt 0.219179 0.390180
vt 0.215120 0.371947
vt 0.239000 0.396537
vt 0.227657 0.368229
vt 0.241388 0.360312
vt 0.223358 0.326846
vt 0.233627 0.325047
vt 0.220493 0.307175
vt 0.225746 0.306935
vt 0.216433 0.307655
vt 0.218105 0.300937
vt 0.211896 0.311373
vt 0.209030 0.310054
vt 0.206046 0.336802
vt 0.213090 0.333684
vt 0.255835 0.389940
vt 0.255954 0.356834
vt 0.273506 0.381543
vt 0.278521 0.361991
vt 0.264670 0.349037
vt 0.239597 0.321929
vt 0.244492 0.316651
vt 0.232074 0.305256
vt 0.230045 0.295300
vt 0.224433 0.289902
vt 0.252492 0.289902
vt 0.270640 0.300937
vt 0.267655 0.314252
vt 0.280670 0.299618
vt 0.276849 0.314252
vt 0.248193 0.279347
vt 0.275894 0.288943
vt 0.286520 0.286903
vt 0.282819 0.276828
vt 0.300132 0.271550
vt 0.327713 0.045806
vt 0.305505 0.054442
vt 0.312191 0.026854
vt 0.285446 0.045806
vt 0.298580 0.019057
vt 0.284849 0.034051
vt 0.288073 0.016298
vt 0.278998 0.029373
vt 0.267297 0.023735
vt 0.277804 0.044726
vt 0.267417 0.041608
vt 0.255715 0.044367
vt 0.248074 0.045326
vt 0.249149 0.033571
vt 0.221567 0.025535
vt 0.235656 0.017858
vt 0.631942 0.920594
vt 0.626091 0.925872
vt 0.624420 0.920354
vt 0.617494 0.928151
vt 0.614987 0.918195
vt 0.610689 0.928391
vt 0.610450 0.913517
vt 0.604599 0.922153
vt 0.604599 0.909559
vt 0.598510 0.916396
vt 0.601734 0.907160
vt 0.592301 0.911358
vt 0.599346 0.899003
vt 0.589436 0.900563
vt 0.597913 0.887848
vt 0.590510 0.890847
vt 0.584182 0.880051
vt 0.577973 0.895645
vt 0.576541 0.883290
vt 0.565675 0.883170
vt 0.573078 0.866857
vt 0.561377 0.864098
vt 0.572959 0.844666
vt 0.560183 0.841548
vt 0.574630 0.835550
vt 0.561735 0.833151
vt 0.570212 0.815159
vt 0.556959 0.830752
vt 0.564720 0.817198
vt 0.553855 0.824035
vt 0.555646 0.816478
vt 0.547527 0.824155
vt 0.551109 0.811920
vt 0.546810 0.809761
vt 0.552661 0.806043
vt 0.549079 0.803884
vt 0.557556 0.808082
vt 0.562690 0.806642
vt 0.568660 0.807842
vt 0.580839 0.813719
vt 0.575585 0.804363
vt 0.593137 0.811560
vt 0.596241 0.807122
vt 0.593256 0.815159
vt 0.596241 0.812760
vt 0.591227 0.834111
vt 0.593256 0.833391
vt 0.582391 0.848505
vt 0.590988 0.845386
vt 0.581914 0.863858
vt 0.588719 0.862659
vt 0.605913 0.865657
vt 0.599346 0.879092
vt 0.540840 0.796807
vt 0.538333 0.803884
vt 0.529020 0.792249
vt 0.526154 0.798606
vt 0.511349 0.792848
vt 0.512543 0.793928
vt 0.509797 0.811920
vt 0.514214 0.810481
vt 0.518393 0.832072
vt 0.535467 0.821636
vt 0.534154 0.834950
vt 0.546810 0.837589
vt 0.553258 0.838189
vt 0.546213 0.858940
vt 0.551228 0.860380
vt 0.551586 0.879451
vt 0.557317 0.880651
vt 0.557079 0.895405
vt 0.567944 0.898044
vt 0.561855 0.910038
vt 0.566630 0.915196
vt 0.559586 0.919754
vt 0.564362 0.924312
vt 0.555526 0.936427
vt 0.559586 0.941585
vt 0.556243 0.839149
vt 0.555526 0.861819
vt 0.573914 0.905840
vt 0.581555 0.903561
vt 0.578212 0.912198
vt 0.586690 0.910758
vt 0.588122 0.918555
vt 0.592540 0.917595
vt 0.594809 0.924552
vt 0.600898 0.933548
vt 0.607823 0.935588
vt 0.599226 0.940026
vt 0.604241 0.943024
vt 0.598152 0.947702
vt 0.601137 0.951061
vt 0.591704 0.953580
vt 0.597555 0.960297
vt 0.589555 0.968813
vt 0.595525 0.974691
vt 0.616181 0.818397
vt 0.612599 0.844546
vt 0.583824 0.964495
vt 0.588481 0.948662
vt 0.594092 0.941585
vt 0.578093 0.960297
vt 0.585854 0.941825
vt 0.572959 0.955859
vt 0.580839 0.936427
vt 0.568302 0.951301
vt 0.575944 0.931749
vt 0.563646 0.946623
vt 0.567586 0.929350
vt 0.570451 0.921793
vt 0.575108 0.922993
vt 0.581197 0.916876
vt 0.267297 0.012700
vt 0.246044 0.016059
vt 0.255238 0.029253
vt 0.523169 0.853423
vt 0.537378 0.856901
vt 0.538691 0.875973
vt 0.546333 0.877892
vt 0.544303 0.891686
vt 0.550034 0.893246
vt 0.544542 0.900922
vt 0.556243 0.905001
vt 0.552422 0.913757
vt 0.551347 0.931269
vt 0.279953 0.348197
vt 0.268969 0.335243
vt 0.278521 0.332964
vt 0.528900 0.873574
vt 0.538572 0.889647
vt 0.530930 0.887848
vt 0.529856 0.900083
vt 0.543228 0.910518
vt 0.531885 0.910518
vt 0.530094 0.918555
vt 0.545974 0.926591
vt 0.538811 0.922033
vt 0.612957 0.938706
vt 0.607943 0.946143
vt 0.612957 0.950341
vt 0.605913 0.956339
vt 0.619285 0.960657
vt 0.614151 0.964855
vt 0.623345 0.977690
vt 0.613077 0.980808
vt 0.620718 0.947343
vt 0.621554 0.937627
vt 0.633852 0.927551
vt 0.633852 0.937627
vt 0.649971 0.937027
vt 0.654747 0.948302
vt 0.671821 0.931149
vt 0.676716 0.944584
vt 0.680418 0.928511
vt 0.684238 0.941945
vt 0.700954 0.932349
vt 0.687462 0.946743
vt 0.699641 0.937987
vt 0.694746 0.949262
vt 0.701790 0.946743
vt 0.695581 0.955859
vt 0.710029 0.954300
vt 0.717193 0.961737
vt 0.715521 0.951061
vt 0.723760 0.958018
vt 0.712655 0.947942
vt 0.707044 0.950461
vt 0.709551 0.943744
vt 0.710148 0.939066
vt 0.708118 0.934268
vt 0.710506 0.928870
vt 0.701671 0.922273
vt 0.709909 0.911478
vt 0.704298 0.910758
vt 0.703342 0.904881
vt 0.700238 0.908959
vt 0.679940 0.904881
vt 0.680060 0.909919
vt 0.667045 0.912437
vt 0.666806 0.922033
vt 0.652240 0.928271
vt 0.635404 0.947702
vt 0.624539 0.957298
vt 0.638748 0.955259
vt 0.627405 0.963776
vt 0.640897 0.960417
vt 0.629554 0.969053
vt 0.643046 0.965695
vt 0.631942 0.974811
vt 0.645911 0.972652
vt 0.635046 0.981888
vt 0.649732 0.982008
vt 0.657254 0.953820
vt 0.659284 0.957658
vt 0.660956 0.962576
vt 0.664418 0.970973
vt 0.671582 0.984167
vt 0.679463 0.948662
vt 0.681015 0.951781
vt 0.682567 0.958258
vt 0.686865 0.970733
vt 0.692358 0.985726
vt 0.701910 0.969053
vt 0.714208 0.986566
vt 0.730446 0.986926
vt 0.731759 0.987645
vt 0.724237 0.973012
vt 0.730207 0.969293
vt 0.651523 0.922153
vt 0.630390 0.982488
vt 0.625375 0.973252
vt 0.794324 0.870215
vt 0.794563 0.880651
vt 0.783937 0.867457
vt 0.784772 0.883170
vt 0.772952 0.866137
vt 0.778444 0.882690
vt 0.771758 0.884129
vt 0.776773 0.900443
vt 0.770564 0.885209
vt 0.768773 0.886648
vt 0.754684 0.873334
vt 0.766743 0.891926
vt 0.751818 0.883290
vt 0.765788 0.898044
vt 0.750983 0.893725
vt 0.750744 0.904401
vt 0.790742 0.889527
vt 0.784653 0.894445
vt 0.779161 0.898643
vt 0.788593 0.907759
vt 0.770683 0.905480
vt 0.760057 0.913757
vt 0.761251 0.907160
vt 0.809607 0.891087
vt 0.801250 0.881251
vt 0.796712 0.917595
vt 0.767579 0.924552
vt 0.776056 0.934028
vt 0.809369 0.933668
vt 0.787519 0.950821
vt 0.815577 0.960177
vt 0.796951 0.969653
vt 0.800653 0.972532
vt 0.830144 0.946263
vt 0.818443 0.963656
vt 0.818682 0.968813
vt 0.804473 0.975531
vt 0.829308 0.982008
vt 0.811995 0.982967
vt 0.812951 0.995202
vt 0.834204 0.951541
vt 0.840293 0.945303
vt 0.836353 0.940386
vt 0.849248 0.933548
vt 0.847218 0.929350
vt 0.851516 0.937747
vt 0.842920 0.948302
vt 0.836353 0.955379
vt 0.857128 0.946383
vt 0.852472 0.963176
vt 0.841248 0.973012
vt 0.847218 0.980209
vt 0.833965 0.990644
vt 0.859755 0.969053
vt 0.868710 0.949382
vt 0.890082 0.872255
vt 0.876829 0.857381
vt 0.852352 0.837349
vt 0.822503 0.824155
vt 0.818443 0.812280
vt 0.888172 0.880171
vt 0.865247 0.862179
vt 0.831219 0.848025
vt 0.884112 0.886888
vt 0.837786 0.872015
vt 0.845308 0.890367
vt 0.878142 0.908239
vt 0.867516 0.911358
vt 0.763281 0.866977
vt 0.755997 0.867457
vt 0.817249 0.901162
vt 0.830980 0.916516
vt 0.912529 0.810361
vt 0.932827 0.831592
vt 0.953125 0.852223
vt 0.064438 0.079272
vt 0.069214 0.080951
vt 0.060379 0.082870
vt 0.065155 0.085389
vt 0.070050 0.117415
vt 0.080080 0.109259
vt 0.083184 0.114657
vt 0.103243 0.083950
vt 0.085453 0.099063
vt 0.064438 0.108059
vt 0.046170 0.125812
vt 0.041394 0.112737
vt 0.030768 0.113337
vt 0.045931 0.134448
vt 0.037932 0.137567
vt 0.022410 0.176670
vt 0.009754 0.168754
vt 0.006052 0.181348
vt 0.021932 0.134928
vt 0.030051 0.123413
vt 0.032439 0.117895
vt 0.025395 0.120774
vt 0.713252 0.991244
vt 0.606271 0.968813
vt 0.601973 0.982248
vt 0.097870 0.185307
vt 0.092855 0.200660
vt 0.077214 0.186986
vt 0.078050 0.193463
vt 0.050349 0.198141
vt 0.064796 0.207977
vt 0.063244 0.219132
vt 0.077453 0.221891
vt 0.077453 0.217813
vt 0.081154 0.215654
vt 0.084497 0.219852
vt 0.252372 0.688733
vt 0.242582 0.658146
vt 0.234582 0.660065
vt 0.218582 0.664143
vt 0.217269 0.644351
vt 0.207836 0.671220
vt 0.209389 0.652388
vt 0.201747 0.662944
vt 0.189688 0.665343
vt 0.186464 0.678057
vt 0.183240 0.660664
vt 0.176912 0.674459
vt 0.184673 0.653348
vt 0.195538 0.649749
vt 0.200314 0.676978
vt 0.042946 0.210136
vt 0.027066 0.186146
vt 0.036977 0.176910
vt 0.020738 0.198141
vt 0.010589 0.188065
vt 0.011545 0.182548
vt 0.204852 0.836870
vt 0.202822 0.851743
vt 0.190046 0.825594
vt 0.182882 0.840108
vt 0.167718 0.828593
vt 0.189330 0.816358
vt 0.193150 0.812760
vt 0.196494 0.821876
vt 0.203180 0.825594
vt 0.196494 0.811800
vt 0.199598 0.819117
vt 0.203658 0.822476
vt 0.196374 0.805563
vt 0.193150 0.805443
vt 0.198523 0.799326
vt 0.152555 0.308494
vt 0.157092 0.314852
vt 0.151241 0.314132
vt 0.141451 0.322528
vt 0.140257 0.307055
vt 0.100139 0.314852
vt 0.105153 0.299618
vt 0.089990 0.296619
vt 0.090467 0.301657
vt 0.084259 0.302017
vt 0.080915 0.298898
vt 0.086647 0.317730
vt 0.075542 0.309334
vt 0.072080 0.338841
vt 0.064080 0.330925
vt 0.041155 0.330925
vt 0.063244 0.348917
vt 0.038290 0.334403
vt 0.052379 0.353355
vt 0.034947 0.333564
vt 0.040917 0.351676
vt 0.038290 0.326846
vt 0.149809 0.329365
vt 0.162942 0.327566
vt 0.165450 0.352516
vt 0.151241 0.354675
vt 0.167002 0.374346
vt 0.156017 0.372547
vt 0.161748 0.387541
vt 0.138346 0.380464
vt 0.158764 0.389700
vt 0.161629 0.394738
vt 0.165569 0.388380
vt 0.036977 0.371467
vt 0.068020 0.351676
vt 0.140495 0.396777
vt 0.124257 0.396657
vt 0.132854 0.377945
vt 0.239358 0.812760
vt 0.238522 0.797406
vt 0.237328 0.783492
vt 0.227657 0.053363
vt 0.232552 0.597211
vt 0.041752 0.660784
vt 0.033156 0.168394
vt 0.165450 0.095945
vt 0.144555 0.120654
vt 0.117451 0.147763
vt 0.090348 0.169833
vt 0.186106 0.790809
vt 0.316490 0.823555
vt 0.619047 0.888688
vt 0.965901 0.871895
# num_vertices: 7378


g Object_Material.003_0

usemtl Material.003

f 1/1 2/2 3/3
f 4/4 5/5 3/3
f 6/6 5/5 7/7
f 8/8 9/9 7/7
f 10/10 9/9 11/11
f 12/12 13/13 11/11
f 14/14 13/13 15/15
f 16/16 17/17 15/15
f 18/18 17/17 19/19
f 20/20 21/21 19/19
f 22/22 21/21 23/23
f 24/24 25/25 23/23
f 26/26 25/25 27/27
f 28/28 29/29 27/27
f 30/30 29/29 31/31
f 32/32 33/33 31/31
f 34/34 33/33 35/35
f 36/36 37/37 35/35
f 38/38 37/37 39/39
f 40/40 41/41 39/39
f 42/42 41/41 43/43
f 44/44 45/45 43/43
f 46/46 45/45 47/47
f 48/48 49/49 47/47
f 50/50 49/49 51/51
f 52/52 53/53 51/51
f 54/54 53/53 55/55
f 56/56 57/57 55/55
f 58/58 57/57 59/59
f 60/60 61/61 59/59
f 62/62 61/61 63/63
f 64/64 65/65 63/63
f 66/66 65/65 67/67
f 68/68 69/69 67/67
f 70/70 69/69 71/71
f 72/72 73/73 71/71
f 74/74 73/73 75/75
f 76/76 77/77 75/75
f 78/78 77/77 79/79
f 80/80 81/81 79/79
f 82/82 81/81 83/83
f 84/84 85/85 83/83
f 86/86 85/85 87/87
f 88/88 89/89 87/87
f 90/90 89/89 91/91
f 92/92 93/93 91/91
f 94/94 93/93 95/95
f 96/96 97/97 95/95
f 98/98 97/97 99/99
f 100/100 101/101 99/99
f 102/102 101/101 103/103
f 104/104 105/105 103/103
f 106/106 105/105 107/107
f 108/108 109/109 107/107
f 110/110 109/109 111/111
f 112/112 113/113 111/111
f 114/114 113/113 115/115
f 116/116 117/117 115/115
f 118/118 117/117 119/119
f 120/120 121/121 119/119
f 122/122 121/121 123/123
f 124/124 125/125 123/123
f 126/126 125/125 3/3
f 127/127 128/128 3/3
f 6/6 128/128 129/129
f 130/130 131/131 129/129
f 132/132 131/131 133/133
f 134/134 135/135 133/133
f 136/136 135/135 137/137
f 138/138 139/139 137/137
f 140/140 139/139 141/141
f 142/142 143/143 141/141
f 144/144 143/143 145/145
f 146/146 147/147 145/145
f 148/148 147/147 149/149
f 150/150 151/151 149/149
f 152/152 151/151 153/153
f 154/154 155/155 153/153
f 156/156 155/155 157/157
f 158/158 159/159 157/157
f 160/160 159/159 161/161
f 162/162 163/163 161/161
f 164/164 163/163 165/165
f 166/166 167/167 165/165
f 168/168 167/167 169/169
f 170/170 171/171 169/169
f 172/172 171/171 173/173
f 174/174 175/175 173/173
f 176/176 175/175 177/177
f 178/178 179/179 177/177
f 180/180 179/179 181/181
f 182/182 183/183 181/181
f 184/184 183/183 185/185
f 186/186 65/65 185/185
f 187/187 65/65 188/188
f 68/68 189/189 188/188
f 190/190 189/189 191/191
f 192/192 193/193 191/191
f 194/194 193/193 195/195
f 196/196 197/197 195/195
f 198/198 197/197 199/199
f 200/200 201/201 199/199
f 202/202 201/201 203/203
f 204/204 205/205 203/203
f 206/206 205/205 207/207
f 208/208 209/209 207/207
f 210/210 209/209 211/211
f 212/212 213/213 211/211
f 214/214 213/213 215/215
f 216/216 217/217 215/215
f 218/218 217/217 219/219
f 220/220 221/221 219/219
f 222/222 221/221 223/223
f 224/224 225/225 223/223
f 226/226 225/225 227/227
f 228/228 229/229 227/227
f 230/230 229/229 231/231
f 232/232 17/17 231/231
f 233/233 17/17 234/234
f 68/68 183/183 235/235
f 186/186 179/179 235/235
f 236/236 179/179 237/237
f 182/182 175/175 237/237
f 238/238 175/175 239/239
f 178/178 171/171 239/239
f 240/240 171/171 241/241
f 174/174 167/167 241/241
f 242/242 167/167 243/243
f 170/170 163/163 243/243
f 244/244 163/163 245/245
f 166/166 159/159 245/245
f 246/246 159/159 247/247
f 162/162 155/155 247/247
f 248/248 155/155 249/249
f 158/158 151/151 249/249
f 250/250 151/151 251/251
f 154/154 147/147 251/251
f 252/252 147/147 253/253
f 150/150 143/143 253/253
f 254/254 143/143 255/255
f 146/146 139/139 255/255
f 256/256 139/139 257/257
f 142/142 135/135 257/257
f 258/258 135/135 259/259
f 138/138 131/131 259/259
f 260/260 131/131 261/261
f 134/134 128/128 261/261
f 262/262 128/128 263/263
f 127/127 121/121 261/261
f 124/124 264/264 261/261
f 262/262 264/264 259/259
f 265/265 266/266 259/259
f 260/260 266/266 257/257
f 267/267 268/268 257/257
f 258/258 268/268 255/255
f 269/269 270/270 255/255
f 256/256 270/270 253/253
f 271/271 272/272 253/253
f 254/254 272/272 251/251
f 273/273 274/274 251/251
f 252/252 274/274 249/249
f 275/275 276/276 249/249
f 250/250 276/276 247/247
f 277/277 278/278 247/247
f 248/248 278/278 245/245
f 279/279 280/280 245/245
f 246/246 280/280 243/243
f 281/281 282/282 243/243
f 244/244 282/282 241/241
f 283/283 284/284 241/241
f 242/242 284/284 239/239
f 285/285 286/286 239/239
f 240/240 286/286 237/237
f 287/287 288/288 237/237
f 238/238 288/288 235/235
f 289/289 65/65 235/235
f 124/124 117/117 290/290
f 120/120 291/291 290/290
f 265/265 291/291 292/292
f 293/293 294/294 292/292
f 267/267 294/294 295/295
f 296/296 297/297 295/295
f 269/269 297/297 298/298
f 299/299 300/300 298/298
f 271/271 300/300 301/301
f 302/302 303/303 301/301
f 273/273 303/303 304/304
f 305/305 306/306 304/304
f 275/275 306/306 307/307
f 308/308 309/309 307/307
f 277/277 309/309 310/310
f 311/311 312/312 310/310
f 279/279 312/312 313/313
f 314/314 315/315 313/313
f 281/281 315/315 316/316
f 317/317 318/318 316/316
f 283/283 318/318 319/319
f 320/320 321/321 319/319
f 285/285 321/321 322/322
f 323/323 324/324 322/322
f 287/287 324/324 325/325
f 326/326 65/65 325/325
f 120/120 113/113 327/327
f 116/116 328/328 327/327
f 293/293 328/328 329/329
f 330/330 331/331 329/329
f 296/296 331/331 332/332
f 333/333 334/334 332/332
f 299/299 334/334 335/335
f 336/336 337/337 335/335
f 302/302 337/337 338/338
f 339/339 340/340 338/338
f 305/305 340/340 341/341
f 342/342 343/343 341/341
f 308/308 343/343 344/344
f 345/345 346/346 344/344
f 311/311 346/346 347/347
f 348/348 349/349 347/347
f 314/314 349/349 350/350
f 351/351 352/352 350/350
f 317/317 352/352 353/353
f 354/354 355/355 353/353
f 320/320 355/355 356/356
f 357/357 358/358 356/356
f 323/323 358/358 359/359
f 360/360 65/65 359/359
f 116/116 109/109 361/361
f 112/112 362/362 361/361
f 330/330 362/362 363/363
f 364/364 365/365 363/363
f 333/333 365/365 366/366
f 367/367 368/368 366/366
f 336/336 368/368 369/369
f 370/370 371/371 369/369
f 339/339 371/371 372/372
f 373/373 374/374 372/372
f 342/342 374/374 375/375
f 376/376 377/377 375/375
f 345/345 377/377 378/378
f 379/379 380/380 378/378
f 348/348 380/380 381/381
f 382/382 383/383 381/381
f 351/351 383/383 384/384
f 385/385 386/386 384/384
f 354/354 386/386 387/387
f 388/388 389/389 387/387
f 357/357 389/389 390/390
f 391/391 65/65 390/390
f 112/112 105/105 392/392
f 108/108 393/393 392/392
f 364/364 393/393 394/394
f 395/395 396/396 394/394
f 367/367 396/396 397/397
f 398/398 399/399 397/397
f 370/370 399/399 400/400
f 401/401 402/402 400/400
f 373/373 402/402 403/403
f 404/404 405/405 403/403
f 376/376 405/405 406/406
f 407/407 408/408 406/406
f 379/379 408/408 409/409
f 410/410 411/411 409/409
f 382/382 411/411 412/412
f 413/413 414/414 412/412
f 385/385 414/414 415/415
f 416/416 417/417 415/415
f 388/388 417/417 418/418
f 419/419 65/65 418/418
f 108/108 101/101 420/420
f 104/104 421/421 420/420
f 395/395 421/421 422/422
f 423/423 424/424 422/422
f 398/398 424/424 425/425
f 426/426 427/427 425/425
f 401/401 427/427 428/428
f 429/429 430/430 428/428
f 404/404 430/430 431/431
f 432/432 433/433 431/431
f 407/407 433/433 434/434
f 435/435 436/436 434/434
f 410/410 436/436 437/437
f 438/438 439/439 437/437
f 413/413 439/439 440/440
f 441/441 442/442 440/440
f 416/416 442/442 443/443
f 444/444 65/65 443/443
f 104/104 97/97 445/445
f 100/100 446/446 445/445
f 423/423 446/446 447/447
f 448/448 449/449 447/447
f 426/426 449/449 450/450
f 451/451 452/452 450/450
f 429/429 452/452 453/453
f 454/454 455/455 453/453
f 432/432 455/455 456/456
f 457/457 458/458 456/456
f 435/435 458/458 459/459
f 460/460 461/461 459/459
f 438/438 461/461 462/462
f 463/463 464/464 462/462
f 441/441 464/464 465/465
f 466/466 65/65 465/465
f 100/100 93/93 467/467
f 96/96 468/468 467/467
f 448/448 468/468 469/469
f 470/470 471/471 469/469
f 451/451 471/471 472/472
f 473/473 474/474 472/472
f 454/454 474/474 475/475
f 476/476 477/477 475/475
f 457/457 477/477 478/478
f 479/479 480/480 478/478
f 460/460 480/480 481/481
f 482/482 483/483 481/481
f 463/463 483/483 484/484
f 485/485 65/65 484/484
f 96/96 89/89 486/486
f 92/92 487/487 486/486
f 470/470 487/487 488/488
f 489/489 490/490 488/488
f 473/473 490/490 491/491
f 492/492 493/493 491/491
f 476/476 493/493 494/494
f 495/495 496/496 494/494
f 479/479 496/496 497/497
f 498/498 499/499 497/497
f 482/482 499/499 500/500
f 501/501 65/65 500/500
f 92/92 85/85 502/502
f 88/88 503/503 502/502
f 489/489 503/503 504/504
f 505/505 506/506 504/504
f 492/492 506/506 507/507
f 508/508 509/509 507/507
f 495/495 509/509 510/510
f 511/511 512/512 510/510
f 498/498 512/512 513/513
f 514/514 65/65 513/513
f 88/88 81/81 515/515
f 84/84 516/516 515/515
f 505/505 516/516 517/517
f 518/518 519/519 517/517
f 508/508 519/519 520/520
f 521/521 522/522 520/520
f 511/511 522/522 523/523
f 524/524 65/65 523/523
f 84/84 77/77 525/525
f 80/80 526/526 525/525
f 518/518 526/526 527/527
f 528/528 529/529 527/527
f 521/521 529/529 530/530
f 531/531 65/65 530/530
f 80/80 73/73 532/532
f 76/76 533/533 532/532
f 528/528 533/533 534/534
f 535/535 65/65 534/534
f 68/68 533/533 536/536
f 535/535 73/73 536/536
f 20/20 229/229 537/537
f 232/232 538/538 537/537
f 24/24 538/538 539/539
f 540/540 541/541 539/539
f 28/28 541/541 542/542
f 543/543 544/544 542/542
f 32/32 544/544 545/545
f 546/546 547/547 545/545
f 36/36 547/547 548/548
f 549/549 550/550 548/548
f 40/40 550/550 551/551
f 552/552 553/553 551/551
f 44/44 553/553 554/554
f 555/555 556/556 554/554
f 48/48 556/556 557/557
f 558/558 559/559 557/557
f 52/52 559/559 560/560
f 561/561 562/562 560/560
f 56/56 562/562 563/563
f 564/564 565/565 563/563
f 60/60 565/565 566/566
f 567/567 65/65 566/566
f 232/232 225/225 568/568
f 228/228 569/569 568/568
f 540/540 569/569 570/570
f 571/571 572/572 570/570
f 543/543 572/572 573/573
f 574/574 575/575 573/573
f 546/546 575/575 576/576
f 577/577 578/578 576/576
f 549/549 578/578 579/579
f 580/580 581/581 579/579
f 552/552 581/581 582/582
f 583/583 584/584 582/582
f 555/555 584/584 585/585
f 586/586 587/587 585/585
f 558/558 587/587 588/588
f 589/589 590/590 588/588
f 561/561 590/590 591/591
f 592/592 593/593 591/591
f 564/564 593/593 594/594
f 595/595 65/65 594/594
f 228/228 221/221 596/596
f 224/224 597/597 596/596
f 571/571 597/597 598/598
f 599/599 600/600 598/598
f 574/574 600/600 601/601
f 602/602 603/603 601/601
f 577/577 603/603 604/604
f 605/605 606/606 604/604
f 580/580 606/606 607/607
f 608/608 609/609 607/607
f 583/583 609/609 610/610
f 611/611 612/612 610/610
f 586/586 612/612 613/613
f 614/614 615/615 613/613
f 589/589 615/615 616/616
f 617/617 618/618 616/616
f 592/592 618/618 619/619
f 620/620 65/65 619/619
f 224/224 217/217 621/621
f 220/220 622/622 621/621
f 599/599 622/622 623/623
f 624/624 625/625 623/623
f 602/602 625/625 626/626
f 627/627 628/628 626/626
f 605/605 628/628 629/629
f 630/630 631/631 629/629
f 608/608 631/631 632/632
f 633/633 634/634 632/632
f 611/611 634/634 635/635
f 636/636 637/637 635/635
f 614/614 637/637 638/638
f 639/639 640/640 638/638
f 617/617 640/640 641/641
f 642/642 65/65 641/641
f 220/220 213/213 643/643
f 216/216 644/644 643/643
f 624/624 644/644 645/645
f 646/646 647/647 645/645
f 627/627 647/647 648/648
f 649/649 650/650 648/648
f 630/630 650/650 651/651
f 652/652 653/653 651/651
f 633/633 653/653 654/654
f 655/655 656/656 654/654
f 636/636 656/656 657/657
f 658/658 659/659 657/657
f 639/639 659/659 660/660
f 661/661 65/65 660/660
f 216/216 209/209 662/662
f 212/212 663/663 662/662
f 646/646 663/663 664/664
f 665/665 666/666 664/664
f 649/649 666/666 667/667
f 668/668 669/669 667/667
f 652/652 669/669 670/670
f 671/671 672/672 670/670
f 655/655 672/672 673/673
f 674/674 675/675 673/673
f 658/658 675/675 676/676
f 677/677 65/65 676/676
f 212/212 205/205 678/678
f 208/208 679/679 678/678
f 665/665 679/679 680/680
f 681/681 682/682 680/680
f 668/668 682/682 683/683
f 684/684 685/685 683/683
f 671/671 685/685 686/686
f 687/687 688/688 686/686
f 674/674 688/688 689/689
f 690/690 65/65 689/689
f 208/208 201/201 691/691
f 204/204 692/692 691/691
f 681/681 692/692 693/693
f 694/694 695/695 693/693
f 684/684 695/695 696/696
f 697/697 698/698 696/696
f 687/687 698/698 699/699
f 700/700 65/65 699/699
f 204/204 197/197 701/701
f 200/200 702/702 701/701
f 694/694 702/702 703/703
f 704/704 705/705 703/703
f 697/697 705/705 706/706
f 707/707 65/65 706/706
f 200/200 193/193 708/708
f 196/196 709/709 708/708
f 704/704 709/709 710/710
f 711/711 65/65 710/710
f 68/68 709/709 712/712
f 711/711 193/193 712/712
f 176/176 713/713 169/169
f 714/714 715/715 169/169
f 172/172 715/715 165/165
f 716/716 717/717 165/165
f 168/168 717/717 161/161
f 718/718 719/719 161/161
f 164/164 719/719 157/157
f 720/720 721/721 157/157
f 160/160 721/721 153/153
f 722/722 723/723 153/153
f 156/156 723/723 149/149
f 724/724 725/725 149/149
f 152/152 725/725 145/145
f 726/726 727/727 145/145
f 148/148 727/727 141/141
f 728/728 729/729 141/141
f 144/144 729/729 137/137
f 730/730 731/731 137/137
f 140/140 731/731 133/133
f 732/732 733/733 133/133
f 136/136 733/733 129/129
f 734/734 735/735 129/129
f 6/6 733/733 736/736
f 734/734 731/731 736/736
f 737/737 731/731 738/738
f 732/732 729/729 738/738
f 739/739 729/729 740/740
f 730/730 727/727 740/740
f 741/741 727/727 742/742
f 728/728 725/725 742/742
f 743/743 725/725 744/744
f 726/726 723/723 744/744
f 745/745 723/723 746/746
f 724/724 721/721 746/746
f 747/747 721/721 748/748
f 722/722 719/719 748/748
f 749/749 719/719 750/750
f 720/720 717/717 750/750
f 751/751 717/717 752/752
f 718/718 715/715 752/752
f 753/753 715/715 754/754
f 716/716 713/713 754/754
f 755/755 713/713 756/756
f 714/714 757/757 756/756
f 758/758 757/757 759/759
f 760/760 761/761 759/759
f 762/762 761/761 763/763
f 764/764 765/765 763/763
f 766/766 765/765 191/191
f 767/767 768/768 191/191
f 194/194 769/769 763/763
f 198/198 770/770 763/763
f 766/766 770/770 759/759
f 771/771 772/772 759/759
f 762/762 772/772 756/756
f 773/773 774/774 756/756
f 758/758 774/774 754/754
f 775/775 776/776 754/754
f 755/755 776/776 752/752
f 777/777 778/778 752/752
f 753/753 778/778 750/750
f 779/779 780/780 750/750
f 751/751 780/780 748/748
f 781/781 782/782 748/748
f 749/749 782/782 746/746
f 783/783 784/784 746/746
f 747/747 784/784 744/744
f 785/785 786/786 744/744
f 745/745 786/786 742/742
f 787/787 788/788 742/742
f 743/743 788/788 740/740
f 789/789 790/790 740/740
f 741/741 790/790 738/738
f 791/791 792/792 738/738
f 739/739 792/792 736/736
f 793/793 735/735 736/736
f 198/198 794/794 795/795
f 202/202 796/796 795/795
f 771/771 796/796 797/797
f 798/798 799/799 797/797
f 773/773 799/799 800/800
f 801/801 802/802 800/800
f 775/775 802/802 803/803
f 804/804 805/805 803/803
f 777/777 805/805 806/806
f 807/807 808/808 806/806
f 779/779 808/808 809/809
f 810/810 811/811 809/809
f 781/781 811/811 812/812
f 813/813 814/814 812/812
f 783/783 814/814 815/815
f 816/816 817/817 815/815
f 785/785 817/817 818/818
f 819/819 820/820 818/818
f 787/787 820/820 821/821
f 822/822 823/823 821/821
f 789/789 823/823 824/824
f 825/825 826/826 824/824
f 791/791 826/826 827/827
f 828/828 735/735 827/827
f 202/202 829/829 830/830
f 206/206 831/831 830/830
f 798/798 831/831 832/832
f 833/833 834/834 832/832
f 801/801 834/834 835/835
f 836/836 837/837 835/835
f 804/804 837/837 838/838
f 839/839 840/840 838/838
f 807/807 840/840 841/841
f 842/842 843/843 841/841
f 810/810 843/843 844/844
f 845/845 846/846 844/844
f 813/813 846/846 847/847
f 848/848 849/849 847/847
f 816/816 849/849 850/850
f 851/851 852/852 850/850
f 819/819 852/852 853/853
f 854/854 855/855 853/853
f 822/822 855/855 856/856
f 857/857 858/858 856/856
f 825/825 858/858 859/859
f 860/860 735/735 859/859
f 206/206 861/861 862/862
f 210/210 863/863 862/862
f 833/833 863/863 864/864
f 865/865 866/866 864/864
f 836/836 866/866 867/867
f 868/868 869/869 867/867
f 839/839 869/869 870/870
f 871/871 872/872 870/870
f 842/842 872/872 873/873
f 874/874 875/875 873/873
f 845/845 875/875 876/876
f 877/877 878/878 876/876
f 848/848 878/878 879/879
f 880/880 881/881 879/879
f 851/851 881/881 882/882
f 883/883 884/884 882/882
f 854/854 884/884 885/885
f 886/886 887/887 885/885
f 857/857 887/887 888/888
f 889/889 735/735 888/888
f 210/210 890/890 891/891
f 214/214 892/892 891/891
f 865/865 892/892 893/893
f 894/894 895/895 893/893
f 868/868 895/895 896/896
f 897/897 898/898 896/896
f 871/871 898/898 899/899
f 900/900 901/901 899/899
f 874/874 901/901 902/902
f 903/903 904/904 902/902
f 877/877 904/904 905/905
f 906/906 907/907 905/905
f 880/880 907/907 908/908
f 909/909 910/910 908/908
f 883/883 910/910 911/911
f 912/912 913/913 911/911
f 886/886 913/913 914/914
f 915/915 735/735 914/914
f 214/214 916/916 917/917
f 218/218 918/918 917/917
f 894/894 918/918 919/919
f 920/920 921/921 919/919
f 897/897 921/921 922/922
f 923/923 924/924 922/922
f 900/900 924/924 925/925
f 926/926 927/927 925/925
f 903/903 927/927 928/928
f 929/929 930/930 928/928
f 906/906 930/930 931/931
f 932/932 933/933 931/931
f 909/909 933/933 934/934
f 935/935 936/936 934/934
f 912/912 936/936 937/937
f 938/938 735/735 937/937
f 218/218 939/939 940/940
f 222/222 941/941 940/940
f 920/920 941/941 942/942
f 943/943 944/944 942/942
f 923/923 944/944 945/945
f 946/946 947/947 945/945
f 926/926 947/947 948/948
f 949/949 950/950 948/948
f 929/929 950/950 951/951
f 952/952 953/953 951/951
f 932/932 953/953 954/954
f 955/955 956/956 954/954
f 935/935 956/956 957/957
f 958/958 735/735 957/957
f 222/222 959/959 960/960
f 226/226 961/961 960/960
f 943/943 961/961 962/962
f 963/963 964/964 962/962
f 946/946 964/964 965/965
f 966/966 967/967 965/965
f 949/949 967/967 968/968
f 969/969 970/970 968/968
f 952/952 970/970 971/971
f 972/972 973/973 971/971
f 955/955 973/973 974/974
f 975/975 735/735 974/974
f 975/975 976/976 3/3
f 972/972 976/976 977/977
f 978/978 970/970 979/979
f 972/972 967/967 979/979
f 980/980 967/967 981/981
f 969/969 964/964 981/981
f 982/982 964/964 983/983
f 966/966 961/961 983/983
f 984/984 961/961 227/227
f 963/963 959/959 227/227
f 230/230 985/985 983/983
f 233/233 986/986 983/983
f 984/984 986/986 981/981
f 987/987 988/988 981/981
f 982/982 988/988 979/979
f 989/989 2/2 979/979
f 4/4 976/976 979/979
f 233/233 13/13 990/990
f 16/16 9/9 990/990
f 987/987 9/9 991/991
f 12/12 5/5 991/991
f 989/989 5/5 992/992
f 714/714 993/993 994/994
f 176/176 995/995 994/994
f 760/760 995/995 996/996
f 180/180 997/997 996/996
f 764/764 997/997 998/998
f 184/184 999/999 998/998
f 767/767 999/999 188/188
f 38/38 1000/1000 31/31
f 1001/1001 1002/1002 31/31
f 34/34 1002/1002 27/27
f 1003/1003 1004/1004 27/27
f 30/30 1004/1004 23/23
f 1005/1005 1006/1006 23/23
f 26/26 1006/1006 19/19
f 1007/1007 1008/1008 19/19
f 22/22 1008/1008 15/15
f 1009/1009 1010/1010 15/15
f 18/18 1010/1010 11/11
f 1011/1011 1012/1012 11/11
f 14/14 1012/1012 7/7
f 1013/1013 735/735 7/7
f 6/6 1012/1012 1014/1014
f 1013/1013 1010/1010 1014/1014
f 1015/1015 1010/1010 1016/1016
f 1011/1011 1008/1008 1016/1016
f 1017/1017 1008/1008 1018/1018
f 1009/1009 1006/1006 1018/1018
f 1019/1019 1006/1006 1020/1020
f 1007/1007 1004/1004 1020/1020
f 1021/1021 1004/1004 1022/1022
f 1005/1005 1002/1002 1022/1022
f 1023/1023 1002/1002 1024/1024
f 1003/1003 1000/1000 1024/1024
f 1025/1025 1000/1000 1026/1026
f 1001/1001 1027/1027 1026/1026
f 1028/1028 1027/1027 1029/1029
f 1030/1030 1031/1031 1029/1029
f 1032/1032 1031/1031 1033/1033
f 1034/1034 1035/1035 1033/1033
f 1036/1036 1035/1035 1037/1037
f 1038/1038 1039/1039 1037/1037
f 1040/1040 1039/1039 1041/1041
f 1042/1042 1043/1043 1041/1041
f 1044/1044 1043/1043 1045/1045
f 1046/1046 1047/1047 1045/1045
f 1048/1048 1047/1047 1049/1049
f 1050/1050 1051/1051 1049/1049
f 1052/1052 1051/1051 71/71
f 1053/1053 1054/1054 71/71
f 1001/1001 1055/1055 1056/1056
f 38/38 1057/1057 1056/1056
f 1030/1030 1057/1057 1058/1058
f 42/42 1059/1059 1058/1058
f 1034/1034 1059/1059 1060/1060
f 46/46 1061/1061 1060/1060
f 1038/1038 1061/1061 1062/1062
f 50/50 1063/1063 1062/1062
f 1042/1042 1063/1063 1064/1064
f 54/54 1065/1065 1064/1064
f 1046/1046 1065/1065 1066/1066
f 58/58 1067/1067 1066/1066
f 1050/1050 1067/1067 1068/1068
f 62/62 1069/1069 1068/1068
f 1053/1053 1069/1069 67/67
f 74/74 1070/1070 1049/1049
f 78/78 1071/1071 1049/1049
f 1052/1052 1071/1071 1045/1045
f 1072/1072 1073/1073 1045/1045
f 1048/1048 1073/1073 1041/1041
f 1074/1074 1075/1075 1041/1041
f 1044/1044 1075/1075 1037/1037
f 1076/1076 1077/1077 1037/1037
f 1040/1040 1077/1077 1033/1033
f 1078/1078 1079/1079 1033/1033
f 1036/1036 1079/1079 1029/1029
f 1080/1080 1081/1081 1029/1029
f 1032/1032 1081/1081 1026/1026
f 1082/1082 1083/1083 1026/1026
f 1028/1028 1083/1083 1024/1024
f 1084/1084 1085/1085 1024/1024
f 1025/1025 1085/1085 1022/1022
f 1086/1086 1087/1087 1022/1022
f 1023/1023 1087/1087 1020/1020
f 1088/1088 1089/1089 1020/1020
f 1021/1021 1089/1089 1018/1018
f 1090/1090 1091/1091 1018/1018
f 1019/1019 1091/1091 1016/1016
f 1092/1092 1093/1093 1016/1016
f 1017/1017 1093/1093 1014/1014
f 1094/1094 735/735 1014/1014
f 78/78 1095/1095 1096/1096
f 82/82 1097/1097 1096/1096
f 1072/1072 1097/1097 1098/1098
f 1099/1099 1100/1100 1098/1098
f 1074/1074 1100/1100 1101/1101
f 1102/1102 1103/1103 1101/1101
f 1076/1076 1103/1103 1104/1104
f 1105/1105 1106/1106 1104/1104
f 1078/1078 1106/1106 1107/1107
f 1108/1108 1109/1109 1107/1107
f 1080/1080 1109/1109 1110/1110
f 1111/1111 1112/1112 1110/1110
f 1082/1082 1112/1112 1113/1113
f 1114/1114 1115/1115 1113/1113
f 1084/1084 1115/1115 1116/1116
f 1117/1117 1118/1118 1116/1116
f 1086/1086 1118/1118 1119/1119
f 1120/1120 1121/1121 1119/1119
f 1088/1088 1121/1121 1122/1122
f 1123/1123 1124/1124 1122/1122
f 1090/1090 1124/1124 1125/1125
f 1126/1126 1127/1127 1125/1125
f 1092/1092 1127/1127 1128/1128
f 1129/1129 735/735 1128/1128
f 82/82 1130/1130 1131/1131
f 86/86 1132/1132 1131/1131
f 1099/1099 1132/1132 1133/1133
f 1134/1134 1135/1135 1133/1133
f 1102/1102 1135/1135 1136/1136
f 1137/1137 1138/1138 1136/1136
f 1105/1105 1138/1138 1139/1139
f 1140/1140 1141/1141 1139/1139
f 1108/1108 1141/1141 1142/1142
f 1143/1143 1144/1144 1142/1142
f 1111/1111 1144/1144 1145/1145
f 1146/1146 1147/1147 1145/1145
f 1114/1114 1147/1147 1148/1148
f 1149/1149 1150/1150 1148/1148
f 1117/1117 1150/1150 1151/1151
f 1152/1152 1153/1153 1151/1151
f 1120/1120 1153/1153 1154/1154
f 1155/1155 1156/1156 1154/1154
f 1123/1123 1156/1156 1157/1157
f 1158/1158 1159/1159 1157/1157
f 1126/1126 1159/1159 1160/1160
f 1161/1161 735/735 1160/1160
f 86/86 1162/1162 1163/1163
f 90/90 1164/1164 1163/1163
f 1134/1134 1164/1164 1165/1165
f 1166/1166 1167/1167 1165/1165
f 1137/1137 1167/1167 1168/1168
f 1169/1169 1170/1170 1168/1168
f 1140/1140 1170/1170 1171/1171
f 1172/1172 1173/1173 1171/1171
f 1143/1143 1173/1173 1174/1174
f 1175/1175 1176/1176 1174/1174
f 1146/1146 1176/1176 1177/1177
f 1178/1178 1179/1179 1177/1177
f 1149/1149 1179/1179 1180/1180
f 1181/1181 1182/1182 1180/1180
f 1152/1152 1182/1182 1183/1183
f 1184/1184 1185/1185 1183/1183
f 1155/1155 1185/1185 1186/1186
f 1187/1187 1188/1188 1186/1186
f 1158/1158 1188/1188 1189/1189
f 1190/1190 735/735 1189/1189
f 90/90 1191/1191 1192/1192
f 94/94 1193/1193 1192/1192
f 1166/1166 1193/1193 1194/1194
f 1195/1195 1196/1196 1194/1194
f 1169/1169 1196/1196 1197/1197
f 1198/1198 1199/1199 1197/1197
f 1172/1172 1199/1199 1200/1200
f 1201/1201 1202/1202 1200/1200
f 1175/1175 1202/1202 1203/1203
f 1204/1204 1205/1205 1203/1203
f 1178/1178 1205/1205 1206/1206
f 1207/1207 1208/1208 1206/1206
f 1181/1181 1208/1208 1209/1209
f 1210/1210 1211/1211 1209/1209
f 1184/1184 1211/1211 1212/1212
f 1213/1213 1214/1214 1212/1212
f 1187/1187 1214/1214 1215/1215
f 1216/1216 735/735 1215/1215
f 94/94 1217/1217 1218/1218
f 98/98 1219/1219 1218/1218
f 1195/1195 1219/1219 1220/1220
f 1221/1221 1222/1222 1220/1220
f 1198/1198 1222/1222 1223/1223
f 1224/1224 1225/1225 1223/1223
f 1201/1201 1225/1225 1226/1226
f 1227/1227 1228/1228 1226/1226
f 1204/1204 1228/1228 1229/1229
f 1230/1230 1231/1231 1229/1229
f 1207/1207 1231/1231 1232/1232
f 1233/1233 1234/1234 1232/1232
f 1210/1210 1234/1234 1235/1235
f 1236/1236 1237/1237 1235/1235
f 1213/1213 1237/1237 1238/1238
f 1239/1239 735/735 1238/1238
f 98/98 1240/1240 1241/1241
f 102/102 1242/1242 1241/1241
f 1221/1221 1242/1242 1243/1243
f 1244/1244 1245/1245 1243/1243
f 1224/1224 1245/1245 1246/1246
f 1247/1247 1248/1248 1246/1246
f 1227/1227 1248/1248 1249/1249
f 1250/1250 1251/1251 1249/1249
f 1230/1230 1251/1251 1252/1252
f 1253/1253 1254/1254 1252/1252
f 1233/1233 1254/1254 1255/1255
f 1256/1256 1257/1257 1255/1255
f 1236/1236 1257/1257 1258/1258
f 1259/1259 735/735 1258/1258
f 102/102 1260/1260 1261/1261
f 106/106 1262/1262 1261/1261
f 1244/1244 1262/1262 1263/1263
f 1264/1264 1265/1265 1263/1263
f 1247/1247 1265/1265 1266/1266
f 1267/1267 1268/1268 1266/1266
f 1250/1250 1268/1268 1269/1269
f 1270/1270 1271/1271 1269/1269
f 1253/1253 1271/1271 1272/1272
f 1273/1273 1274/1274 1272/1272
f 1256/1256 1274/1274 1275/1275
f 1276/1276 735/735 1275/1275
f 106/106 1277/1277 1278/1278
f 110/110 1279/1279 1278/1278
f 1264/1264 1279/1279 1280/1280
f 1281/1281 1282/1282 1280/1280
f 1267/1267 1282/1282 1283/1283
f 1284/1284 1285/1285 1283/1283
f 1270/1270 1285/1285 1286/1286
f 1287/1287 1288/1288 1286/1286
f 1273/1273 1288/1288 1289/1289
f 1290/1290 735/735 1289/1289
f 110/110 1291/1291 1292/1292
f 114/114 1293/1293 1292/1292
f 1281/1281 1293/1293 1294/1294
f 1295/1295 1296/1296 1294/1294
f 1284/1284 1296/1296 1297/1297
f 1298/1298 1299/1299 1297/1297
f 1287/1287 1299/1299 1300/1300
f 1301/1301 735/735 1300/1300
f 114/114 1302/1302 1303/1303
f 118/118 1304/1304 1303/1303
f 1295/1295 1304/1304 1305/1305
f 1306/1306 1307/1307 1305/1305
f 1298/1298 1307/1307 1308/1308
f 1309/1309 735/735 1308/1308
f 118/118 1310/1310 1311/1311
f 122/122 1312/1312 1311/1311
f 1306/1306 1312/1312 1313/1313
f 1314/1314 735/735 1313/1313
f 6/6 1312/1312 123/123
f 1314/1314 1310/1310 123/123
f 1315/1315 1316/1316 1317/1317
f 1318/1318 1319/1319 1317/1317
f 1320/1320 1319/1319 1321/1321
f 1322/1322 1323/1323 1321/1321
f 1324/1324 1323/1323 1325/1325
f 1326/1326 1327/1327 1325/1325
f 1328/1328 1327/1327 1329/1329
f 1330/1330 1331/1331 1329/1329
f 1332/1332 1331/1331 1333/1333
f 1334/1334 1335/1335 1333/1333
f 1336/1336 1335/1335 1337/1337
f 1338/1338 1339/1339 1337/1337
f 1340/1340 1339/1339 1341/1341
f 1342/1342 1343/1343 1341/1341
f 1344/1344 1343/1343 1345/1345
f 1346/1346 1347/1347 1345/1345
f 1348/1348 1347/1347 1349/1349
f 1350/1350 1351/1351 1349/1349
f 1352/1352 1351/1351 1353/1353
f 1354/1354 1355/1355 1353/1353
f 1356/1356 1355/1355 1357/1357
f 1358/1358 1359/1359 1357/1357
f 1360/1360 1359/1359 1361/1361
f 1362/1362 1363/1363 1361/1361
f 1364/1364 1363/1363 1365/1365
f 1366/1366 1367/1367 1365/1365
f 1368/1368 1367/1367 1369/1369
f 1370/1370 1371/1371 1369/1369
f 1372/1372 1371/1371 1373/1373
f 1374/1374 1375/1375 1373/1373
f 1376/1376 1375/1375 1377/1377
f 1378/1378 1379/1379 1377/1377
f 1380/1380 1379/1379 1381/1381
f 1382/1382 1383/1383 1381/1381
f 1384/1384 1383/1383 1385/1385
f 1386/1386 1387/1387 1385/1385
f 1388/1388 1387/1387 1389/1389
f 1390/1390 1391/1391 1389/1389
f 1392/1392 1391/1391 1393/1393
f 1394/1394 1395/1395 1393/1393
f 1396/1396 1395/1395 1397/1397
f 1398/1398 1399/1399 1397/1397
f 1400/1400 1399/1399 1401/1401
f 1402/1402 1403/1403 1401/1401
f 1404/1404 1403/1403 1405/1405
f 1406/1406 1407/1407 1405/1405
f 1408/1408 1407/1407 1409/1409
f 1410/1410 1411/1411 1409/1409
f 1412/1412 1411/1411 1413/1413
f 1414/1414 1415/1415 1413/1413
f 1416/1416 1415/1415 1417/1417
f 1418/1418 1419/1419 1417/1417
f 1420/1420 1419/1419 1421/1421
f 1422/1422 1423/1423 1421/1421
f 1424/1424 1423/1423 1425/1425
f 1426/1426 1427/1427 1425/1425
f 1428/1428 1427/1427 1429/1429
f 1430/1430 1431/1431 1429/1429
f 1432/1432 1431/1431 1433/1433
f 1434/1434 1435/1435 1433/1433
f 1436/1436 1435/1435 1437/1437
f 1438/1438 1439/1439 1437/1437
f 1440/1440 1439/1439 1317/1317
f 1441/1441 1442/1442 1317/1317
f 1320/1320 1442/1442 1443/1443
f 1444/1444 1445/1445 1443/1443
f 1446/1446 1445/1445 1447/1447
f 1448/1448 1449/1449 1447/1447
f 1450/1450 1449/1449 1451/1451
f 1452/1452 1453/1453 1451/1451
f 1454/1454 1453/1453 1455/1455
f 1456/1456 1457/1457 1455/1455
f 1458/1458 1457/1457 1459/1459
f 1460/1460 1461/1461 1459/1459
f 1462/1462 1461/1461 1463/1463
f 1464/1464 1465/1465 1463/1463
f 1466/1466 1465/1465 1467/1467
f 1468/1468 1469/1469 1467/1467
f 1470/1470 1469/1469 1471/1471
f 1472/1472 1473/1473 1471/1471
f 1474/1474 1473/1473 1475/1475
f 1476/1476 1477/1477 1475/1475
f 1478/1478 1477/1477 1479/1479
f 1480/1480 1481/1481 1479/1479
f 1482/1482 1481/1481 1483/1483
f 1484/1484 1485/1485 1483/1483
f 1486/1486 1485/1485 1487/1487
f 1488/1488 1489/1489 1487/1487
f 1490/1490 1489/1489 1491/1491
f 1492/1492 1493/1493 1491/1491
f 1494/1494 1493/1493 1495/1495
f 1496/1496 1497/1497 1495/1495
f 1498/1498 1497/1497 1499/1499
f 1500/1500 1379/1379 1499/1499
f 1501/1501 1379/1379 1502/1502
f 1382/1382 1503/1503 1502/1502
f 1504/1504 1503/1503 1505/1505
f 1506/1506 1507/1507 1505/1505
f 1508/1508 1507/1507 1509/1509
f 1510/1510 1511/1511 1509/1509
f 1512/1512 1511/1511 1513/1513
f 1514/1514 1515/1515 1513/1513
f 1516/1516 1515/1515 1517/1517
f 1518/1518 1519/1519 1517/1517
f 1520/1520 1519/1519 1521/1521
f 1522/1522 1523/1523 1521/1521
f 1524/1524 1523/1523 1525/1525
f 1526/1526 1527/1527 1525/1525
f 1528/1528 1527/1527 1529/1529
f 1530/1530 1531/1531 1529/1529
f 1532/1532 1531/1531 1533/1533
f 1534/1534 1535/1535 1533/1533
f 1536/1536 1535/1535 1537/1537
f 1538/1538 1539/1539 1537/1537
f 1540/1540 1539/1539 1541/1541
f 1542/1542 1543/1543 1541/1541
f 1544/1544 1543/1543 1545/1545
f 1546/1546 1331/1331 1545/1545
f 1547/1547 1331/1331 1548/1548
f 1382/1382 1497/1497 1549/1549
f 1500/1500 1493/1493 1549/1549
f 1550/1550 1493/1493 1551/1551
f 1496/1496 1489/1489 1551/1551
f 1552/1552 1489/1489 1553/1553
f 1492/1492 1485/1485 1553/1553
f 1554/1554 1485/1485 1555/1555
f 1488/1488 1481/1481 1555/1555
f 1556/1556 1481/1481 1557/1557
f 1484/1484 1477/1477 1557/1557
f 1558/1558 1477/1477 1559/1559
f 1480/1480 1473/1473 1559/1559
f 1560/1560 1473/1473 1561/1561
f 1476/1476 1469/1469 1561/1561
f 1562/1562 1469/1469 1563/1563
f 1472/1472 1465/1465 1563/1563
f 1564/1564 1465/1465 1565/1565
f 1468/1468 1461/1461 1565/1565
f 1566/1566 1461/1461 1567/1567
f 1464/1464 1457/1457 1567/1567
f 1568/1568 1457/1457 1569/1569
f 1460/1460 1453/1453 1569/1569
f 1570/1570 1453/1453 1571/1571
f 1456/1456 1449/1449 1571/1571
f 1572/1572 1449/1449 1573/1573
f 1452/1452 1445/1445 1573/1573
f 1574/1574 1445/1445 1575/1575
f 1448/1448 1442/1442 1575/1575
f 1576/1576 1442/1442 1577/1577
f 1441/1441 1435/1435 1575/1575
f 1438/1438 1578/1578 1575/1575
f 1576/1576 1578/1578 1573/1573
f 1579/1579 1580/1580 1573/1573
f 1574/1574 1580/1580 1571/1571
f 1581/1581 1582/1582 1571/1571
f 1572/1572 1582/1582 1569/1569
f 1583/1583 1584/1584 1569/1569
f 1570/1570 1584/1584 1567/1567
f 1585/1585 1586/1586 1567/1567
f 1568/1568 1586/1586 1565/1565
f 1587/1587 1588/1588 1565/1565
f 1566/1566 1588/1588 1563/1563
f 1589/1589 1590/1590 1563/1563
f 1564/1564 1590/1590 1561/1561
f 1591/1591 1592/1592 1561/1561
f 1562/1562 1592/1592 1559/1559
f 1593/1593 1594/1594 1559/1559
f 1560/1560 1594/1594 1557/1557
f 1595/1595 1596/1596 1557/1557
f 1558/1558 1596/1596 1555/1555
f 1597/1597 1598/1598 1555/1555
f 1556/1556 1598/1598 1553/1553
f 1599/1599 1600/1600 1553/1553
f 1554/1554 1600/1600 1551/1551
f 1601/1601 1602/1602 1551/1551
f 1552/1552 1602/1602 1549/1549
f 1603/1603 1379/1379 1549/1549
f 1438/1438 1431/1431 1604/1604
f 1434/1434 1605/1605 1604/1604
f 1579/1579 1605/1605 1606/1606
f 1607/1607 1608/1608 1606/1606
f 1581/1581 1608/1608 1609/1609
f 1610/1610 1611/1611 1609/1609
f 1583/1583 1611/1611 1612/1612
f 1613/1613 1614/1614 1612/1612
f 1585/1585 1614/1614 1615/1615
f 1616/1616 1617/1617 1615/1615
f 1587/1587 1617/1617 1618/1618
f 1619/1619 1620/1620 1618/1618
f 1589/1589 1620/1620 1621/1621
f 1622/1622 1623/1623 1621/1621
f 1591/1591 1623/1623 1624/1624
f 1625/1625 1626/1626 1624/1624
f 1593/1593 1626/1626 1627/1627
f 1628/1628 1629/1629 1627/1627
f 1595/1595 1629/1629 1630/1630
f 1631/1631 1632/1632 1630/1630
f 1597/1597 1632/1632 1633/1633
f 1634/1634 1635/1635 1633/1633
f 1599/1599 1635/1635 1636/1636
f 1637/1637 1638/1638 1636/1636
f 1601/1601 1638/1638 1639/1639
f 1640/1640 1379/1379 1639/1639
f 1434/1434 1427/1427 1641/1641
f 1430/1430 1642/1642 1641/1641
f 1607/1607 1642/1642 1643/1643
f 1644/1644 1645/1645 1643/1643
f 1610/1610 1645/1645 1646/1646
f 1647/1647 1648/1648 1646/1646
f 1613/1613 1648/1648 1649/1649
f 1650/1650 1651/1651 1649/1649
f 1616/1616 1651/1651 1652/1652
f 1653/1653 1654/1654 1652/1652
f 1619/1619 1654/1654 1655/1655
f 1656/1656 1657/1657 1655/1655
f 1622/1622 1657/1657 1658/1658
f 1659/1659 1660/1660 1658/1658
f 1625/1625 1660/1660 1661/1661
f 1662/1662 1663/1663 1661/1661
f 1628/1628 1663/1663 1664/1664
f 1665/1665 1666/1666 1664/1664
f 1631/1631 1666/1666 1667/1667
f 1668/1668 1669/1669 1667/1667
f 1634/1634 1669/1669 1670/1670
f 1671/1671 1672/1672 1670/1670
f 1637/1637 1672/1672 1673/1673
f 1674/1674 1379/1379 1673/1673
f 1430/1430 1423/1423 1675/1675
f 1426/1426 1676/1676 1675/1675
f 1644/1644 1676/1676 1677/1677
f 1678/1678 1679/1679 1677/1677
f 1647/1647 1679/1679 1680/1680
f 1681/1681 1682/1682 1680/1680
f 1650/1650 1682/1682 1683/1683
f 1684/1684 1685/1685 1683/1683
f 1653/1653 1685/1685 1686/1686
f 1687/1687 1688/1688 1686/1686
f 1656/1656 1688/1688 1689/1689
f 1690/1690 1691/1691 1689/1689
f 1659/1659 1691/1691 1692/1692
f 1693/1693 1694/1694 1692/1692
f 1662/1662 1694/1694 1695/1695
f 1696/1696 1697/1697 1695/1695
f 1665/1665 1697/1697 1698/1698
f 1699/1699 1700/1700 1698/1698
f 1668/1668 1700/1700 1701/1701
f 1702/1702 1703/1703 1701/1701
f 1671/1671 1703/1703 1704/1704
f 1705/1705 1379/1379 1704/1704
f 1426/1426 1419/1419 1706/1706
f 1422/1422 1707/1707 1706/1706
f 1678/1678 1707/1707 1708/1708
f 1709/1709 1710/1710 1708/1708
f 1681/1681 1710/1710 1711/1711
f 1712/1712 1713/1713 1711/1711
f 1684/1684 1713/1713 1714/1714
f 1715/1715 1716/1716 1714/1714
f 1687/1687 1716/1716 1717/1717
f 1718/1718 1719/1719 1717/1717
f 1690/1690 1719/1719 1720/1720
f 1721/1721 1722/1722 1720/1720
f 1693/1693 1722/1722 1723/1723
f 1724/1724 1725/1725 1723/1723
f 1696/1696 1725/1725 1726/1726
f 1727/1727 1728/1728 1726/1726
f 1699/1699 1728/1728 1729/1729
f 1730/1730 1731/1731 1729/1729
f 1702/1702 1731/1731 1732/1732
f 1733/1733 1379/1379 1732/1732
f 1422/1422 1415/1415 1734/1734
f 1418/1418 1735/1735 1734/1734
f 1709/1709 1735/1735 1736/1736
f 1737/1737 1738/1738 1736/1736
f 1712/1712 1738/1738 1739/1739
f 1740/1740 1741/1741 1739/1739
f 1715/1715 1741/1741 1742/1742
f 1743/1743 1744/1744 1742/1742
f 1718/1718 1744/1744 1745/1745
f 1746/1746 1747/1747 1745/1745
f 1721/1721 1747/1747 1748/1748
f 1749/1749 1750/1750 1748/1748
f 1724/1724 1750/1750 1751/1751
f 1752/1752 1753/1753 1751/1751
f 1727/1727 1753/1753 1754/1754
f 1755/1755 1756/1756 1754/1754
f 1730/1730 1756/1756 1757/1757
f 1758/1758 1379/1379 1757/1757
f 1418/1418 1411/1411 1759/1759
f 1414/1414 1760/1760 1759/1759
f 1737/1737 1760/1760 1761/1761
f 1762/1762 1763/1763 1761/1761
f 1740/1740 1763/1763 1764/1764
f 1765/1765 1766/1766 1764/1764
f 1743/1743 1766/1766 1767/1767
f 1768/1768 1769/1769 1767/1767
f 1746/1746 1769/1769 1770/1770
f 1771/1771 1772/1772 1770/1770
f 1749/1749 1772/1772 1773/1773
f 1774/1774 1775/1775 1773/1773
f 1752/1752 1775/1775 1776/1776
f 1777/1777 1778/1778 1776/1776
f 1755/1755 1778/1778 1779/1779
f 1780/1780 1379/1379 1779/1779
f 1414/1414 1407/1407 1781/1781
f 1410/1410 1782/1782 1781/1781
f 1762/1762 1782/1782 1783/1783
f 1784/1784 1785/1785 1783/1783
f 1765/1765 1785/1785 1786/1786
f 1787/1787 1788/1788 1786/1786
f 1768/1768 1788/1788 1789/1789
f 1790/1790 1791/1791 1789/1789
f 1771/1771 1791/1791 1792/1792
f 1793/1793 1794/1794 1792/1792
f 1774/1774 1794/1794 1795/1795
f 1796/1796 1797/1797 1795/1795
f 1777/1777 1797/1797 1798/1798
f 1799/1799 1379/1379 1798/1798
f 1410/1410 1403/1403 1800/1800
f 1406/1406 1801/1801 1800/1800
f 1784/1784 1801/1801 1802/1802
f 1803/1803 1804/1804 1802/1802
f 1787/1787 1804/1804 1805/1805
f 1806/1806 1807/1807 1805/1805
f 1790/1790 1807/1807 1808/1808
f 1809/1809 1810/1810 1808/1808
f 1793/1793 1810/1810 1811/1811
f 1812/1812 1813/1813 1811/1811
f 1796/1796 1813/1813 1814/1814
f 1815/1815 1379/1379 1814/1814
f 1406/1406 1399/1399 1816/1816
f 1402/1402 1817/1817 1816/1816
f 1803/1803 1817/1817 1818/1818
f 1819/1819 1820/1820 1818/1818
f 1806/1806 1820/1820 1821/1821
f 1822/1822 1823/1823 1821/1821
f 1809/1809 1823/1823 1824/1824
f 1825/1825 1826/1826 1824/1824
f 1812/1812 1826/1826 1827/1827
f 1828/1828 1379/1379 1827/1827
f 1402/1402 1395/1395 1829/1829
f 1398/1398 1830/1830 1829/1829
f 1819/1819 1830/1830 1831/1831
f 1832/1832 1833/1833 1831/1831
f 1822/1822 1833/1833 1834/1834
f 1835/1835 1836/1836 1834/1834
f 1825/1825 1836/1836 1837/1837
f 1838/1838 1379/1379 1837/1837
f 1398/1398 1391/1391 1839/1839
f 1394/1394 1840/1840 1839/1839
f 1832/1832 1840/1840 1841/1841
f 1842/1842 1843/1843 1841/1841
f 1835/1835 1843/1843 1844/1844
f 1845/1845 1379/1379 1844/1844
f 1394/1394 1387/1387 1846/1846
f 1390/1390 1847/1847 1846/1846
f 1842/1842 1847/1847 1848/1848
f 1849/1849 1379/1379 1848/1848
f 1382/1382 1847/1847 1850/1850
f 1849/1849 1387/1387 1850/1850
f 1334/1334 1543/1543 1851/1851
f 1546/1546 1852/1852 1851/1851
f 1338/1338 1852/1852 1853/1853
f 1854/1854 1855/1855 1853/1853
f 1342/1342 1855/1855 1856/1856
f 1857/1857 1858/1858 1856/1856
f 1346/1346 1858/1858 1859/1859
f 1860/1860 1861/1861 1859/1859
f 1350/1350 1861/1861 1862/1862
f 1863/1863 1864/1864 1862/1862
f 1354/1354 1864/1864 1865/1865
f 1866/1866 1867/1867 1865/1865
f 1358/1358 1867/1867 1868/1868
f 1869/1869 1870/1870 1868/1868
f 1362/1362 1870/1870 1871/1871
f 1872/1872 1873/1873 1871/1871
f 1366/1366 1873/1873 1874/1874
f 1875/1875 1876/1876 1874/1874
f 1370/1370 1876/1876 1877/1877
f 1878/1878 1879/1879 1877/1877
f 1374/1374 1879/1879 1880/1880
f 1881/1881 1379/1379 1880/1880
f 1546/1546 1539/1539 1882/1882
f 1542/1542 1883/1883 1882/1882
f 1854/1854 1883/1883 1884/1884
f 1885/1885 1886/1886 1884/1884
f 1857/1857 1886/1886 1887/1887
f 1888/1888 1889/1889 1887/1887
f 1860/1860 1889/1889 1890/1890
f 1891/1891 1892/1892 1890/1890
f 1863/1863 1892/1892 1893/1893
f 1894/1894 1895/1895 1893/1893
f 1866/1866 1895/1895 1896/1896
f 1897/1897 1898/1898 1896/1896
f 1869/1869 1898/1898 1899/1899
f 1900/1900 1901/1901 1899/1899
f 1872/1872 1901/1901 1902/1902
f 1903/1903 1904/1904 1902/1902
f 1875/1875 1904/1904 1905/1905
f 1906/1906 1907/1907 1905/1905
f 1878/1878 1907/1907 1908/1908
f 1909/1909 1379/1379 1908/1908
f 1542/1542 1535/1535 1910/1910
f 1538/1538 1911/1911 1910/1910
f 1885/1885 1911/1911 1912/1912
f 1913/1913 1914/1914 1912/1912
f 1888/1888 1914/1914 1915/1915
f 1916/1916 1917/1917 1915/1915
f 1891/1891 1917/1917 1918/1918
f 1919/1919 1920/1920 1918/1918
f 1894/1894 1920/1920 1921/1921
f 1922/1922 1923/1923 1921/1921
f 1897/1897 1923/1923 1924/1924
f 1925/1925 1926/1926 1924/1924
f 1900/1900 1926/1926 1927/1927
f 1928/1928 1929/1929 1927/1927
f 1903/1903 1929/1929 1930/1930
f 1931/1931 1932/1932 1930/1930
f 1906/1906 1932/1932 1933/1933
f 1934/1934 1379/1379 1933/1933
f 1538/1538 1531/1531 1935/1935
f 1534/1534 1936/1936 1935/1935
f 1913/1913 1936/1936 1937/1937
f 1938/1938 1939/1939 1937/1937
f 1916/1916 1939/1939 1940/1940
f 1941/1941 1942/1942 1940/1940
f 1919/1919 1942/1942 1943/1943
f 1944/1944 1945/1945 1943/1943
f 1922/1922 1945/1945 1946/1946
f 1947/1947 1948/1948 1946/1946
f 1925/1925 1948/1948 1949/1949
f 1950/1950 1951/1951 1949/1949
f 1928/1928 1951/1951 1952/1952
f 1953/1953 1954/1954 1952/1952
f 1931/1931 1954/1954 1955/1955
f 1956/1956 1379/1379 1955/1955
f 1534/1534 1527/1527 1957/1957
f 1530/1530 1958/1958 1957/1957
f 1938/1938 1958/1958 1959/1959
f 1960/1960 1961/1961 1959/1959
f 1941/1941 1961/1961 1962/1962
f 1963/1963 1964/1964 1962/1962
f 1944/1944 1964/1964 1965/1965
f 1966/1966 1967/1967 1965/1965
f 1947/1947 1967/1967 1968/1968
f 1969/1969 1970/1970 1968/1968
f 1950/1950 1970/1970 1971/1971
f 1972/1972 1973/1973 1971/1971
f 1953/1953 1973/1973 1974/1974
f 1975/1975 1379/1379 1974/1974
f 1530/1530 1523/1523 1976/1976
f 1526/1526 1977/1977 1976/1976
f 1960/1960 1977/1977 1978/1978
f 1979/1979 1980/1980 1978/1978
f 1963/1963 1980/1980 1981/1981
f 1982/1982 1983/1983 1981/1981
f 1966/1966 1983/1983 1984/1984
f 1985/1985 1986/1986 1984/1984
f 1969/1969 1986/1986 1987/1987
f 1988/1988 1989/1989 1987/1987
f 1972/1972 1989/1989 1990/1990
f 1991/1991 1379/1379 1990/1990
f 1526/1526 1519/1519 1992/1992
f 1522/1522 1993/1993 1992/1992
f 1979/1979 1993/1993 1994/1994
f 1995/1995 1996/1996 1994/1994
f 1982/1982 1996/1996 1997/1997
f 1998/1998 1999/1999 1997/1997
f 1985/1985 1999/1999 2000/2000
f 2001/2001 2002/2002 2000/2000
f 1988/1988 2002/2002 2003/2003
f 2004/2004 1379/1379 2003/2003
f 1522/1522 1515/1515 2005/2005
f 1518/1518 2006/2006 2005/2005
f 1995/1995 2006/2006 2007/2007
f 2008/2008 2009/2009 2007/2007
f 1998/1998 2009/2009 2010/2010
f 2011/2011 2012/2012 2010/2010
f 2001/2001 2012/2012 2013/2013
f 2014/2014 1379/1379 2013/2013
f 1518/1518 1511/1511 2015/2015
f 1514/1514 2016/2016 2015/2015
f 2008/2008 2016/2016 2017/2017
f 2018/2018 2019/2019 2017/2017
f 2011/2011 2019/2019 2020/2020
f 2021/2021 1379/1379 2020/2020
f 1514/1514 1507/1507 2022/2022
f 1510/1510 2023/2023 2022/2022
f 2018/2018 2023/2023 2024/2024
f 2025/2025 1379/1379 2024/2024
f 1382/1382 2023/2023 2026/2026
f 2025/2025 1507/1507 2026/2026
f 1490/1490 2027/2027 1483/1483
f 2028/2028 2029/2029 1483/1483
f 1486/1486 2029/2029 1479/1479
f 2030/2030 2031/2031 1479/1479
f 1482/1482 2031/2031 1475/1475
f 2032/2032 2033/2033 1475/1475
f 1478/1478 2033/2033 1471/1471
f 2034/2034 2035/2035 1471/1471
f 1474/1474 2035/2035 1467/1467
f 2036/2036 2037/2037 1467/1467
f 1470/1470 2037/2037 1463/1463
f 2038/2038 2039/2039 1463/1463
f 1466/1466 2039/2039 1459/1459
f 2040/2040 2041/2041 1459/1459
f 1462/1462 2041/2041 1455/1455
f 2042/2042 2043/2043 1455/1455
f 1458/1458 2043/2043 1451/1451
f 2044/2044 2045/2045 1451/1451
f 1454/1454 2045/2045 1447/1447
f 2046/2046 2047/2047 1447/1447
f 1450/1450 2047/2047 1443/1443
f 2048/2048 2049/2049 1443/1443
f 1320/1320 2047/2047 2050/2050
f 2048/2048 2045/2045 2050/2050
f 2051/2051 2045/2045 2052/2052
f 2046/2046 2043/2043 2052/2052
f 2053/2053 2043/2043 2054/2054
f 2044/2044 2041/2041 2054/2054
f 2055/2055 2041/2041 2056/2056
f 2042/2042 2039/2039 2056/2056
f 2057/2057 2039/2039 2058/2058
f 2040/2040 2037/2037 2058/2058
f 2059/2059 2037/2037 2060/2060
f 2038/2038 2035/2035 2060/2060
f 2061/2061 2035/2035 2062/2062
f 2036/2036 2033/2033 2062/2062
f 2063/2063 2033/2033 2064/2064
f 2034/2034 2031/2031 2064/2064
f 2065/2065 2031/2031 2066/2066
f 2032/2032 2029/2029 2066/2066
f 2067/2067 2029/2029 2068/2068
f 2030/2030 2027/2027 2068/2068
f 2069/2069 2027/2027 2070/2070
f 2028/2028 2071/2071 2070/2070
f 2072/2072 2071/2071 2073/2073
f 2074/2074 2075/2075 2073/2073
f 2076/2076 2075/2075 2077/2077
f 2078/2078 2079/2079 2077/2077
f 2080/2080 2079/2079 1505/1505
f 2081/2081 2082/2082 1505/1505
f 1508/1508 2083/2083 2077/2077
f 1512/1512 2084/2084 2077/2077
f 2080/2080 2084/2084 2073/2073
f 2085/2085 2086/2086 2073/2073
f 2076/2076 2086/2086 2070/2070
f 2087/2087 2088/2088 2070/2070
f 2072/2072 2088/2088 2068/2068
f 2089/2089 2090/2090 2068/2068
f 2069/2069 2090/2090 2066/2066
f 2091/2091 2092/2092 2066/2066
f 2067/2067 2092/2092 2064/2064
f 2093/2093 2094/2094 2064/2064
f 2065/2065 2094/2094 2062/2062
f 2095/2095 2096/2096 2062/2062
f 2063/2063 2096/2096 2060/2060
f 2097/2097 2098/2098 2060/2060
f 2061/2061 2098/2098 2058/2058
f 2099/2099 2100/2100 2058/2058
f 2059/2059 2100/2100 2056/2056
f 2101/2101 2102/2102 2056/2056
f 2057/2057 2102/2102 2054/2054
f 2103/2103 2104/2104 2054/2054
f 2055/2055 2104/2104 2052/2052
f 2105/2105 2106/2106 2052/2052
f 2053/2053 2106/2106 2050/2050
f 2107/2107 2049/2049 2050/2050
f 1512/1512 2108/2108 2109/2109
f 1516/1516 2110/2110 2109/2109
f 2085/2085 2110/2110 2111/2111
f 2112/2112 2113/2113 2111/2111
f 2087/2087 2113/2113 2114/2114
f 2115/2115 2116/2116 2114/2114
f 2089/2089 2116/2116 2117/2117
f 2118/2118 2119/2119 2117/2117
f 2091/2091 2119/2119 2120/2120
f 2121/2121 2122/2122 2120/2120
f 2093/2093 2122/2122 2123/2123
f 2124/2124 2125/2125 2123/2123
f 2095/2095 2125/2125 2126/2126
f 2127/2127 2128/2128 2126/2126
f 2097/2097 2128/2128 2129/2129
f 2130/2130 2131/2131 2129/2129
f 2099/2099 2131/2131 2132/2132
f 2133/2133 2134/2134 2132/2132
f 2101/2101 2134/2134 2135/2135
f 2136/2136 2137/2137 2135/2135
f 2103/2103 2137/2137 2138/2138
f 2139/2139 2140/2140 2138/2138
f 2105/2105 2140/2140 2141/2141
f 2142/2142 2049/2049 2141/2141
f 1516/1516 2143/2143 2144/2144
f 1520/1520 2145/2145 2144/2144
f 2112/2112 2145/2145 2146/2146
f 2147/2147 2148/2148 2146/2146
f 2115/2115 2148/2148 2149/2149
f 2150/2150 2151/2151 2149/2149
f 2118/2118 2151/2151 2152/2152
f 2153/2153 2154/2154 2152/2152
f 2121/2121 2154/2154 2155/2155
f 2156/2156 2157/2157 2155/2155
f 2124/2124 2157/2157 2158/2158
f 2159/2159 2160/2160 2158/2158
f 2127/2127 2160/2160 2161/2161
f 2162/2162 2163/2163 2161/2161
f 2130/2130 2163/2163 2164/2164
f 2165/2165 2166/2166 2164/2164
f 2133/2133 2166/2166 2167/2167
f 2168/2168 2169/2169 2167/2167
f 2136/2136 2169/2169 2170/2170
f 2171/2171 2172/2172 2170/2170
f 2139/2139 2172/2172 2173/2173
f 2174/2174 2049/2049 2173/2173
f 1520/1520 2175/2175 2176/2176
f 1524/1524 2177/2177 2176/2176
f 2147/2147 2177/2177 2178/2178
f 2179/2179 2180/2180 2178/2178
f 2150/2150 2180/2180 2181/2181
f 2182/2182 2183/2183 2181/2181
f 2153/2153 2183/2183 2184/2184
f 2185/2185 2186/2186 2184/2184
f 2156/2156 2186/2186 2187/2187
f 2188/2188 2189/2189 2187/2187
f 2159/2159 2189/2189 2190/2190
f 2191/2191 2192/2192 2190/2190
f 2162/2162 2192/2192 2193/2193
f 2194/2194 2195/2195 2193/2193
f 2165/2165 2195/2195 2196/2196
f 2197/2197 2198/2198 2196/2196
f 2168/2168 2198/2198 2199/2199
f 2200/2200 2201/2201 2199/2199
f 2171/2171 2201/2201 2202/2202
f 2203/2203 2049/2049 2202/2202
f 1524/1524 2204/2204 2205/2205
f 1528/1528 2206/2206 2205/2205
f 2179/2179 2206/2206 2207/2207
f 2208/2208 2209/2209 2207/2207
f 2182/2182 2209/2209 2210/2210
f 2211/2211 2212/2212 2210/2210
f 2185/2185 2212/2212 2213/2213
f 2214/2214 2215/2215 2213/2213
f 2188/2188 2215/2215 2216/2216
f 2217/2217 2218/2218 2216/2216
f 2191/2191 2218/2218 2219/2219
f 2220/2220 2221/2221 2219/2219
f 2194/2194 2221/2221 2222/2222
f 2223/2223 2224/2224 2222/2222
f 2197/2197 2224/2224 2225/2225
f 2226/2226 2227/2227 2225/2225
f 2200/2200 2227/2227 2228/2228
f 2229/2229 2049/2049 2228/2228
f 1528/1528 2230/2230 2231/2231
f 1532/1532 2232/2232 2231/2231
f 2208/2208 2232/2232 2233/2233
f 2234/2234 2235/2235 2233/2233
f 2211/2211 2235/2235 2236/2236
f 2237/2237 2238/2238 2236/2236
f 2214/2214 2238/2238 2239/2239
f 2240/2240 2241/2241 2239/2239
f 2217/2217 2241/2241 2242/2242
f 2243/2243 2244/2244 2242/2242
f 2220/2220 2244/2244 2245/2245
f 2246/2246 2247/2247 2245/2245
f 2223/2223 2247/2247 2248/2248
f 2249/2249 2250/2250 2248/2248
f 2226/2226 2250/2250 2251/2251
f 2252/2252 2049/2049 2251/2251
f 1532/1532 2253/2253 2254/2254
f 1536/1536 2255/2255 2254/2254
f 2234/2234 2255/2255 2256/2256
f 2257/2257 2258/2258 2256/2256
f 2237/2237 2258/2258 2259/2259
f 2260/2260 2261/2261 2259/2259
f 2240/2240 2261/2261 2262/2262
f 2263/2263 2264/2264 2262/2262
f 2243/2243 2264/2264 2265/2265
f 2266/2266 2267/2267 2265/2265
f 2246/2246 2267/2267 2268/2268
f 2269/2269 2270/2270 2268/2268
f 2249/2249 2270/2270 2271/2271
f 2272/2272 2049/2049 2271/2271
f 1536/1536 2273/2273 2274/2274
f 1540/1540 2275/2275 2274/2274
f 2257/2257 2275/2275 2276/2276
f 2277/2277 2278/2278 2276/2276
f 2260/2260 2278/2278 2279/2279
f 2280/2280 2281/2281 2279/2279
f 2263/2263 2281/2281 2282/2282
f 2283/2283 2284/2284 2282/2282
f 2266/2266 2284/2284 2285/2285
f 2286/2286 2287/2287 2285/2285
f 2269/2269 2287/2287 2288/2288
f 2289/2289 2049/2049 2288/2288
f 1320/1320 2287/2287 2290/2290
f 2289/2289 2284/2284 2290/2290
f 1315/1315 2284/2284 2291/2291
f 2286/2286 2281/2281 2291/2291
f 2292/2292 2281/2281 2293/2293
f 2283/2283 2278/2278 2293/2293
f 2294/2294 2278/2278 2295/2295
f 2280/2280 2275/2275 2295/2295
f 2296/2296 2275/2275 1541/1541
f 2277/2277 2273/2273 1541/1541
f 1544/1544 2297/2297 2295/2295
f 1547/1547 2298/2298 2295/2295
f 2296/2296 2298/2298 2293/2293
f 2299/2299 2300/2300 2293/2293
f 2294/2294 2300/2300 2291/2291
f 2301/2301 1316/1316 2291/2291
f 2292/2292 1316/1316 2290/2290
f 1547/1547 1327/1327 2302/2302
f 1330/1330 1323/1323 2302/2302
f 2299/2299 1323/1323 2303/2303
f 1326/1326 1319/1319 2303/2303
f 2301/2301 1319/1319 2304/2304
f 2028/2028 2305/2305 2306/2306
f 1490/1490 2307/2307 2306/2306
f 2074/2074 2307/2307 2308/2308
f 1494/1494 2309/2309 2308/2308
f 2078/2078 2309/2309 2310/2310
f 1498/1498 2311/2311 2310/2310
f 2081/2081 2311/2311 1502/1502
f 1436/1436 2312/2312 1429/1429
f 2313/2313 2314/2314 1429/1429
f 1432/1432 2314/2314 1425/1425
f 2315/2315 2316/2316 1425/1425
f 1428/1428 2316/2316 1421/1421
f 2317/2317 2318/2318 1421/1421
f 1424/1424 2318/2318 1417/1417
f 2319/2319 2320/2320 1417/1417
f 1420/1420 2320/2320 1413/1413
f 2321/2321 2322/2322 1413/1413
f 1416/1416 2322/2322 1409/1409
f 2323/2323 2324/2324 1409/1409
f 1412/1412 2324/2324 1405/1405
f 2325/2325 2326/2326 1405/1405
f 1408/1408 2326/2326 1401/1401
f 2327/2327 2328/2328 1401/1401
f 1404/1404 2328/2328 1397/1397
f 2329/2329 2330/2330 1397/1397
f 1400/1400 2330/2330 1393/1393
f 2331/2331 2332/2332 1393/1393
f 1396/1396 2332/2332 1389/1389
f 2333/2333 2334/2334 1389/1389
f 1392/1392 2334/2334 1385/1385
f 2335/2335 2336/2336 1385/1385
f 1388/1388 2336/2336 1381/1381
f 2337/2337 2338/2338 1381/1381
f 1380/1380 2336/2336 1373/1373
f 2337/2337 2339/2339 1373/1373
f 1376/1376 2339/2339 1369/1369
f 2340/2340 2341/2341 1369/1369
f 1372/1372 2341/2341 1365/1365
f 2342/2342 2343/2343 1365/1365
f 1368/1368 2343/2343 1361/1361
f 2344/2344 2345/2345 1361/1361
f 1364/1364 2345/2345 1357/1357
f 2346/2346 2347/2347 1357/1357
f 1360/1360 2347/2347 1353/1353
f 2348/2348 2349/2349 1353/1353
f 1356/1356 2349/2349 1349/1349
f 2350/2350 2351/2351 1349/1349
f 1352/1352 2351/2351 1345/1345
f 2352/2352 2353/2353 1345/1345
f 1348/1348 2353/2353 1341/1341
f 2354/2354 2355/2355 1341/1341
f 1344/1344 2355/2355 1337/1337
f 2356/2356 2357/2357 1337/1337
f 1340/1340 2357/2357 1333/1333
f 2358/2358 2359/2359 1333/1333
f 1336/1336 2359/2359 1329/1329
f 2360/2360 2361/2361 1329/1329
f 1332/1332 2361/2361 1325/1325
f 2362/2362 2363/2363 1325/1325
f 1328/1328 2363/2363 1321/1321
f 2364/2364 2049/2049 1321/1321
f 2337/2337 2334/2334 2365/2365
f 2335/2335 2366/2366 2365/2365
f 2340/2340 2366/2366 2367/2367
f 2368/2368 2369/2369 2367/2367
f 2342/2342 2369/2369 2370/2370
f 2371/2371 2372/2372 2370/2370
f 2344/2344 2372/2372 2373/2373
f 2374/2374 2375/2375 2373/2373
f 2346/2346 2375/2375 2376/2376
f 2377/2377 2378/2378 2376/2376
f 2348/2348 2378/2378 2379/2379
f 2380/2380 2381/2381 2379/2379
f 2350/2350 2381/2381 2382/2382
f 2383/2383 2384/2384 2382/2382
f 2352/2352 2384/2384 2385/2385
f 2386/2386 2387/2387 2385/2385
f 2354/2354 2387/2387 2388/2388
f 2389/2389 2390/2390 2388/2388
f 2356/2356 2390/2390 2391/2391
f 2392/2392 2393/2393 2391/2391
f 2358/2358 2393/2393 2394/2394
f 2395/2395 2396/2396 2394/2394
f 2360/2360 2396/2396 2397/2397
f 2398/2398 2399/2399 2397/2397
f 2362/2362 2399/2399 2400/2400
f 2401/2401 2049/2049 2400/2400
f 2335/2335 2332/2332 2402/2402
f 2333/2333 2403/2403 2402/2402
f 2368/2368 2403/2403 2404/2404
f 2405/2405 2406/2406 2404/2404
f 2371/2371 2406/2406 2407/2407
f 2408/2408 2409/2409 2407/2407
f 2374/2374 2409/2409 2410/2410
f 2411/2411 2412/2412 2410/2410
f 2377/2377 2412/2412 2413/2413
f 2414/2414 2415/2415 2413/2413
f 2380/2380 2415/2415 2416/2416
f 2417/2417 2418/2418 2416/2416
f 2383/2383 2418/2418 2419/2419
f 2420/2420 2421/2421 2419/2419
f 2386/2386 2421/2421 2422/2422
f 2423/2423 2424/2424 2422/2422
f 2389/2389 2424/2424 2425/2425
f 2426/2426 2427/2427 2425/2425
f 2392/2392 2427/2427 2428/2428
f 2429/2429 2430/2430 2428/2428
f 2395/2395 2430/2430 2431/2431
f 2432/2432 2433/2433 2431/2431
f 2398/2398 2433/2433 2434/2434
f 2435/2435 2049/2049 2434/2434
f 2333/2333 2330/2330 2436/2436
f 2331/2331 2437/2437 2436/2436
f 2405/2405 2437/2437 2438/2438
f 2439/2439 2440/2440 2438/2438
f 2408/2408 2440/2440 2441/2441
f 2442/2442 2443/2443 2441/2441
f 2411/2411 2443/2443 2444/2444
f 2445/2445 2446/2446 2444/2444
f 2414/2414 2446/2446 2447/2447
f 2448/2448 2449/2449 2447/2447
f 2417/2417 2449/2449 2450/2450
f 2451/2451 2452/2452 2450/2450
f 2420/2420 2452/2452 2453/2453
f 2454/2454 2455/2455 2453/2453
f 2423/2423 2455/2455 2456/2456
f 2457/2457 2458/2458 2456/2456
f 2426/2426 2458/2458 2459/2459
f 2460/2460 2461/2461 2459/2459
f 2429/2429 2461/2461 2462/2462
f 2463/2463 2464/2464 2462/2462
f 2432/2432 2464/2464 2465/2465
f 2466/2466 2049/2049 2465/2465
f 2331/2331 2328/2328 2467/2467
f 2329/2329 2468/2468 2467/2467
f 2439/2439 2468/2468 2469/2469
f 2470/2470 2471/2471 2469/2469
f 2442/2442 2471/2471 2472/2472
f 2473/2473 2474/2474 2472/2472
f 2445/2445 2474/2474 2475/2475
f 2476/2476 2477/2477 2475/2475
f 2448/2448 2477/2477 2478/2478
f 2479/2479 2480/2480 2478/2478
f 2451/2451 2480/2480 2481/2481
f 2482/2482 2483/2483 2481/2481
f 2454/2454 2483/2483 2484/2484
f 2485/2485 2486/2486 2484/2484
f 2457/2457 2486/2486 2487/2487
f 2488/2488 2489/2489 2487/2487
f 2460/2460 2489/2489 2490/2490
f 2491/2491 2492/2492 2490/2490
f 2463/2463 2492/2492 2493/2493
f 2494/2494 2049/2049 2493/2493
f 2329/2329 2326/2326 2495/2495
f 2327/2327 2496/2496 2495/2495
f 2470/2470 2496/2496 2497/2497
f 2498/2498 2499/2499 2497/2497
f 2473/2473 2499/2499 2500/2500
f 2501/2501 2502/2502 2500/2500
f 2476/2476 2502/2502 2503/2503
f 2504/2504 2505/2505 2503/2503
f 2479/2479 2505/2505 2506/2506
f 2507/2507 2508/2508 2506/2506
f 2482/2482 2508/2508 2509/2509
f 2510/2510 2511/2511 2509/2509
f 2485/2485 2511/2511 2512/2512
f 2513/2513 2514/2514 2512/2512
f 2488/2488 2514/2514 2515/2515
f 2516/2516 2517/2517 2515/2515
f 2491/2491 2517/2517 2518/2518
f 2519/2519 2049/2049 2518/2518
f 2327/2327 2324/2324 2520/2520
f 2325/2325 2521/2521 2520/2520
f 2498/2498 2521/2521 2522/2522
f 2523/2523 2524/2524 2522/2522
f 2501/2501 2524/2524 2525/2525
f 2526/2526 2527/2527 2525/2525
f 2504/2504 2527/2527 2528/2528
f 2529/2529 2530/2530 2528/2528
f 2507/2507 2530/2530 2531/2531
f 2532/2532 2533/2533 2531/2531
f 2510/2510 2533/2533 2534/2534
f 2535/2535 2536/2536 2534/2534
f 2513/2513 2536/2536 2537/2537
f 2538/2538 2539/2539 2537/2537
f 2516/2516 2539/2539 2540/2540
f 2541/2541 2049/2049 2540/2540
f 2325/2325 2322/2322 2542/2542
f 2323/2323 2543/2543 2542/2542
f 2523/2523 2543/2543 2544/2544
f 2545/2545 2546/2546 2544/2544
f 2526/2526 2546/2546 2547/2547
f 2548/2548 2549/2549 2547/2547
f 2529/2529 2549/2549 2550/2550
f 2551/2551 2552/2552 2550/2550
f 2532/2532 2552/2552 2553/2553
f 2554/2554 2555/2555 2553/2553
f 2535/2535 2555/2555 2556/2556
f 2557/2557 2558/2558 2556/2556
f 2538/2538 2558/2558 2559/2559
f 2560/2560 2049/2049 2559/2559
f 2323/2323 2320/2320 2561/2561
f 2321/2321 2562/2562 2561/2561
f 2545/2545 2562/2562 2563/2563
f 2564/2564 2565/2565 2563/2563
f 2548/2548 2565/2565 2566/2566
f 2567/2567 2568/2568 2566/2566
f 2551/2551 2568/2568 2569/2569
f 2570/2570 2571/2571 2569/2569
f 2554/2554 2571/2571 2572/2572
f 2573/2573 2574/2574 2572/2572
f 2557/2557 2574/2574 2575/2575
f 2576/2576 2049/2049 2575/2575
f 2321/2321 2318/2318 2577/2577
f 2319/2319 2578/2578 2577/2577
f 2564/2564 2578/2578 2579/2579
f 2580/2580 2581/2581 2579/2579
f 2567/2567 2581/2581 2582/2582
f 2583/2583 2584/2584 2582/2582
f 2570/2570 2584/2584 2585/2585
f 2586/2586 2587/2587 2585/2585
f 2573/2573 2587/2587 2588/2588
f 2589/2589 2049/2049 2588/2588
f 2319/2319 2316/2316 2590/2590
f 2317/2317 2591/2591 2590/2590
f 2580/2580 2591/2591 2592/2592
f 2593/2593 2594/2594 2592/2592
f 2583/2583 2594/2594 2595/2595
f 2596/2596 2597/2597 2595/2595
f 2586/2586 2597/2597 2598/2598
f 2599/2599 2049/2049 2598/2598
f 2317/2317 2314/2314 2600/2600
f 2315/2315 2601/2601 2600/2600
f 2593/2593 2601/2601 2602/2602
f 2603/2603 2604/2604 2602/2602
f 2596/2596 2604/2604 2605/2605
f 2606/2606 2049/2049 2605/2605
f 2315/2315 2312/2312 2607/2607
f 2313/2313 2608/2608 2607/2607
f 2603/2603 2608/2608 2609/2609
f 2610/2610 2049/2049 2609/2609
f 1320/1320 2608/2608 2611/2611
f 2610/2610 2312/2312 2611/2611
f 2612/2612 2312/2312 1433/1433
f 1436/1436 2613/2613 2611/2611
f 1440/1440 2049/2049 2611/2611

g Object_Material.002_1

usemtl Material.002

f 2614/2614 2615/2615 2616/2616
f 2617/2617 2618/2618 2616/2616
f 2619/2619 2618/2618 2620/2620
f 2621/2621 2622/2622 2620/2620
f 2623/2623 2622/2622 2624/2624
f 2625/2625 2626/2626 2624/2624
f 2627/2627 2626/2626 2628/2628
f 2629/2629 2630/2630 2628/2628
f 2631/2631 2630/2630 2632/2632
f 2633/2633 2634/2634 2632/2632
f 2635/2635 2634/2634 2636/2636
f 2637/2637 2638/2638 2636/2636
f 2639/2639 2638/2638 2640/2640
f 2641/2641 2642/2642 2640/2640
f 2643/2643 2642/2642 2644/2644
f 2645/2645 2646/2646 2644/2644
f 2647/2647 2646/2646 2648/2648
f 2649/2649 2650/2650 2648/2648
f 2651/2651 2650/2650 2652/2652
f 2653/2653 2654/2654 2652/2652
f 2655/2655 2654/2654 2656/2656
f 2657/2657 2658/2658 2656/2656
f 2659/2659 2658/2658 2660/2660
f 2661/2661 2662/2662 2660/2660
f 2663/2663 2662/2662 2664/2664
f 2665/2665 2666/2666 2664/2664
f 2667/2667 2666/2666 2668/2668
f 2669/2669 2670/2670 2668/2668
f 2671/2671 2670/2670 2672/2672
f 2673/2673 2674/2674 2672/2672
f 2675/2675 2674/2674 2676/2676
f 2677/2677 2678/2678 2676/2676
f 2679/2679 2678/2678 2680/2680
f 2681/2681 2682/2682 2680/2680
f 2683/2683 2682/2682 2684/2684
f 2685/2685 2686/2686 2684/2684
f 2687/2687 2686/2686 2688/2688
f 2689/2689 2690/2690 2688/2688
f 2691/2691 2690/2690 2692/2692
f 2693/2693 2694/2694 2692/2692
f 2695/2695 2694/2694 2696/2696
f 2697/2697 2698/2698 2696/2696
f 2699/2699 2698/2698 2700/2700
f 2701/2701 2702/2702 2700/2700
f 2703/2703 2702/2702 2704/2704
f 2705/2705 2706/2706 2704/2704
f 2707/2707 2706/2706 2708/2708
f 2709/2709 2710/2710 2708/2708
f 2711/2711 2710/2710 2712/2712
f 2713/2713 2714/2714 2712/2712
f 2715/2715 2714/2714 2716/2716
f 2717/2717 2718/2718 2716/2716
f 2719/2719 2718/2718 2720/2720
f 2721/2721 2722/2722 2720/2720
f 2723/2723 2722/2722 2724/2724
f 2725/2725 2726/2726 2724/2724
f 2727/2727 2726/2726 2728/2728
f 2729/2729 2730/2730 2728/2728
f 2731/2731 2730/2730 2732/2732
f 2733/2733 2734/2734 2732/2732
f 2735/2735 2734/2734 2736/2736
f 2737/2737 2738/2738 2736/2736
f 2739/2739 2738/2738 2616/2616
f 2740/2740 2741/2741 2616/2616
f 2619/2619 2741/2741 2742/2742
f 2743/2743 2744/2744 2742/2742
f 2745/2745 2744/2744 2746/2746
f 2747/2747 2748/2748 2746/2746
f 2749/2749 2748/2748 2750/2750
f 2751/2751 2752/2752 2750/2750
f 2753/2753 2752/2752 2754/2754
f 2755/2755 2756/2756 2754/2754
f 2757/2757 2756/2756 2758/2758
f 2759/2759 2760/2760 2758/2758
f 2761/2761 2760/2760 2762/2762
f 2763/2763 2764/2764 2762/2762
f 2765/2765 2764/2764 2766/2766
f 2767/2767 2768/2768 2766/2766
f 2769/2769 2768/2768 2770/2770
f 2771/2771 2772/2772 2770/2770
f 2773/2773 2772/2772 2774/2774
f 2775/2775 2776/2776 2774/2774
f 2777/2777 2776/2776 2778/2778
f 2779/2779 2780/2780 2778/2778
f 2781/2781 2780/2780 2782/2782
f 2783/2783 2784/2784 2782/2782
f 2785/2785 2784/2784 2786/2786
f 2787/2787 2788/2788 2786/2786
f 2789/2789 2788/2788 2790/2790
f 2791/2791 2792/2792 2790/2790
f 2793/2793 2792/2792 2794/2794
f 2795/2795 2796/2796 2794/2794
f 2797/2797 2796/2796 2798/2798
f 2799/2799 2678/2678 2798/2798
f 2800/2800 2678/2678 2801/2801
f 2681/2681 2802/2802 2801/2801
f 2803/2803 2802/2802 2804/2804
f 2805/2805 2806/2806 2804/2804
f 2807/2807 2806/2806 2808/2808
f 2809/2809 2810/2810 2808/2808
f 2811/2811 2810/2810 2812/2812
f 2813/2813 2814/2814 2812/2812
f 2815/2815 2814/2814 2816/2816
f 2817/2817 2818/2818 2816/2816
f 2819/2819 2818/2818 2820/2820
f 2821/2821 2822/2822 2820/2820
f 2823/2823 2822/2822 2824/2824
f 2825/2825 2826/2826 2824/2824
f 2827/2827 2826/2826 2828/2828
f 2829/2829 2830/2830 2828/2828
f 2831/2831 2830/2830 2832/2832
f 2833/2833 2834/2834 2832/2832
f 2835/2835 2834/2834 2836/2836
f 2837/2837 2838/2838 2836/2836
f 2839/2839 2838/2838 2840/2840
f 2841/2841 2842/2842 2840/2840
f 2843/2843 2842/2842 2844/2844
f 2845/2845 2630/2630 2844/2844
f 2846/2846 2630/2630 2847/2847
f 2681/2681 2796/2796 2848/2848
f 2799/2799 2792/2792 2848/2848
f 2849/2849 2792/2792 2850/2850
f 2795/2795 2788/2788 2850/2850
f 2851/2851 2788/2788 2852/2852
f 2791/2791 2784/2784 2852/2852
f 2853/2853 2784/2784 2854/2854
f 2787/2787 2780/2780 2854/2854
f 2855/2855 2780/2780 2856/2856
f 2783/2783 2776/2776 2856/2856
f 2857/2857 2776/2776 2858/2858
f 2779/2779 2772/2772 2858/2858
f 2859/2859 2772/2772 2860/2860
f 2775/2775 2768/2768 2860/2860
f 2861/2861 2768/2768 2862/2862
f 2771/2771 2764/2764 2862/2862
f 2863/2863 2764/2764 2864/2864
f 2767/2767 2760/2760 2864/2864
f 2865/2865 2760/2760 2866/2866
f 2763/2763 2756/2756 2866/2866
f 2867/2867 2756/2756 2868/2868
f 2759/2759 2752/2752 2868/2868
f 2869/2869 2752/2752 2870/2870
f 2755/2755 2748/2748 2870/2870
f 2871/2871 2748/2748 2872/2872
f 2751/2751 2744/2744 2872/2872
f 2873/2873 2744/2744 2874/2874
f 2747/2747 2741/2741 2874/2874
f 2875/2875 2741/2741 2876/2876
f 2740/2740 2734/2734 2874/2874
f 2737/2737 2877/2877 2874/2874
f 2875/2875 2877/2877 2872/2872
f 2878/2878 2879/2879 2872/2872
f 2873/2873 2879/2879 2870/2870
f 2880/2880 2881/2881 2870/2870
f 2871/2871 2881/2881 2868/2868
f 2882/2882 2883/2883 2868/2868
f 2869/2869 2883/2883 2866/2866
f 2884/2884 2885/2885 2866/2866
f 2867/2867 2885/2885 2864/2864
f 2886/2886 2887/2887 2864/2864
f 2865/2865 2887/2887 2862/2862
f 2888/2888 2889/2889 2862/2862
f 2863/2863 2889/2889 2860/2860
f 2890/2890 2891/2891 2860/2860
f 2861/2861 2891/2891 2858/2858
f 2892/2892 2893/2893 2858/2858
f 2859/2859 2893/2893 2856/2856
f 2894/2894 2895/2895 2856/2856
f 2857/2857 2895/2895 2854/2854
f 2896/2896 2897/2897 2854/2854
f 2855/2855 2897/2897 2852/2852
f 2898/2898 2899/2899 2852/2852
f 2853/2853 2899/2899 2850/2850
f 2900/2900 2901/2901 2850/2850
f 2851/2851 2901/2901 2848/2848
f 2902/2902 2678/2678 2848/2848
f 2737/2737 2730/2730 2903/2903
f 2733/2733 2904/2904 2903/2903
f 2878/2878 2904/2904 2905/2905
f 2906/2906 2907/2907 2905/2905
f 2880/2880 2907/2907 2908/2908
f 2909/2909 2910/2910 2908/2908
f 2882/2882 2910/2910 2911/2911
f 2912/2912 2913/2913 2911/2911
f 2884/2884 2913/2913 2914/2914
f 2915/2915 2916/2916 2914/2914
f 2886/2886 2916/2916 2917/2917
f 2918/2918 2919/2919 2917/2917
f 2888/2888 2919/2919 2920/2920
f 2921/2921 2922/2922 2920/2920
f 2890/2890 2922/2922 2923/2923
f 2924/2924 2925/2925 2923/2923
f 2892/2892 2925/2925 2926/2926
f 2927/2927 2928/2928 2926/2926
f 2894/2894 2928/2928 2929/2929
f 2930/2930 2931/2931 2929/2929
f 2896/2896 2931/2931 2932/2932
f 2933/2933 2934/2934 2932/2932
f 2898/2898 2934/2934 2935/2935
f 2936/2936 2937/2937 2935/2935
f 2900/2900 2937/2937 2938/2938
f 2939/2939 2678/2678 2938/2938
f 2733/2733 2726/2726 2940/2940
f 2729/2729 2941/2941 2940/2940
f 2906/2906 2941/2941 2942/2942
f 2943/2943 2944/2944 2942/2942
f 2909/2909 2944/2944 2945/2945
f 2946/2946 2947/2947 2945/2945
f 2912/2912 2947/2947 2948/2948
f 2949/2949 2950/2950 2948/2948
f 2915/2915 2950/2950 2951/2951
f 2952/2952 2953/2953 2951/2951
f 2918/2918 2953/2953 2954/2954
f 2955/2955 2956/2956 2954/2954
f 2921/2921 2956/2956 2957/2957
f 2958/2958 2959/2959 2957/2957
f 2924/2924 2959/2959 2960/2960
f 2961/2961 2962/2962 2960/2960
f 2927/2927 2962/2962 2963/2963
f 2964/2964 2965/2965 2963/2963
f 2930/2930 2965/2965 2966/2966
f 2967/2967 2968/2968 2966/2966
f 2933/2933 2968/2968 2969/2969
f 2970/2970 2971/2971 2969/2969
f 2936/2936 2971/2971 2972/2972
f 2973/2973 2678/2678 2972/2972
f 2729/2729 2722/2722 2974/2974
f 2725/2725 2975/2975 2974/2974
f 2943/2943 2975/2975 2976/2976
f 2977/2977 2978/2978 2976/2976
f 2946/2946 2978/2978 2979/2979
f 2980/2980 2981/2981 2979/2979
f 2949/2949 2981/2981 2982/2982
f 2983/2983 2984/2984 2982/2982
f 2952/2952 2984/2984 2985/2985
f 2986/2986 2987/2987 2985/2985
f 2955/2955 2987/2987 2988/2988
f 2989/2989 2990/2990 2988/2988
f 2958/2958 2990/2990 2991/2991
f 2992/2992 2993/2993 2991/2991
f 2961/2961 2993/2993 2994/2994
f 2995/2995 2996/2996 2994/2994
f 2964/2964 2996/2996 2997/2997
f 2998/2998 2999/2999 2997/2997
f 2967/2967 2999/2999 3000/3000
f 3001/3001 3002/3002 3000/3000
f 2970/2970 3002/3002 3003/3003
f 3004/3004 2678/2678 3003/3003
f 2725/2725 2718/2718 3005/3005
f 2721/2721 3006/3006 3005/3005
f 2977/2977 3006/3006 3007/3007
f 3008/3008 3009/3009 3007/3007
f 2980/2980 3009/3009 3010/3010
f 3011/3011 3012/3012 3010/3010
f 2983/2983 3012/3012 3013/3013
f 3014/3014 3015/3015 3013/3013
f 2986/2986 3015/3015 3016/3016
f 3017/3017 3018/3018 3016/3016
f 2989/2989 3018/3018 3019/3019
f 3020/3020 3021/3021 3019/3019
f 2992/2992 3021/3021 3022/3022
f 3023/3023 3024/3024 3022/3022
f 2995/2995 3024/3024 3025/3025
f 3026/3026 3027/3027 3025/3025
f 2998/2998 3027/3027 3028/3028
f 3029/3029 3030/3030 3028/3028
f 3001/3001 3030/3030 3031/3031
f 3032/3032 2678/2678 3031/3031
f 2721/2721 2714/2714 3033/3033
f 2717/2717 3034/3034 3033/3033
f 3008/3008 3034/3034 3035/3035
f 3036/3036 3037/3037 3035/3035
f 3011/3011 3037/3037 3038/3038
f 3039/3039 3040/3040 3038/3038
f 3014/3014 3040/3040 3041/3041
f 3042/3042 3043/3043 3041/3041
f 3017/3017 3043/3043 3044/3044
f 3045/3045 3046/3046 3044/3044
f 3020/3020 3046/3046 3047/3047
f 3048/3048 3049/3049 3047/3047
f 3023/3023 3049/3049 3050/3050
f 3051/3051 3052/3052 3050/3050
f 3026/3026 3052/3052 3053/3053
f 3054/3054 3055/3055 3053/3053
f 3029/3029 3055/3055 3056/3056
f 3057/3057 2678/2678 3056/3056
f 2717/2717 2710/2710 3058/3058
f 2713/2713 3059/3059 3058/3058
f 3036/3036 3059/3059 3060/3060
f 3061/3061 3062/3062 3060/3060
f 3039/3039 3062/3062 3063/3063
f 3064/3064 3065/3065 3063/3063
f 3042/3042 3065/3065 3066/3066
f 3067/3067 3068/3068 3066/3066
f 3045/3045 3068/3068 3069/3069
f 3070/3070 3071/3071 3069/3069
f 3048/3048 3071/3071 3072/3072
f 3073/3073 3074/3074 3072/3072
f 3051/3051 3074/3074 3075/3075
f 3076/3076 3077/3077 3075/3075
f 3054/3054 3077/3077 3078/3078
f 3079/3079 2678/2678 3078/3078
f 2713/2713 2706/2706 3080/3080
f 2709/2709 3081/3081 3080/3080
f 3061/3061 3081/3081 3082/3082
f 3083/3083 3084/3084 3082/3082
f 3064/3064 3084/3084 3085/3085
f 3086/3086 3087/3087 3085/3085
f 3067/3067 3087/3087 3088/3088
f 3089/3089 3090/3090 3088/3088
f 3070/3070 3090/3090 3091/3091
f 3092/3092 3093/3093 3091/3091
f 3073/3073 3093/3093 3094/3094
f 3095/3095 3096/3096 3094/3094
f 3076/3076 3096/3096 3097/3097
f 3098/3098 2678/2678 3097/3097
f 2709/2709 2702/2702 3099/3099
f 2705/2705 3100/3100 3099/3099
f 3083/3083 3100/3100 3101/3101
f 3102/3102 3103/3103 3101/3101
f 3086/3086 3103/3103 3104/3104
f 3105/3105 3106/3106 3104/3104
f 3089/3089 3106/3106 3107/3107
f 3108/3108 3109/3109 3107/3107
f 3092/3092 3109/3109 3110/3110
f 3111/3111 3112/3112 3110/3110
f 3095/3095 3112/3112 3113/3113
f 3114/3114 2678/2678 3113/3113
f 2705/2705 2698/2698 3115/3115
f 2701/2701 3116/3116 3115/3115
f 3102/3102 3116/3116 3117/3117
f 3118/3118 3119/3119 3117/3117
f 3105/3105 3119/3119 3120/3120
f 3121/3121 3122/3122 3120/3120
f 3108/3108 3122/3122 3123/3123
f 3124/3124 3125/3125 3123/3123
f 3111/3111 3125/3125 3126/3126
f 3127/3127 2678/2678 3126/3126
f 2701/2701 2694/2694 3128/3128
f 2697/2697 3129/3129 3128/3128
f 3118/3118 3129/3129 3130/3130
f 3131/3131 3132/3132 3130/3130
f 3121/3121 3132/3132 3133/3133
f 3134/3134 3135/3135 3133/3133
f 3124/3124 3135/3135 3136/3136
f 3137/3137 2678/2678 3136/3136
f 2697/2697 2690/2690 3138/3138
f 2693/2693 3139/3139 3138/3138
f 3131/3131 3139/3139 3140/3140
f 3141/3141 3142/3142 3140/3140
f 3134/3134 3142/3142 3143/3143
f 3144/3144 2678/2678 3143/3143
f 2693/2693 2686/2686 3145/3145
f 2689/2689 3146/3146 3145/3145
f 3141/3141 3146/3146 3147/3147
f 3148/3148 2678/2678 3147/3147
f 2681/2681 3146/3146 3149/3149
f 3148/3148 2686/2686 3149/3149
f 2633/2633 2842/2842 3150/3150
f 2845/2845 3151/3151 3150/3150
f 2637/2637 3151/3151 3152/3152
f 3153/3153 3154/3154 3152/3152
f 2641/2641 3154/3154 3155/3155
f 3156/3156 3157/3157 3155/3155
f 2645/2645 3157/3157 3158/3158
f 3159/3159 3160/3160 3158/3158
f 2649/2649 3160/3160 3161/3161
f 3162/3162 3163/3163 3161/3161
f 2653/2653 3163/3163 3164/3164
f 3165/3165 3166/3166 3164/3164
f 2657/2657 3166/3166 3167/3167
f 3168/3168 3169/3169 3167/3167
f 2661/2661 3169/3169 3170/3170
f 3171/3171 3172/3172 3170/3170
f 2665/2665 3172/3172 3173/3173
f 3174/3174 3175/3175 3173/3173
f 2669/2669 3175/3175 3176/3176
f 3177/3177 3178/3178 3176/3176
f 2673/2673 3178/3178 3179/3179
f 3180/3180 2678/2678 3179/3179
f 2845/2845 2838/2838 3181/3181
f 2841/2841 3182/3182 3181/3181
f 3153/3153 3182/3182 3183/3183
f 3184/3184 3185/3185 3183/3183
f 3156/3156 3185/3185 3186/3186
f 3187/3187 3188/3188 3186/3186
f 3159/3159 3188/3188 3189/3189
f 3190/3190 3191/3191 3189/3189
f 3162/3162 3191/3191 3192/3192
f 3193/3193 3194/3194 3192/3192
f 3165/3165 3194/3194 3195/3195
f 3196/3196 3197/3197 3195/3195
f 3168/3168 3197/3197 3198/3198
f 3199/3199 3200/3200 3198/3198
f 3171/3171 3200/3200 3201/3201
f 3202/3202 3203/3203 3201/3201
f 3174/3174 3203/3203 3204/3204
f 3205/3205 3206/3206 3204/3204
f 3177/3177 3206/3206 3207/3207
f 3208/3208 2678/2678 3207/3207
f 2841/2841 2834/2834 3209/3209
f 2837/2837 3210/3210 3209/3209
f 3184/3184 3210/3210 3211/3211
f 3212/3212 3213/3213 3211/3211
f 3187/3187 3213/3213 3214/3214
f 3215/3215 3216/3216 3214/3214
f 3190/3190 3216/3216 3217/3217
f 3218/3218 3219/3219 3217/3217
f 3193/3193 3219/3219 3220/3220
f 3221/3221 3222/3222 3220/3220
f 3196/3196 3222/3222 3223/3223
f 3224/3224 3225/3225 3223/3223
f 3199/3199 3225/3225 3226/3226
f 3227/3227 3228/3228 3226/3226
f 3202/3202 3228/3228 3229/3229
f 3230/3230 3231/3231 3229/3229
f 3205/3205 3231/3231 3232/3232
f 3233/3233 2678/2678 3232/3232
f 2837/2837 2830/2830 3234/3234
f 2833/2833 3235/3235 3234/3234
f 3212/3212 3235/3235 3236/3236
f 3237/3237 3238/3238 3236/3236
f 3215/3215 3238/3238 3239/3239
f 3240/3240 3241/3241 3239/3239
f 3218/3218 3241/3241 3242/3242
f 3243/3243 3244/3244 3242/3242
f 3221/3221 3244/3244 3245/3245
f 3246/3246 3247/3247 3245/3245
f 3224/3224 3247/3247 3248/3248
f 3249/3249 3250/3250 3248/3248
f 3227/3227 3250/3250 3251/3251
f 3252/3252 3253/3253 3251/3251
f 3230/3230 3253/3253 3254/3254
f 3255/3255 2678/2678 3254/3254
f 2833/2833 2826/2826 3256/3256
f 2829/2829 3257/3257 3256/3256
f 3237/3237 3257/3257 3258/3258
f 3259/3259 3260/3260 3258/3258
f 3240/3240 3260/3260 3261/3261
f 3262/3262 3263/3263 3261/3261
f 3243/3243 3263/3263 3264/3264
f 3265/3265 3266/3266 3264/3264
f 3246/3246 3266/3266 3267/3267
f 3268/3268 3269/3269 3267/3267
f 3249/3249 3269/3269 3270/3270
f 3271/3271 3272/3272 3270/3270
f 3252/3252 3272/3272 3273/3273
f 3274/3274 2678/2678 3273/3273
f 2829/2829 2822/2822 3275/3275
f 2825/2825 3276/3276 3275/3275
f 3259/3259 3276/3276 3277/3277
f 3278/3278 3279/3279 3277/3277
f 3262/3262 3279/3279 3280/3280
f 3281/3281 3282/3282 3280/3280
f 3265/3265 3282/3282 3283/3283
f 3284/3284 3285/3285 3283/3283
f 3268/3268 3285/3285 3286/3286
f 3287/3287 3288/3288 3286/3286
f 3271/3271 3288/3288 3289/3289
f 3290/3290 2678/2678 3289/3289
f 2825/2825 2818/2818 3291/3291
f 2821/2821 3292/3292 3291/3291
f 3278/3278 3292/3292 3293/3293
f 3294/3294 3295/3295 3293/3293
f 3281/3281 3295/3295 3296/3296
f 3297/3297 3298/3298 3296/3296
f 3284/3284 3298/3298 3299/3299
f 3300/3300 3301/3301 3299/3299
f 3287/3287 3301/3301 3302/3302
f 3303/3303 2678/2678 3302/3302
f 2821/2821 2814/2814 3304/3304
f 2817/2817 3305/3305 3304/3304
f 3294/3294 3305/3305 3306/3306
f 3307/3307 3308/3308 3306/3306
f 3297/3297 3308/3308 3309/3309
f 3310/3310 3311/3311 3309/3309
f 3300/3300 3311/3311 3312/3312
f 3313/3313 2678/2678 3312/3312
f 2817/2817 2810/2810 3314/3314
f 2813/2813 3315/3315 3314/3314
f 3307/3307 3315/3315 3316/3316
f 3317/3317 3318/3318 3316/3316
f 3310/3310 3318/3318 3319/3319
f 3320/3320 2678/2678 3319/3319
f 2813/2813 2806/2806 3321/3321
f 2809/2809 3322/3322 3321/3321
f 3317/3317 3322/3322 3323/3323
f 3324/3324 2678/2678 3323/3323
f 2681/2681 3322/3322 3325/3325
f 3324/3324 2806/2806 3325/3325
f 2671/2671 3326/3326 2664/2664
f 3327/3327 3328/3328 2664/2664
f 2667/2667 3328/3328 2660/2660
f 3329/3329 3330/3330 2660/2660
f 2663/2663 3330/3330 2656/2656
f 3331/3331 3332/3332 2656/2656
f 2659/2659 3332/3332 2652/2652
f 3333/3333 3334/3334 2652/2652
f 2655/2655 3334/3334 2648/2648
f 3335/3335 3336/3336 2648/2648
f 2651/2651 3336/3336 2644/2644
f 3337/3337 3338/3338 2644/2644
f 2647/2647 3338/3338 2640/2640
f 3339/3339 3340/3340 2640/2640
f 2643/2643 3340/3340 2636/2636
f 3341/3341 3342/3342 2636/2636
f 2639/2639 3342/3342 2632/2632
f 3343/3343 3344/3344 2632/2632
f 2635/2635 3344/3344 2628/2628
f 3345/3345 3346/3346 2628/2628
f 2631/2631 3346/3346 2624/2624
f 3347/3347 3348/3348 2624/2624
f 2627/2627 3348/3348 2620/2620
f 3349/3349 3350/3350 2620/2620
f 2619/2619 3348/3348 3351/3351
f 3349/3349 3346/3346 3351/3351
f 3352/3352 3346/3346 3353/3353
f 3347/3347 3344/3344 3353/3353
f 3354/3354 3344/3344 3355/3355
f 3345/3345 3342/3342 3355/3355
f 3356/3356 3342/3342 3357/3357
f 3343/3343 3340/3340 3357/3357
f 3358/3358 3340/3340 3359/3359
f 3341/3341 3338/3338 3359/3359
f 3360/3360 3338/3338 3361/3361
f 3339/3339 3336/3336 3361/3361
f 3362/3362 3336/3336 3363/3363
f 3337/3337 3334/3334 3363/3363
f 3364/3364 3334/3334 3365/3365
f 3335/3335 3332/3332 3365/3365
f 3366/3366 3332/3332 3367/3367
f 3333/3333 3330/3330 3367/3367
f 3368/3368 3330/3330 3369/3369
f 3331/3331 3328/3328 3369/3369
f 3370/3370 3328/3328 3371/3371
f 3329/3329 3326/3326 3371/3371
f 3372/3372 3326/3326 3373/3373
f 3327/3327 3374/3374 3373/3373
f 3375/3375 3374/3374 3376/3376
f 3377/3377 3378/3378 3376/3376
f 3379/3379 3378/3378 2684/2684
f 3380/3380 3381/3381 2684/2684
f 2687/2687 3382/3382 3376/3376
f 2691/2691 3383/3383 3376/3376
f 3379/3379 3383/3383 3373/3373
f 3384/3384 3385/3385 3373/3373
f 3375/3375 3385/3385 3371/3371
f 3386/3386 3387/3387 3371/3371
f 3372/3372 3387/3387 3369/3369
f 3388/3388 3389/3389 3369/3369
f 3370/3370 3389/3389 3367/3367
f 3390/3390 3391/3391 3367/3367
f 3368/3368 3391/3391 3365/3365
f 3392/3392 3393/3393 3365/3365
f 3366/3366 3393/3393 3363/3363
f 3394/3394 3395/3395 3363/3363
f 3364/3364 3395/3395 3361/3361
f 3396/3396 3397/3397 3361/3361
f 3362/3362 3397/3397 3359/3359
f 3398/3398 3399/3399 3359/3359
f 3360/3360 3399/3399 3357/3357
f 3400/3400 3401/3401 3357/3357
f 3358/3358 3401/3401 3355/3355
f 3402/3402 3403/3403 3355/3355
f 3356/3356 3403/3403 3353/3353
f 3404/3404 3405/3405 3353/3353
f 3354/3354 3405/3405 3351/3351
f 3406/3406 3350/3350 3351/3351
f 2691/2691 3407/3407 3408/3408
f 2695/2695 3409/3409 3408/3408
f 3384/3384 3409/3409 3410/3410
f 3411/3411 3412/3412 3410/3410
f 3386/3386 3412/3412 3413/3413
f 3414/3414 3415/3415 3413/3413
f 3388/3388 3415/3415 3416/3416
f 3417/3417 3418/3418 3416/3416
f 3390/3390 3418/3418 3419/3419
f 3420/3420 3421/3421 3419/3419
f 3392/3392 3421/3421 3422/3422
f 3423/3423 3424/3424 3422/3422
f 3394/3394 3424/3424 3425/3425
f 3426/3426 3427/3427 3425/3425
f 3396/3396 3427/3427 3428/3428
f 3429/3429 3430/3430 3428/3428
f 3398/3398 3430/3430 3431/3431
f 3432/3432 3433/3433 3431/3431
f 3400/3400 3433/3433 3434/3434
f 3435/3435 3436/3436 3434/3434
f 3402/3402 3436/3436 3437/3437
f 3438/3438 3439/3439 3437/3437
f 3404/3404 3439/3439 3440/3440
f 3441/3441 3350/3350 3440/3440
f 2695/2695 3442/3442 3443/3443
f 2699/2699 3444/3444 3443/3443
f 3411/3411 3444/3444 3445/3445
f 3446/3446 3447/3447 3445/3445
f 3414/3414 3447/3447 3448/3448
f 3449/3449 3450/3450 3448/3448
f 3417/3417 3450/3450 3451/3451
f 3452/3452 3453/3453 3451/3451
f 3420/3420 3453/3453 3454/3454
f 3455/3455 3456/3456 3454/3454
f 3423/3423 3456/3456 3457/3457
f 3458/3458 3459/3459 3457/3457
f 3426/3426 3459/3459 3460/3460
f 3461/3461 3462/3462 3460/3460
f 3429/3429 3462/3462 3463/3463
f 3464/3464 3465/3465 3463/3463
f 3432/3432 3465/3465 3466/3466
f 3467/3467 3468/3468 3466/3466
f 3435/3435 3468/3468 3469/3469
f 3470/3470 3471/3471 3469/3469
f 3438/3438 3471/3471 3472/3472
f 3473/3473 3350/3350 3472/3472
f 2699/2699 3474/3474 3475/3475
f 2703/2703 3476/3476 3475/3475
f 3446/3446 3476/3476 3477/3477
f 3478/3478 3479/3479 3477/3477
f 3449/3449 3479/3479 3480/3480
f 3481/3481 3482/3482 3480/3480
f 3452/3452 3482/3482 3483/3483
f 3484/3484 3485/3485 3483/3483
f 3455/3455 3485/3485 3486/3486
f 3487/3487 3488/3488 3486/3486
f 3458/3458 3488/3488 3489/3489
f 3490/3490 3491/3491 3489/3489
f 3461/3461 3491/3491 3492/3492
f 3493/3493 3494/3494 3492/3492
f 3464/3464 3494/3494 3495/3495
f 3496/3496 3497/3497 3495/3495
f 3467/3467 3497/3497 3498/3498
f 3499/3499 3500/3500 3498/3498
f 3470/3470 3500/3500 3501/3501
f 3502/3502 3350/3350 3501/3501
f 2703/2703 3503/3503 3504/3504
f 2707/2707 3505/3505 3504/3504
f 3478/3478 3505/3505 3506/3506
f 3507/3507 3508/3508 3506/3506
f 3481/3481 3508/3508 3509/3509
f 3510/3510 3511/3511 3509/3509
f 3484/3484 3511/3511 3512/3512
f 3513/3513 3514/3514 3512/3512
f 3487/3487 3514/3514 3515/3515
f 3516/3516 3517/3517 3515/3515
f 3490/3490 3517/3517 3518/3518
f 3519/3519 3520/3520 3518/3518
f 3493/3493 3520/3520 3521/3521
f 3522/3522 3523/3523 3521/3521
f 3496/3496 3523/3523 3524/3524
f 3525/3525 3526/3526 3524/3524
f 3499/3499 3526/3526 3527/3527
f 3528/3528 3350/3350 3527/3527
f 2707/2707 3529/3529 3530/3530
f 2711/2711 3531/3531 3530/3530
f 3507/3507 3531/3531 3532/3532
f 3533/3533 3534/3534 3532/3532
f 3510/3510 3534/3534 3535/3535
f 3536/3536 3537/3537 3535/3535
f 3513/3513 3537/3537 3538/3538
f 3539/3539 3540/3540 3538/3538
f 3516/3516 3540/3540 3541/3541
f 3542/3542 3543/3543 3541/3541
f 3519/3519 3543/3543 3544/3544
f 3545/3545 3546/3546 3544/3544
f 3522/3522 3546/3546 3547/3547
f 3548/3548 3549/3549 3547/3547
f 3525/3525 3549/3549 3550/3550
f 3551/3551 3350/3350 3550/3550
f 2711/2711 3552/3552 3553/3553
f 2715/2715 3554/3554 3553/3553
f 3533/3533 3554/3554 3555/3555
f 3556/3556 3557/3557 3555/3555
f 3536/3536 3557/3557 3558/3558
f 3559/3559 3560/3560 3558/3558
f 3539/3539 3560/3560 3561/3561
f 3562/3562 3563/3563 3561/3561
f 3542/3542 3563/3563 3564/3564
f 3565/3565 3566/3566 3564/3564
f 3545/3545 3566/3566 3567/3567
f 3568/3568 3569/3569 3567/3567
f 3548/3548 3569/3569 3570/3570
f 3571/3571 3350/3350 3570/3570
f 2715/2715 3572/3572 3573/3573
f 2719/2719 3574/3574 3573/3573
f 3556/3556 3574/3574 3575/3575
f 3576/3576 3577/3577 3575/3575
f 3559/3559 3577/3577 3578/3578
f 3579/3579 3580/3580 3578/3578
f 3562/3562 3580/3580 3581/3581
f 3582/3582 3583/3583 3581/3581
f 3565/3565 3583/3583 3584/3584
f 3585/3585 3586/3586 3584/3584
f 3568/3568 3586/3586 3587/3587
f 3588/3588 3350/3350 3587/3587
f 2719/2719 3589/3589 3590/3590
f 2723/2723 3591/3591 3590/3590
f 3576/3576 3591/3591 3592/3592
f 3593/3593 3594/3594 3592/3592
f 3579/3579 3594/3594 3595/3595
f 3596/3596 3597/3597 3595/3595
f 3582/3582 3597/3597 3598/3598
f 3599/3599 3600/3600 3598/3598
f 3585/3585 3600/3600 3601/3601
f 3602/3602 3350/3350 3601/3601
f 2723/2723 3603/3603 3604/3604
f 2727/2727 3605/3605 3604/3604
f 3593/3593 3605/3605 3606/3606
f 3607/3607 3608/3608 3606/3606
f 3596/3596 3608/3608 3609/3609
f 3610/3610 3611/3611 3609/3609
f 3599/3599 3611/3611 3612/3612
f 3613/3613 3350/3350 3612/3612
f 2727/2727 3614/3614 3615/3615
f 2731/2731 3616/3616 3615/3615
f 3607/3607 3616/3616 3617/3617
f 3618/3618 3619/3619 3617/3617
f 3610/3610 3619/3619 3620/3620
f 3621/3621 3350/3350 3620/3620
f 2731/2731 3622/3622 3623/3623
f 2735/2735 3624/3624 3623/3623
f 3618/3618 3624/3624 3625/3625
f 3626/3626 3350/3350 3625/3625
f 2619/2619 3624/3624 2736/2736
f 3626/3626 3622/3622 2736/2736
f 3327/3327 3627/3627 3628/3628
f 2671/2671 3629/3629 3628/3628
f 3377/3377 3629/3629 3630/3630
f 2675/2675 3631/3631 3630/3630
f 3380/3380 3631/3631 2680/2680
f 2781/2781 3632/3632 2774/2774
f 3633/3633 3634/3634 2774/2774
f 2777/2777 3634/3634 2770/2770
f 3635/3635 3636/3636 2770/2770
f 2773/2773 3636/3636 2766/2766
f 3637/3637 3638/3638 2766/2766
f 2769/2769 3638/3638 2762/2762
f 3639/3639 3640/3640 2762/2762
f 2765/2765 3640/3640 2758/2758
f 3641/3641 3642/3642 2758/2758
f 2761/2761 3642/3642 2754/2754
f 3643/3643 3644/3644 2754/2754
f 2757/2757 3644/3644 2750/2750
f 3645/3645 3646/3646 2750/2750
f 2753/2753 3646/3646 2746/2746
f 3647/3647 3648/3648 2746/2746
f 2749/2749 3648/3648 2742/2742
f 3649/3649 3350/3350 2742/2742
f 2619/2619 3648/3648 3650/3650
f 3649/3649 3646/3646 3650/3650
f 3651/3651 3646/3646 3652/3652
f 3647/3647 3644/3644 3652/3652
f 3653/3653 3644/3644 3654/3654
f 3645/3645 3642/3642 3654/3654
f 3655/3655 3642/3642 3656/3656
f 3643/3643 3640/3640 3656/3656
f 3657/3657 3640/3640 3658/3658
f 3641/3641 3638/3638 3658/3658
f 3659/3659 3638/3638 3660/3660
f 3639/3639 3636/3636 3660/3660
f 3661/3661 3636/3636 3662/3662
f 3637/3637 3634/3634 3662/3662
f 3663/3663 3634/3634 3664/3664
f 3635/3635 3632/3632 3664/3664
f 3665/3665 3632/3632 3666/3666
f 3633/3633 3667/3667 3666/3666
f 3668/3668 3667/3667 3669/3669
f 3670/3670 3671/3671 3669/3669
f 3672/3672 3671/3671 3673/3673
f 3674/3674 3675/3675 3673/3673
f 3676/3676 3675/3675 3677/3677
f 3678/3678 3679/3679 3677/3677
f 3680/3680 3679/3679 3681/3681
f 3682/3682 3683/3683 3681/3681
f 3684/3684 3683/3683 2804/2804
f 3685/3685 3686/3686 2804/2804
f 2807/2807 3687/3687 3681/3681
f 2811/2811 3688/3688 3681/3681
f 3684/3684 3688/3688 3677/3677
f 3689/3689 3690/3690 3677/3677
f 3680/3680 3690/3690 3673/3673
f 3691/3691 3692/3692 3673/3673
f 3676/3676 3692/3692 3669/3669
f 3693/3693 3694/3694 3669/3669
f 3672/3672 3694/3694 3666/3666
f 3695/3695 3696/3696 3666/3666
f 3668/3668 3696/3696 3664/3664
f 3697/3697 3698/3698 3664/3664
f 3665/3665 3698/3698 3662/3662
f 3699/3699 3700/3700 3662/3662
f 3663/3663 3700/3700 3660/3660
f 3701/3701 3702/3702 3660/3660
f 3661/3661 3702/3702 3658/3658
f 3703/3703 3704/3704 3658/3658
f 3659/3659 3704/3704 3656/3656
f 3705/3705 3706/3706 3656/3656
f 3657/3657 3706/3706 3654/3654
f 3707/3707 3708/3708 3654/3654
f 3655/3655 3708/3708 3652/3652
f 3709/3709 3710/3710 3652/3652
f 3653/3653 3710/3710 3650/3650
f 3711/3711 3350/3350 3650/3650
f 2811/2811 3712/3712 3713/3713
f 2815/2815 3714/3714 3713/3713
f 3689/3689 3714/3714 3715/3715
f 3716/3716 3717/3717 3715/3715
f 3691/3691 3717/3717 3718/3718
f 3719/3719 3720/3720 3718/3718
f 3693/3693 3720/3720 3721/3721
f 3722/3722 3723/3723 3721/3721
f 3695/3695 3723/3723 3724/3724
f 3725/3725 3726/3726 3724/3724
f 3697/3697 3726/3726 3727/3727
f 3728/3728 3729/3729 3727/3727
f 3699/3699 3729/3729 3730/3730
f 3731/3731 3732/3732 3730/3730
f 3701/3701 3732/3732 3733/3733
f 3734/3734 3735/3735 3733/3733
f 3703/3703 3735/3735 3736/3736
f 3737/3737 3738/3738 3736/3736
f 3705/3705 3738/3738 3739/3739
f 3740/3740 3741/3741 3739/3739
f 3707/3707 3741/3741 3742/3742
f 3743/3743 3744/3744 3742/3742
f 3709/3709 3744/3744 3745/3745
f 3746/3746 3350/3350 3745/3745
f 2815/2815 3747/3747 3748/3748
f 2819/2819 3749/3749 3748/3748
f 3716/3716 3749/3749 3750/3750
f 3751/3751 3752/3752 3750/3750
f 3719/3719 3752/3752 3753/3753
f 3754/3754 3755/3755 3753/3753
f 3722/3722 3755/3755 3756/3756
f 3757/3757 3758/3758 3756/3756
f 3725/3725 3758/3758 3759/3759
f 3760/3760 3761/3761 3759/3759
f 3728/3728 3761/3761 3762/3762
f 3763/3763 3764/3764 3762/3762
f 3731/3731 3764/3764 3765/3765
f 3766/3766 3767/3767 3765/3765
f 3734/3734 3767/3767 3768/3768
f 3769/3769 3770/3770 3768/3768
f 3737/3737 3770/3770 3771/3771
f 3772/3772 3773/3773 3771/3771
f 3740/3740 3773/3773 3774/3774
f 3775/3775 3776/3776 3774/3774
f 3743/3743 3776/3776 3777/3777
f 3778/3778 3350/3350 3777/3777
f 2819/2819 3779/3779 3780/3780
f 2823/2823 3781/3781 3780/3780
f 3751/3751 3781/3781 3782/3782
f 3783/3783 3784/3784 3782/3782
f 3754/3754 3784/3784 3785/3785
f 3786/3786 3787/3787 3785/3785
f 3757/3757 3787/3787 3788/3788
f 3789/3789 3790/3790 3788/3788
f 3760/3760 3790/3790 3791/3791
f 3792/3792 3793/3793 3791/3791
f 3763/3763 3793/3793 3794/3794
f 3795/3795 3796/3796 3794/3794
f 3766/3766 3796/3796 3797/3797
f 3798/3798 3799/3799 3797/3797
f 3769/3769 3799/3799 3800/3800
f 3801/3801 3802/3802 3800/3800
f 3772/3772 3802/3802 3803/3803
f 3804/3804 3805/3805 3803/3803
f 3775/3775 3805/3805 3806/3806
f 3807/3807 3350/3350 3806/3806
f 2823/2823 3808/3808 3809/3809
f 2827/2827 3810/3810 3809/3809
f 3783/3783 3810/3810 3811/3811
f 3812/3812 3813/3813 3811/3811
f 3786/3786 3813/3813 3814/3814
f 3815/3815 3816/3816 3814/3814
f 3789/3789 3816/3816 3817/3817
f 3818/3818 3819/3819 3817/3817
f 3792/3792 3819/3819 3820/3820
f 3821/3821 3822/3822 3820/3820
f 3795/3795 3822/3822 3823/3823
f 3824/3824 3825/3825 3823/3823
f 3798/3798 3825/3825 3826/3826
f 3827/3827 3828/3828 3826/3826
f 3801/3801 3828/3828 3829/3829
f 3830/3830 3831/3831 3829/3829
f 3804/3804 3831/3831 3832/3832
f 3833/3833 3350/3350 3832/3832
f 2827/2827 3834/3834 3835/3835
f 2831/2831 3836/3836 3835/3835
f 3812/3812 3836/3836 3837/3837
f 3838/3838 3839/3839 3837/3837
f 3815/3815 3839/3839 3840/3840
f 3841/3841 3842/3842 3840/3840
f 3818/3818 3842/3842 3843/3843
f 3844/3844 3845/3845 3843/3843
f 3821/3821 3845/3845 3846/3846
f 3847/3847 3848/3848 3846/3846
f 3824/3824 3848/3848 3849/3849
f 3850/3850 3851/3851 3849/3849
f 3827/3827 3851/3851 3852/3852
f 3853/3853 3854/3854 3852/3852
f 3830/3830 3854/3854 3855/3855
f 3856/3856 3350/3350 3855/3855
f 2831/2831 3857/3857 3858/3858
f 2835/2835 3859/3859 3858/3858
f 3838/3838 3859/3859 3860/3860
f 3861/3861 3862/3862 3860/3860
f 3841/3841 3862/3862 3863/3863
f 3864/3864 3865/3865 3863/3863
f 3844/3844 3865/3865 3866/3866
f 3867/3867 3868/3868 3866/3866
f 3847/3847 3868/3868 3869/3869
f 3870/3870 3871/3871 3869/3869
f 3850/3850 3871/3871 3872/3872
f 3873/3873 3874/3874 3872/3872
f 3853/3853 3874/3874 3875/3875
f 3876/3876 3350/3350 3875/3875
f 2835/2835 3877/3877 3878/3878
f 2839/2839 3879/3879 3878/3878
f 3861/3861 3879/3879 3880/3880
f 3881/3881 3882/3882 3880/3880
f 3864/3864 3882/3882 3883/3883
f 3884/3884 3885/3885 3883/3883
f 3867/3867 3885/3885 3886/3886
f 3887/3887 3888/3888 3886/3886
f 3870/3870 3888/3888 3889/3889
f 3890/3890 3891/3891 3889/3889
f 3873/3873 3891/3891 3892/3892
f 3893/3893 3350/3350 3892/3892
f 3893/3893 3894/3894 2616/2616
f 3890/3890 3894/3894 3895/3895
f 2614/2614 3888/3888 3896/3896
f 3890/3890 3885/3885 3896/3896
f 3897/3897 3885/3885 3898/3898
f 3887/3887 3882/3882 3898/3898
f 3899/3899 3882/3882 3900/3900
f 3884/3884 3879/3879 3900/3900
f 3901/3901 3879/3879 2840/2840
f 3881/3881 3877/3877 2840/2840
f 2843/2843 3902/3902 3900/3900
f 2846/2846 3903/3903 3900/3900
f 3901/3901 3903/3903 3898/3898
f 3904/3904 3905/3905 3898/3898
f 3899/3899 3905/3905 3896/3896
f 3906/3906 2615/2615 3896/3896
f 2617/2617 3894/3894 3896/3896
f 2846/2846 2626/2626 3907/3907
f 2629/2629 2622/2622 3907/3907
f 3904/3904 2622/2622 3908/3908
f 2625/2625 2618/2618 3908/3908
f 3906/3906 2618/2618 3909/3909
f 3633/3633 3910/3910 3911/3911
f 2781/2781 3912/3912 3911/3911
f 3670/3670 3912/3912 3913/3913
f 2785/2785 3914/3914 3913/3913
f 3674/3674 3914/3914 3915/3915
f 2789/2789 3916/3916 3915/3915
f 3678/3678 3916/3916 3917/3917
f 2793/2793 3918/3918 3917/3917
f 3682/3682 3918/3918 3919/3919
f 2797/2797 3920/3920 3919/3919
f 3685/3685 3920/3920 2801/2801
f 3921/3921 3922/3922 3923/3923
f 3924/3924 3925/3925 3923/3923
f 3926/3926 3925/3925 3927/3927
f 3928/3928 3929/3929 3927/3927
f 3930/3930 3929/3929 3931/3931
f 3932/3932 3933/3933 3931/3931
f 3934/3934 3933/3933 3935/3935
f 3936/3936 3937/3937 3935/3935
f 3938/3938 3937/3937 3939/3939
f 3940/3940 3941/3941 3939/3939
f 3942/3942 3941/3941 3943/3943
f 3944/3944 3945/3945 3943/3943
f 3946/3946 3945/3945 3947/3947
f 3948/3948 3949/3949 3947/3947
f 3950/3950 3949/3949 3951/3951
f 3952/3952 3953/3953 3951/3951
f 3954/3954 3953/3953 3955/3955
f 3956/3956 3957/3957 3955/3955
f 3958/3958 3957/3957 3959/3959
f 3960/3960 3961/3961 3959/3959
f 3962/3962 3961/3961 3963/3963
f 3964/3964 3965/3965 3963/3963
f 3966/3966 3965/3965 3967/3967
f 3968/3968 3969/3969 3967/3967
f 3970/3970 3969/3969 3971/3971
f 3972/3972 3973/3973 3971/3971
f 3974/3974 3973/3973 3975/3975
f 3976/3976 3977/3977 3975/3975
f 3978/3978 3977/3977 3979/3979
f 3980/3980 3981/3981 3979/3979
f 3982/3982 3981/3981 3983/3983
f 3984/3984 3985/3985 3983/3983
f 3986/3986 3985/3985 3987/3987
f 3988/3988 3989/3989 3987/3987
f 3990/3990 3989/3989 3991/3991
f 3992/3992 3993/3993 3991/3991
f 3994/3994 3993/3993 3995/3995
f 3996/3996 3997/3997 3995/3995
f 3998/3998 3997/3997 3999/3999
f 4000/4000 4001/4001 3999/3999
f 4002/4002 4001/4001 4003/4003
f 4004/4004 4005/4005 4003/4003
f 4006/4006 4005/4005 4007/4007
f 4008/4008 4009/4009 4007/4007
f 4010/4010 4009/4009 4011/4011
f 4012/4012 4013/4013 4011/4011
f 4014/4014 4013/4013 4015/4015
f 4016/4016 4017/4017 4015/4015
f 4018/4018 4017/4017 4019/4019
f 4020/4020 4021/4021 4019/4019
f 4022/4022 4021/4021 4023/4023
f 4024/4024 4025/4025 4023/4023
f 4026/4026 4025/4025 4027/4027
f 4028/4028 4029/4029 4027/4027
f 4030/4030 4029/4029 4031/4031
f 4032/4032 4033/4033 4031/4031
f 4034/4034 4033/4033 4035/4035
f 4036/4036 4037/4037 4035/4035
f 4038/4038 4037/4037 4039/4039
f 4040/4040 4041/4041 4039/4039
f 4042/4042 4041/4041 4043/4043
f 4044/4044 4045/4045 4043/4043
f 4046/4046 4045/4045 4047/4047
f 4048/4048 4049/4049 4047/4047
f 4050/4050 4049/4049 4051/4051
f 4052/4052 4053/4053 4051/4051
f 4054/4054 4053/4053 4055/4055
f 4056/4056 4057/4057 4055/4055
f 4058/4058 4057/4057 4059/4059
f 4060/4060 4061/4061 4059/4059
f 4062/4062 4061/4061 4063/4063
f 4064/4064 4065/4065 4063/4063
f 4066/4066 4065/4065 4067/4067
f 4068/4068 4069/4069 4067/4067
f 4070/4070 4069/4069 4071/4071
f 4072/4072 4073/4073 4071/4071
f 4074/4074 4073/4073 4075/4075
f 4076/4076 4077/4077 4075/4075
f 4078/4078 4077/4077 4079/4079
f 4080/4080 4081/4081 4079/4079
f 4082/4082 4081/4081 3959/3959
f 4083/4083 4084/4084 3959/3959
f 3962/3962 4084/4084 4085/4085
f 4086/4086 4087/4087 4085/4085
f 4088/4088 4087/4087 4089/4089
f 4090/4090 4091/4091 4089/4089
f 4092/4092 4091/4091 4093/4093
f 4094/4094 4095/4095 4093/4093
f 4096/4096 4095/4095 4097/4097
f 4098/4098 4099/4099 4097/4097
f 4100/4100 4099/4099 4101/4101
f 4102/4102 4103/4103 4101/4101
f 4104/4104 4103/4103 4105/4105
f 4106/4106 4107/4107 4105/4105
f 4108/4108 4107/4107 4109/4109
f 4110/4110 4111/4111 4109/4109
f 4112/4112 4111/4111 4113/4113
f 4114/4114 4115/4115 4113/4113
f 4116/4116 4115/4115 4117/4117
f 4118/4118 4119/4119 4117/4117
f 4120/4120 4119/4119 4121/4121
f 4122/4122 4123/4123 4121/4121
f 4124/4124 4123/4123 4125/4125
f 4126/4126 4127/4127 4125/4125
f 4128/4128 4127/4127 4129/4129
f 4130/4130 4131/4131 4129/4129
f 4132/4132 4131/4131 4133/4133
f 4134/4134 4135/4135 4133/4133
f 4136/4136 4135/4135 4137/4137
f 4138/4138 4139/4139 4137/4137
f 4140/4140 4139/4139 4141/4141
f 4142/4142 4021/4021 4141/4141
f 4143/4143 4021/4021 4144/4144
f 4024/4024 4145/4145 4144/4144
f 4146/4146 4145/4145 4147/4147
f 4148/4148 4149/4149 4147/4147
f 4150/4150 4149/4149 4151/4151
f 4152/4152 4153/4153 4151/4151
f 4154/4154 4153/4153 4155/4155
f 4156/4156 4157/4157 4155/4155
f 4158/4158 4157/4157 4159/4159
f 4160/4160 4161/4161 4159/4159
f 4162/4162 4161/4161 4163/4163
f 4164/4164 4165/4165 4163/4163
f 4166/4166 4165/4165 4167/4167
f 4168/4168 4169/4169 4167/4167
f 4170/4170 4169/4169 4171/4171
f 4172/4172 4173/4173 4171/4171
f 4174/4174 4173/4173 4175/4175
f 4176/4176 4177/4177 4175/4175
f 4178/4178 4177/4177 4179/4179
f 4180/4180 4181/4181 4179/4179
f 4182/4182 4181/4181 4183/4183
f 4184/4184 4185/4185 4183/4183
f 4186/4186 4185/4185 4187/4187
f 4188/4188 3973/3973 4187/4187
f 4189/4189 3973/3973 4190/4190
f 4024/4024 4139/4139 4191/4191
f 4142/4142 4135/4135 4191/4191
f 4192/4192 4135/4135 4193/4193
f 4138/4138 4131/4131 4193/4193
f 4194/4194 4131/4131 4195/4195
f 4134/4134 4127/4127 4195/4195
f 4196/4196 4127/4127 4197/4197
f 4130/4130 4123/4123 4197/4197
f 4198/4198 4123/4123 4199/4199
f 4126/4126 4119/4119 4199/4199
f 4200/4200 4119/4119 4201/4201
f 4122/4122 4115/4115 4201/4201
f 4202/4202 4115/4115 4203/4203
f 4118/4118 4111/4111 4203/4203
f 4204/4204 4111/4111 4205/4205
f 4114/4114 4107/4107 4205/4205
f 4206/4206 4107/4107 4207/4207
f 4110/4110 4103/4103 4207/4207
f 4208/4208 4103/4103 4209/4209
f 4106/4106 4099/4099 4209/4209
f 4210/4210 4099/4099 4211/4211
f 4102/4102 4095/4095 4211/4211
f 4212/4212 4095/4095 4213/4213
f 4098/4098 4091/4091 4213/4213
f 4214/4214 4091/4091 4215/4215
f 4094/4094 4087/4087 4215/4215
f 4216/4216 4087/4087 4217/4217
f 4090/4090 4084/4084 4217/4217
f 4218/4218 4084/4084 4219/4219
f 4083/4083 4077/4077 4217/4217
f 4080/4080 4220/4220 4217/4217
f 4218/4218 4220/4220 4215/4215
f 4221/4221 4222/4222 4215/4215
f 4216/4216 4222/4222 4213/4213
f 4223/4223 4224/4224 4213/4213
f 4214/4214 4224/4224 4211/4211
f 4225/4225 4226/4226 4211/4211
f 4212/4212 4226/4226 4209/4209
f 4227/4227 4228/4228 4209/4209
f 4210/4210 4228/4228 4207/4207
f 4229/4229 4230/4230 4207/4207
f 4208/4208 4230/4230 4205/4205
f 4231/4231 4232/4232 4205/4205
f 4206/4206 4232/4232 4203/4203
f 4233/4233 4234/4234 4203/4203
f 4204/4204 4234/4234 4201/4201
f 4235/4235 4236/4236 4201/4201
f 4202/4202 4236/4236 4199/4199
f 4237/4237 4238/4238 4199/4199
f 4200/4200 4238/4238 4197/4197
f 4239/4239 4240/4240 4197/4197
f 4198/4198 4240/4240 4195/4195
f 4241/4241 4242/4242 4195/4195
f 4196/4196 4242/4242 4193/4193
f 4243/4243 4244/4244 4193/4193
f 4194/4194 4244/4244 4191/4191
f 4245/4245 4021/4021 4191/4191
f 4080/4080 4073/4073 4246/4246
f 4076/4076 4247/4247 4246/4246
f 4221/4221 4247/4247 4248/4248
f 4249/4249 4250/4250 4248/4248
f 4223/4223 4250/4250 4251/4251
f 4252/4252 4253/4253 4251/4251
f 4225/4225 4253/4253 4254/4254
f 4255/4255 4256/4256 4254/4254
f 4227/4227 4256/4256 4257/4257
f 4258/4258 4259/4259 4257/4257
f 4229/4229 4259/4259 4260/4260
f 4261/4261 4262/4262 4260/4260
f 4231/4231 4262/4262 4263/4263
f 4264/4264 4265/4265 4263/4263
f 4233/4233 4265/4265 4266/4266
f 4267/4267 4268/4268 4266/4266
f 4235/4235 4268/4268 4269/4269
f 4270/4270 4271/4271 4269/4269
f 4237/4237 4271/4271 4272/4272
f 4273/4273 4274/4274 4272/4272
f 4239/4239 4274/4274 4275/4275
f 4276/4276 4277/4277 4275/4275
f 4241/4241 4277/4277 4278/4278
f 4279/4279 4280/4280 4278/4278
f 4243/4243 4280/4280 4281/4281
f 4282/4282 4021/4021 4281/4281
f 4076/4076 4069/4069 4283/4283
f 4072/4072 4284/4284 4283/4283
f 4249/4249 4284/4284 4285/4285
f 4286/4286 4287/4287 4285/4285
f 4252/4252 4287/4287 4288/4288
f 4289/4289 4290/4290 4288/4288
f 4255/4255 4290/4290 4291/4291
f 4292/4292 4293/4293 4291/4291
f 4258/4258 4293/4293 4294/4294
f 4295/4295 4296/4296 4294/4294
f 4261/4261 4296/4296 4297/4297
f 4298/4298 4299/4299 4297/4297
f 4264/4264 4299/4299 4300/4300
f 4301/4301 4302/4302 4300/4300
f 4267/4267 4302/4302 4303/4303
f 4304/4304 4305/4305 4303/4303
f 4270/4270 4305/4305 4306/4306
f 4307/4307 4308/4308 4306/4306
f 4273/4273 4308/4308 4309/4309
f 4310/4310 4311/4311 4309/4309
f 4276/4276 4311/4311 4312/4312
f 4313/4313 4314/4314 4312/4312
f 4279/4279 4314/4314 4315/4315
f 4316/4316 4021/4021 4315/4315
f 4072/4072 4065/4065 4317/4317
f 4068/4068 4318/4318 4317/4317
f 4286/4286 4318/4318 4319/4319
f 4320/4320 4321/4321 4319/4319
f 4289/4289 4321/4321 4322/4322
f 4323/4323 4324/4324 4322/4322
f 4292/4292 4324/4324 4325/4325
f 4326/4326 4327/4327 4325/4325
f 4295/4295 4327/4327 4328/4328
f 4329/4329 4330/4330 4328/4328
f 4298/4298 4330/4330 4331/4331
f 4332/4332 4333/4333 4331/4331
f 4301/4301 4333/4333 4334/4334
f 4335/4335 4336/4336 4334/4334
f 4304/4304 4336/4336 4337/4337
f 4338/4338 4339/4339 4337/4337
f 4307/4307 4339/4339 4340/4340
f 4341/4341 4342/4342 4340/4340
f 4310/4310 4342/4342 4343/4343
f 4344/4344 4345/4345 4343/4343
f 4313/4313 4345/4345 4346/4346
f 4347/4347 4021/4021 4346/4346
f 4068/4068 4061/4061 4348/4348
f 4064/4064 4349/4349 4348/4348
f 4320/4320 4349/4349 4350/4350
f 4351/4351 4352/4352 4350/4350
f 4323/4323 4352/4352 4353/4353
f 4354/4354 4355/4355 4353/4353
f 4326/4326 4355/4355 4356/4356
f 4357/4357 4358/4358 4356/4356
f 4329/4329 4358/4358 4359/4359
f 4360/4360 4361/4361 4359/4359
f 4332/4332 4361/4361 4362/4362
f 4363/4363 4364/4364 4362/4362
f 4335/4335 4364/4364 4365/4365
f 4366/4366 4367/4367 4365/4365
f 4338/4338 4367/4367 4368/4368
f 4369/4369 4370/4370 4368/4368
f 4341/4341 4370/4370 4371/4371
f 4372/4372 4373/4373 4371/4371
f 4344/4344 4373/4373 4374/4374
f 4375/4375 4021/4021 4374/4374
f 4064/4064 4057/4057 4376/4376
f 4060/4060 4377/4377 4376/4376
f 4351/4351 4377/4377 4378/4378
f 4379/4379 4380/4380 4378/4378
f 4354/4354 4380/4380 4381/4381
f 4382/4382 4383/4383 4381/4381
f 4357/4357 4383/4383 4384/4384
f 4385/4385 4386/4386 4384/4384
f 4360/4360 4386/4386 4387/4387
f 4388/4388 4389/4389 4387/4387
f 4363/4363 4389/4389 4390/4390
f 4391/4391 4392/4392 4390/4390
f 4366/4366 4392/4392 4393/4393
f 4394/4394 4395/4395 4393/4393
f 4369/4369 4395/4395 4396/4396
f 4397/4397 4398/4398 4396/4396
f 4372/4372 4398/4398 4399/4399
f 4400/4400 4021/4021 4399/4399
f 4060/4060 4053/4053 4401/4401
f 4056/4056 4402/4402 4401/4401
f 4379/4379 4402/4402 4403/4403
f 4404/4404 4405/4405 4403/4403
f 4382/4382 4405/4405 4406/4406
f 4407/4407 4408/4408 4406/4406
f 4385/4385 4408/4408 4409/4409
f 4410/4410 4411/4411 4409/4409
f 4388/4388 4411/4411 4412/4412
f 4413/4413 4414/4414 4412/4412
f 4391/4391 4414/4414 4415/4415
f 4416/4416 4417/4417 4415/4415
f 4394/4394 4417/4417 4418/4418
f 4419/4419 4420/4420 4418/4418
f 4397/4397 4420/4420 4421/4421
f 4422/4422 4021/4021 4421/4421
f 4056/4056 4049/4049 4423/4423
f 4052/4052 4424/4424 4423/4423
f 4404/4404 4424/4424 4425/4425
f 4426/4426 4427/4427 4425/4425
f 4407/4407 4427/4427 4428/4428
f 4429/4429 4430/4430 4428/4428
f 4410/4410 4430/4430 4431/4431
f 4432/4432 4433/4433 4431/4431
f 4413/4413 4433/4433 4434/4434
f 4435/4435 4436/4436 4434/4434
f 4416/4416 4436/4436 4437/4437
f 4438/4438 4439/4439 4437/4437
f 4419/4419 4439/4439 4440/4440
f 4441/4441 4021/4021 4440/4440
f 4052/4052 4045/4045 4442/4442
f 4048/4048 4443/4443 4442/4442
f 4426/4426 4443/4443 4444/4444
f 4445/4445 4446/4446 4444/4444
f 4429/4429 4446/4446 4447/4447
f 4448/4448 4449/4449 4447/4447
f 4432/4432 4449/4449 4450/4450
f 4451/4451 4452/4452 4450/4450
f 4435/4435 4452/4452 4453/4453
f 4454/4454 4455/4455 4453/4453
f 4438/4438 4455/4455 4456/4456
f 4457/4457 4021/4021 4456/4456
f 4048/4048 4041/4041 4458/4458
f 4044/4044 4459/4459 4458/4458
f 4445/4445 4459/4459 4460/4460
f 4461/4461 4462/4462 4460/4460
f 4448/4448 4462/4462 4463/4463
f 4464/4464 4465/4465 4463/4463
f 4451/4451 4465/4465 4466/4466
f 4467/4467 4468/4468 4466/4466
f 4454/4454 4468/4468 4469/4469
f 4470/4470 4021/4021 4469/4469
f 4044/4044 4037/4037 4471/4471
f 4040/4040 4472/4472 4471/4471
f 4461/4461 4472/4472 4473/4473
f 4474/4474 4475/4475 4473/4473
f 4464/4464 4475/4475 4476/4476
f 4477/4477 4478/4478 4476/4476
f 4467/4467 4478/4478 4479/4479
f 4480/4480 4021/4021 4479/4479
f 4040/4040 4033/4033 4481/4481
f 4036/4036 4482/4482 4481/4481
f 4474/4474 4482/4482 4483/4483
f 4484/4484 4485/4485 4483/4483
f 4477/4477 4485/4485 4486/4486
f 4487/4487 4021/4021 4486/4486
f 4036/4036 4029/4029 4488/4488
f 4032/4032 4489/4489 4488/4488
f 4484/4484 4489/4489 4490/4490
f 4491/4491 4021/4021 4490/4490
f 4024/4024 4489/4489 4492/4492
f 4491/4491 4029/4029 4492/4492
f 3976/3976 4185/4185 4493/4493
f 4188/4188 4494/4494 4493/4493
f 3980/3980 4494/4494 4495/4495
f 4496/4496 4497/4497 4495/4495
f 3984/3984 4497/4497 4498/4498
f 4499/4499 4500/4500 4498/4498
f 3988/3988 4500/4500 4501/4501
f 4502/4502 4503/4503 4501/4501
f 3992/3992 4503/4503 4504/4504
f 4505/4505 4506/4506 4504/4504
f 3996/3996 4506/4506 4507/4507
f 4508/4508 4509/4509 4507/4507
f 4000/4000 4509/4509 4510/4510
f 4511/4511 4512/4512 4510/4510
f 4004/4004 4512/4512 4513/4513
f 4514/4514 4515/4515 4513/4513
f 4008/4008 4515/4515 4516/4516
f 4517/4517 4518/4518 4516/4516
f 4012/4012 4518/4518 4519/4519
f 4520/4520 4521/4521 4519/4519
f 4016/4016 4521/4521 4522/4522
f 4523/4523 4021/4021 4522/4522
f 4188/4188 4181/4181 4524/4524
f 4184/4184 4525/4525 4524/4524
f 4496/4496 4525/4525 4526/4526
f 4527/4527 4528/4528 4526/4526
f 4499/4499 4528/4528 4529/4529
f 4530/4530 4531/4531 4529/4529
f 4502/4502 4531/4531 4532/4532
f 4533/4533 4534/4534 4532/4532
f 4505/4505 4534/4534 4535/4535
f 4536/4536 4537/4537 4535/4535
f 4508/4508 4537/4537 4538/4538
f 4539/4539 4540/4540 4538/4538
f 4511/4511 4540/4540 4541/4541
f 4542/4542 4543/4543 4541/4541
f 4514/4514 4543/4543 4544/4544
f 4545/4545 4546/4546 4544/4544
f 4517/4517 4546/4546 4547/4547
f 4548/4548 4549/4549 4547/4547
f 4520/4520 4549/4549 4550/4550
f 4551/4551 4021/4021 4550/4550
f 4184/4184 4177/4177 4552/4552
f 4180/4180 4553/4553 4552/4552
f 4527/4527 4553/4553 4554/4554
f 4555/4555 4556/4556 4554/4554
f 4530/4530 4556/4556 4557/4557
f 4558/4558 4559/4559 4557/4557
f 4533/4533 4559/4559 4560/4560
f 4561/4561 4562/4562 4560/4560
f 4536/4536 4562/4562 4563/4563
f 4564/4564 4565/4565 4563/4563
f 4539/4539 4565/4565 4566/4566
f 4567/4567 4568/4568 4566/4566
f 4542/4542 4568/4568 4569/4569
f 4570/4570 4571/4571 4569/4569
f 4545/4545 4571/4571 4572/4572
f 4573/4573 4574/4574 4572/4572
f 4548/4548 4574/4574 4575/4575
f 4576/4576 4021/4021 4575/4575
f 4180/4180 4173/4173 4577/4577
f 4176/4176 4578/4578 4577/4577
f 4555/4555 4578/4578 4579/4579
f 4580/4580 4581/4581 4579/4579
f 4558/4558 4581/4581 4582/4582
f 4583/4583 4584/4584 4582/4582
f 4561/4561 4584/4584 4585/4585
f 4586/4586 4587/4587 4585/4585
f 4564/4564 4587/4587 4588/4588
f 4589/4589 4590/4590 4588/4588
f 4567/4567 4590/4590 4591/4591
f 4592/4592 4593/4593 4591/4591
f 4570/4570 4593/4593 4594/4594
f 4595/4595 4596/4596 4594/4594
f 4573/4573 4596/4596 4597/4597
f 4598/4598 4021/4021 4597/4597
f 4176/4176 4169/4169 4599/4599
f 4172/4172 4600/4600 4599/4599
f 4580/4580 4600/4600 4601/4601
f 4602/4602 4603/4603 4601/4601
f 4583/4583 4603/4603 4604/4604
f 4605/4605 4606/4606 4604/4604
f 4586/4586 4606/4606 4607/4607
f 4608/4608 4609/4609 4607/4607
f 4589/4589 4609/4609 4610/4610
f 4611/4611 4612/4612 4610/4610
f 4592/4592 4612/4612 4613/4613
f 4614/4614 4615/4615 4613/4613
f 4595/4595 4615/4615 4616/4616
f 4617/4617 4021/4021 4616/4616
f 4172/4172 4165/4165 4618/4618
f 4168/4168 4619/4619 4618/4618
f 4602/4602 4619/4619 4620/4620
f 4621/4621 4622/4622 4620/4620
f 4605/4605 4622/4622 4623/4623
f 4624/4624 4625/4625 4623/4623
f 4608/4608 4625/4625 4626/4626
f 4627/4627 4628/4628 4626/4626
f 4611/4611 4628/4628 4629/4629
f 4630/4630 4631/4631 4629/4629
f 4614/4614 4631/4631 4632/4632
f 4633/4633 4021/4021 4632/4632
f 4168/4168 4161/4161 4634/4634
f 4164/4164 4635/4635 4634/4634
f 4621/4621 4635/4635 4636/4636
f 4637/4637 4638/4638 4636/4636
f 4624/4624 4638/4638 4639/4639
f 4640/4640 4641/4641 4639/4639
f 4627/4627 4641/4641 4642/4642
f 4643/4643 4644/4644 4642/4642
f 4630/4630 4644/4644 4645/4645
f 4646/4646 4021/4021 4645/4645
f 4164/4164 4157/4157 4647/4647
f 4160/4160 4648/4648 4647/4647
f 4637/4637 4648/4648 4649/4649
f 4650/4650 4651/4651 4649/4649
f 4640/4640 4651/4651 4652/4652
f 4653/4653 4654/4654 4652/4652
f 4643/4643 4654/4654 4655/4655
f 4656/4656 4021/4021 4655/4655
f 4160/4160 4153/4153 4657/4657
f 4156/4156 4658/4658 4657/4657
f 4650/4650 4658/4658 4659/4659
f 4660/4660 4661/4661 4659/4659
f 4653/4653 4661/4661 4662/4662
f 4663/4663 4021/4021 4662/4662
f 4156/4156 4149/4149 4664/4664
f 4152/4152 4665/4665 4664/4664
f 4660/4660 4665/4665 4666/4666
f 4667/4667 4021/4021 4666/4666
f 4024/4024 4665/4665 4668/4668
f 4667/4667 4149/4149 4668/4668
f 4088/4088 4669/4669 4670/4670
f 4092/4092 4671/4671 4670/4670
f 4672/4672 4671/4671 4673/4673
f 4674/4674 4675/4675 4673/4673
f 4676/4676 4675/4675 4677/4677
f 4678/4678 4679/4679 4677/4677
f 4680/4680 4679/4679 4681/4681
f 4682/4682 4683/4683 4681/4681
f 4684/4684 4683/4683 4685/4685
f 4686/4686 4687/4687 4685/4685
f 4688/4688 4687/4687 4689/4689
f 4690/4690 4691/4691 4689/4689
f 4692/4692 4691/4691 4693/4693
f 4694/4694 4695/4695 4693/4693
f 4696/4696 4695/4695 4697/4697
f 4698/4698 4699/4699 4697/4697
f 4700/4700 4699/4699 4701/4701
f 4702/4702 4703/4703 4701/4701
f 4704/4704 4703/4703 4705/4705
f 4706/4706 4707/4707 4705/4705
f 4708/4708 4707/4707 3955/3955
f 4092/4092 4709/4709 4710/4710
f 4096/4096 4711/4711 4710/4710
f 4674/4674 4711/4711 4712/4712
f 4713/4713 4714/4714 4712/4712
f 4678/4678 4714/4714 4715/4715
f 4716/4716 4717/4717 4715/4715
f 4682/4682 4717/4717 4718/4718
f 4719/4719 4720/4720 4718/4718
f 4686/4686 4720/4720 4721/4721
f 4722/4722 4723/4723 4721/4721
f 4690/4690 4723/4723 4724/4724
f 4725/4725 4726/4726 4724/4724
f 4694/4694 4726/4726 4727/4727
f 4728/4728 4729/4729 4727/4727
f 4698/4698 4729/4729 4730/4730
f 4731/4731 4732/4732 4730/4730
f 4702/4702 4732/4732 4733/4733
f 4734/4734 4735/4735 4733/4733
f 4706/4706 4735/4735 3951/3951
f 4096/4096 4736/4736 4737/4737
f 4100/4100 4738/4738 4737/4737
f 4713/4713 4738/4738 4739/4739
f 4740/4740 4741/4741 4739/4739
f 4716/4716 4741/4741 4742/4742
f 4743/4743 4744/4744 4742/4742
f 4719/4719 4744/4744 4745/4745
f 4746/4746 4747/4747 4745/4745
f 4722/4722 4747/4747 4748/4748
f 4749/4749 4750/4750 4748/4748
f 4725/4725 4750/4750 4751/4751
f 4752/4752 4753/4753 4751/4751
f 4728/4728 4753/4753 4754/4754
f 4755/4755 4756/4756 4754/4754
f 4731/4731 4756/4756 4757/4757
f 4758/4758 4759/4759 4757/4757
f 4734/4734 4759/4759 3947/3947
f 4100/4100 4760/4760 4761/4761
f 4104/4104 4762/4762 4761/4761
f 4740/4740 4762/4762 4763/4763
f 4764/4764 4765/4765 4763/4763
f 4743/4743 4765/4765 4766/4766
f 4767/4767 4768/4768 4766/4766
f 4746/4746 4768/4768 4769/4769
f 4770/4770 4771/4771 4769/4769
f 4749/4749 4771/4771 4772/4772
f 4773/4773 4774/4774 4772/4772
f 4752/4752 4774/4774 4775/4775
f 4776/4776 4777/4777 4775/4775
f 4755/4755 4777/4777 4778/4778
f 4779/4779 4780/4780 4778/4778
f 4758/4758 4780/4780 3943/3943
f 4104/4104 4781/4781 4782/4782
f 4108/4108 4783/4783 4782/4782
f 4764/4764 4783/4783 4784/4784
f 4785/4785 4786/4786 4784/4784
f 4767/4767 4786/4786 4787/4787
f 4788/4788 4789/4789 4787/4787
f 4770/4770 4789/4789 4790/4790
f 4791/4791 4792/4792 4790/4790
f 4773/4773 4792/4792 4793/4793
f 4794/4794 4795/4795 4793/4793
f 4776/4776 4795/4795 4796/4796
f 4797/4797 4798/4798 4796/4796
f 4779/4779 4798/4798 3939/3939
f 4108/4108 4799/4799 4800/4800
f 4112/4112 4801/4801 4800/4800
f 4785/4785 4801/4801 4802/4802
f 4803/4803 4804/4804 4802/4802
f 4788/4788 4804/4804 4805/4805
f 4806/4806 4807/4807 4805/4805
f 4791/4791 4807/4807 4808/4808
f 4809/4809 4810/4810 4808/4808
f 4794/4794 4810/4810 4811/4811
f 4812/4812 4813/4813 4811/4811
f 4797/4797 4813/4813 3935/3935
f 4112/4112 4814/4814 4815/4815
f 4116/4116 4816/4816 4815/4815
f 4803/4803 4816/4816 4817/4817
f 4818/4818 4819/4819 4817/4817
f 4806/4806 4819/4819 4820/4820
f 4821/4821 4822/4822 4820/4820
f 4809/4809 4822/4822 4823/4823
f 4824/4824 4825/4825 4823/4823
f 4812/4812 4825/4825 3931/3931
f 4116/4116 4826/4826 4827/4827
f 4120/4120 4828/4828 4827/4827
f 4818/4818 4828/4828 4829/4829
f 4830/4830 4831/4831 4829/4829
f 4821/4821 4831/4831 4832/4832
f 4833/4833 4834/4834 4832/4832
f 4824/4824 4834/4834 3927/3927
f 4120/4120 4835/4835 4836/4836
f 4124/4124 4837/4837 4836/4836
f 4830/4830 4837/4837 4838/4838
f 4839/4839 4840/4840 4838/4838
f 4833/4833 4840/4840 3923/3923
f 4124/4124 4841/4841 4842/4842
f 4128/4128 4843/4843 4842/4842
f 4839/4839 4843/4843 4844/4844
f 4845/4845 4846/4846 4844/4844
f 3921/3921 4846/4846 4847/4847
f 4848/4848 4849/4849 4847/4847
f 3924/3924 4849/4849 4850/4850
f 4851/4851 4852/4852 4850/4850
f 4853/4853 4852/4852 4854/4854
f 4855/4855 4856/4856 4854/4854
f 4857/4857 4856/4856 4163/4163
f 3924/3924 4858/4858 4859/4859
f 4853/4853 4860/4860 4859/4859
f 3928/3928 4860/4860 4861/4861
f 4862/4862 4863/4863 4861/4861
f 3932/3932 4863/4863 4864/4864
f 4865/4865 4866/4866 4864/4864
f 3936/3936 4866/4866 4867/4867
f 4868/4868 4869/4869 4867/4867
f 3940/3940 4869/4869 4870/4870
f 4871/4871 4872/4872 4870/4870
f 3944/3944 4872/4872 4873/4873
f 4874/4874 4875/4875 4873/4873
f 3948/3948 4875/4875 4876/4876
f 4877/4877 4878/4878 4876/4876
f 3952/3952 4878/4878 4879/4879
f 4880/4880 4881/4881 4879/4879
f 3956/3956 4881/4881 4882/4882
f 4883/4883 3961/3961 4882/4882
f 4853/4853 4884/4884 4885/4885
f 4857/4857 4886/4886 4885/4885
f 4862/4862 4886/4886 4887/4887
f 4888/4888 4889/4889 4887/4887
f 4865/4865 4889/4889 4890/4890
f 4891/4891 4892/4892 4890/4890
f 4868/4868 4892/4892 4893/4893
f 4894/4894 4895/4895 4893/4893
f 4871/4871 4895/4895 4896/4896
f 4897/4897 4898/4898 4896/4896
f 4874/4874 4898/4898 4899/4899
f 4900/4900 4901/4901 4899/4899
f 4877/4877 4901/4901 4902/4902
f 4903/4903 4904/4904 4902/4902
f 4880/4880 4904/4904 4905/4905
f 4906/4906 3965/3965 4905/4905
f 4883/4883 3965/3965 4907/4907
f 4857/4857 4908/4908 4909/4909
f 4166/4166 4910/4910 4909/4909
f 4888/4888 4910/4910 4911/4911
f 4170/4170 4912/4912 4911/4911
f 4891/4891 4912/4912 4913/4913
f 4174/4174 4914/4914 4913/4913
f 4894/4894 4914/4914 4915/4915
f 4178/4178 4916/4916 4915/4915
f 4897/4897 4916/4916 4917/4917
f 4182/4182 4918/4918 4917/4917
f 4900/4900 4918/4918 4919/4919
f 4186/4186 4920/4920 4919/4919
f 4903/4903 4920/4920 4921/4921
f 4189/4189 3969/3969 4921/4921
f 4906/4906 3969/3969 4922/4922
f 4088/4088 4923/4923 3959/3959
f 4672/4672 4924/4924 3959/3959
f 3962/3962 4924/4924 4677/4677
f 4680/4680 4925/4925 3959/3959
f 4684/4684 4926/4926 3959/3959
f 3962/3962 4926/4926 4689/4689
f 4692/4692 4927/4927 3959/3959
f 4696/4696 4928/4928 3959/3959
f 3962/3962 4928/4928 4701/4701
f 4704/4704 4929/4929 3959/3959
f 4708/4708 4930/4930 3959/3959
f 4162/4162 4852/4852 4155/4155
f 4855/4855 4931/4931 4155/4155
f 4158/4158 4931/4931 4151/4151
f 4932/4932 4933/4933 4151/4151
f 4154/4154 4933/4933 4147/4147
f 4934/4934 4935/4935 4147/4147
f 4150/4150 4935/4935 4144/4144
f 4936/4936 4937/4937 4144/4144
f 4143/4143 4935/4935 4137/4137
f 4936/4936 4938/4938 4137/4137
f 4140/4140 4938/4938 4133/4133
f 4939/4939 4940/4940 4133/4133
f 4136/4136 4940/4940 4129/4129
f 4941/4941 4843/4843 4129/4129
f 4132/4132 4843/4843 4125/4125
f 4845/4845 4940/4940 4942/4942
f 4941/4941 4943/4943 4942/4942
f 4848/4848 4943/4943 4944/4944
f 4945/4945 4931/4931 4944/4944
f 4851/4851 4931/4931 4946/4946
f 4932/4932 4943/4943 4947/4947
f 4945/4945 4938/4938 4947/4947
f 4934/4934 4938/4938 4948/4948
f 3982/3982 4949/4949 3975/3975
f 4950/4950 4951/4951 3975/3975
f 3978/3978 4951/4951 3971/3971
f 4952/4952 4953/4953 3971/3971
f 3974/3974 4953/4953 3967/3967
f 4954/4954 4955/4955 3967/3967
f 3970/3970 4955/4955 3963/3963
f 4956/4956 4957/4957 3963/3963
f 4950/4950 4958/4958 4959/4959
f 3982/3982 4960/4960 4959/4959
f 4961/4961 4960/4960 4962/4962
f 3986/3986 4963/4963 4962/4962
f 4964/4964 4963/4963 4965/4965
f 3990/3990 4966/4966 4965/4965
f 4967/4967 4966/4966 4968/4968
f 3994/3994 4969/4969 4968/4968
f 4970/4970 4969/4969 4971/4971
f 3998/3998 4972/4972 4971/4971
f 4973/4973 4972/4972 4974/4974
f 4002/4002 4975/4975 4974/4974
f 4976/4976 4975/4975 4977/4977
f 4006/4006 4978/4978 4977/4977
f 4979/4979 4978/4978 4980/4980
f 4010/4010 4981/4981 4980/4980
f 4982/4982 4981/4981 4983/4983
f 4014/4014 4984/4984 4983/4983
f 4985/4985 4984/4984 4986/4986
f 4018/4018 4987/4987 4986/4986
f 4988/4988 4987/4987 4023/4023
f 4026/4026 4989/4989 4986/4986
f 4030/4030 4990/4990 4986/4986
f 4988/4988 4990/4990 4983/4983
f 4991/4991 4992/4992 4983/4983
f 4985/4985 4992/4992 4980/4980
f 4993/4993 4994/4994 4980/4980
f 4982/4982 4994/4994 4977/4977
f 4995/4995 4996/4996 4977/4977
f 4979/4979 4996/4996 4974/4974
f 4997/4997 4998/4998 4974/4974
f 4976/4976 4998/4998 4971/4971
f 4999/4999 5000/5000 4971/4971
f 4973/4973 5000/5000 4968/4968
f 5001/5001 5002/5002 4968/4968
f 4970/4970 5002/5002 4965/4965
f 5003/5003 5004/5004 4965/4965
f 4967/4967 5004/5004 4962/4962
f 5005/5005 5006/5006 4962/4962
f 4964/4964 5006/5006 4959/4959
f 5007/5007 5008/5008 4959/4959
f 4961/4961 5008/5008 5009/5009
f 5010/5010 5011/5011 5009/5009
f 4950/4950 5011/5011 5012/5012
f 5013/5013 5014/5014 5012/5012
f 4952/4952 5014/5014 5015/5015
f 5016/5016 5017/5017 5015/5015
f 4954/4954 5017/5017 5018/5018
f 5019/5019 4957/4957 5018/5018
f 4030/4030 5020/5020 5021/5021
f 4034/4034 5022/5022 5021/5021
f 4991/4991 5022/5022 5023/5023
f 5024/5024 5025/5025 5023/5023
f 4993/4993 5025/5025 5026/5026
f 5027/5027 5028/5028 5026/5026
f 4995/4995 5028/5028 5029/5029
f 5030/5030 5031/5031 5029/5029
f 4997/4997 5031/5031 5032/5032
f 5033/5033 5034/5034 5032/5032
f 4999/4999 5034/5034 5035/5035
f 5036/5036 5037/5037 5035/5035
f 5001/5001 5037/5037 5038/5038
f 5039/5039 5040/5040 5038/5038
f 5003/5003 5040/5040 5041/5041
f 5042/5042 5043/5043 5041/5041
f 5005/5005 5043/5043 5044/5044
f 5045/5045 5046/5046 5044/5044
f 5007/5007 5046/5046 5047/5047
f 5048/5048 5049/5049 5047/5047
f 5010/5010 5049/5049 5050/5050
f 5051/5051 5052/5052 5050/5050
f 5013/5013 5052/5052 5053/5053
f 5054/5054 5055/5055 5053/5053
f 5016/5016 5055/5055 5056/5056
f 5057/5057 4957/4957 5056/5056
f 4034/4034 5058/5058 5059/5059
f 4038/4038 5060/5060 5059/5059
f 5024/5024 5060/5060 5061/5061
f 5062/5062 5063/5063 5061/5061
f 5027/5027 5063/5063 5064/5064
f 5065/5065 5066/5066 5064/5064
f 5030/5030 5066/5066 5067/5067
f 5068/5068 5069/5069 5067/5067
f 5033/5033 5069/5069 5070/5070
f 5071/5071 5072/5072 5070/5070
f 5036/5036 5072/5072 5073/5073
f 5074/5074 5075/5075 5073/5073
f 5039/5039 5075/5075 5076/5076
f 5077/5077 5078/5078 5076/5076
f 5042/5042 5078/5078 5079/5079
f 5080/5080 5081/5081 5079/5079
f 5045/5045 5081/5081 5082/5082
f 5083/5083 5084/5084 5082/5082
f 5048/5048 5084/5084 5085/5085
f 5086/5086 5087/5087 5085/5085
f 5051/5051 5087/5087 5088/5088
f 5089/5089 5090/5090 5088/5088
f 5054/5054 5090/5090 5091/5091
f 5092/5092 4957/4957 5091/5091
f 4038/4038 5093/5093 5094/5094
f 4042/4042 5095/5095 5094/5094
f 5062/5062 5095/5095 5096/5096
f 5097/5097 5098/5098 5096/5096
f 5065/5065 5098/5098 5099/5099
f 5100/5100 5101/5101 5099/5099
f 5068/5068 5101/5101 5102/5102
f 5103/5103 5104/5104 5102/5102
f 5071/5071 5104/5104 5105/5105
f 5106/5106 5107/5107 5105/5105
f 5074/5074 5107/5107 5108/5108
f 5109/5109 5110/5110 5108/5108
f 5077/5077 5110/5110 5111/5111
f 5112/5112 5113/5113 5111/5111
f 5080/5080 5113/5113 5114/5114
f 5115/5115 5116/5116 5114/5114
f 5083/5083 5116/5116 5117/5117
f 5118/5118 5119/5119 5117/5117
f 5086/5086 5119/5119 5120/5120
f 5121/5121 5122/5122 5120/5120
f 5089/5089 5122/5122 5123/5123
f 5124/5124 4957/4957 5123/5123
f 4042/4042 5125/5125 5126/5126
f 4046/4046 5127/5127 5126/5126
f 5097/5097 5127/5127 5128/5128
f 5129/5129 5130/5130 5128/5128
f 5100/5100 5130/5130 5131/5131
f 5132/5132 5133/5133 5131/5131
f 5103/5103 5133/5133 5134/5134
f 5135/5135 5136/5136 5134/5134
f 5106/5106 5136/5136 5137/5137
f 5138/5138 5139/5139 5137/5137
f 5109/5109 5139/5139 5140/5140
f 5141/5141 5142/5142 5140/5140
f 5112/5112 5142/5142 5143/5143
f 5144/5144 5145/5145 5143/5143
f 5115/5115 5145/5145 5146/5146
f 5147/5147 5148/5148 5146/5146
f 5118/5118 5148/5148 5149/5149
f 5150/5150 5151/5151 5149/5149
f 5121/5121 5151/5151 5152/5152
f 5153/5153 4957/4957 5152/5152
f 4046/4046 5154/5154 5155/5155
f 4050/4050 5156/5156 5155/5155
f 5129/5129 5156/5156 5157/5157
f 5158/5158 5159/5159 5157/5157
f 5132/5132 5159/5159 5160/5160
f 5161/5161 5162/5162 5160/5160
f 5135/5135 5162/5162 5163/5163
f 5164/5164 5165/5165 5163/5163
f 5138/5138 5165/5165 5166/5166
f 5167/5167 5168/5168 5166/5166
f 5141/5141 5168/5168 5169/5169
f 5170/5170 5171/5171 5169/5169
f 5144/5144 5171/5171 5172/5172
f 5173/5173 5174/5174 5172/5172
f 5147/5147 5174/5174 5175/5175
f 5176/5176 5177/5177 5175/5175
f 5150/5150 5177/5177 5178/5178
f 5179/5179 4957/4957 5178/5178
f 4050/4050 5180/5180 5181/5181
f 4054/4054 5182/5182 5181/5181
f 5158/5158 5182/5182 5183/5183
f 5184/5184 5185/5185 5183/5183
f 5161/5161 5185/5185 5186/5186
f 5187/5187 5188/5188 5186/5186
f 5164/5164 5188/5188 5189/5189
f 5190/5190 5191/5191 5189/5189
f 5167/5167 5191/5191 5192/5192
f 5193/5193 5194/5194 5192/5192
f 5170/5170 5194/5194 5195/5195
f 5196/5196 5197/5197 5195/5195
f 5173/5173 5197/5197 5198/5198
f 5199/5199 5200/5200 5198/5198
f 5176/5176 5200/5200 5201/5201
f 5202/5202 4957/4957 5201/5201
f 4054/4054 5203/5203 5204/5204
f 4058/4058 5205/5205 5204/5204
f 5184/5184 5205/5205 5206/5206
f 5207/5207 5208/5208 5206/5206
f 5187/5187 5208/5208 5209/5209
f 5210/5210 5211/5211 5209/5209
f 5190/5190 5211/5211 5212/5212
f 5213/5213 5214/5214 5212/5212
f 5193/5193 5214/5214 5215/5215
f 5216/5216 5217/5217 5215/5215
f 5196/5196 5217/5217 5218/5218
f 5219/5219 5220/5220 5218/5218
f 5199/5199 5220/5220 5221/5221
f 5222/5222 4957/4957 5221/5221
f 4058/4058 5223/5223 5224/5224
f 4062/4062 5225/5225 5224/5224
f 5207/5207 5225/5225 5226/5226
f 5227/5227 5228/5228 5226/5226
f 5210/5210 5228/5228 5229/5229
f 5230/5230 5231/5231 5229/5229
f 5213/5213 5231/5231 5232/5232
f 5233/5233 5234/5234 5232/5232
f 5216/5216 5234/5234 5235/5235
f 5236/5236 5237/5237 5235/5235
f 5219/5219 5237/5237 5238/5238
f 5239/5239 4957/4957 5238/5238
f 4062/4062 5240/5240 5241/5241
f 4066/4066 5242/5242 5241/5241
f 5227/5227 5242/5242 5243/5243
f 5244/5244 5245/5245 5243/5243
f 5230/5230 5245/5245 5246/5246
f 5247/5247 5248/5248 5246/5246
f 5233/5233 5248/5248 5249/5249
f 5250/5250 5251/5251 5249/5249
f 5236/5236 5251/5251 5252/5252
f 5253/5253 4957/4957 5252/5252
f 4066/4066 5254/5254 5255/5255
f 4070/4070 5256/5256 5255/5255
f 5244/5244 5256/5256 5257/5257
f 5258/5258 5259/5259 5257/5257
f 5247/5247 5259/5259 5260/5260
f 5261/5261 5262/5262 5260/5260
f 5250/5250 5262/5262 5263/5263
f 5264/5264 4957/4957 5263/5263
f 4070/4070 5265/5265 5266/5266
f 4074/4074 5267/5267 5266/5266
f 5258/5258 5267/5267 5268/5268
f 5269/5269 5270/5270 5268/5268
f 5261/5261 5270/5270 5271/5271
f 5272/5272 4957/4957 5271/5271
f 4074/4074 5273/5273 5274/5274
f 4078/4078 5275/5275 5274/5274
f 5269/5269 5275/5275 5276/5276
f 5277/5277 4957/4957 5276/5276
f 3962/3962 5275/5275 4079/4079
f 5277/5277 5273/5273 4079/4079

g Object_Material.002_2

usemtl Material.002

f 4941/4941 4938/4938 5278/5278

g Object_Material.001_3

usemtl Material.001

f 5279/5279 5280/5280 5281/5281
f 5280/5280 5282/5282 5281/5281
f 5281/5281 5282/5282 5283/5283
f 5282/5282 5284/5284 5283/5283
f 5283/5283 5284/5284 5285/5285
f 5283/5283 5285/5285 5286/5286
f 5285/5285 5287/5287 5286/5286
f 5286/5286 5287/5287 5288/5288
f 5287/5287 5289/5289 5288/5288
f 5288/5288 5289/5289 5290/5290
f 5289/5289 5291/5291 5290/5290
f 5290/5290 5291/5291 5292/5292
f 5290/5290 5293/5293 5288/5288
f 5293/5293 5294/5294 5288/5288
f 5294/5294 5293/5293 5295/5295
f 5293/5293 5296/5296 5295/5295
f 5295/5295 5296/5296 5297/5297
f 5298/5298 5299/5299 5300/5300
f 5299/5299 5301/5301 5300/5300
f 5300/5300 5301/5301 5302/5302
f 5301/5301 5303/5303 5302/5302
f 5302/5302 5303/5303 5304/5304
f 5303/5303 5305/5305 5304/5304
f 5304/5304 5305/5305 5306/5306
f 5305/5305 5307/5307 5306/5306
f 5306/5306 5307/5307 5308/5308
f 5307/5307 5309/5309 5308/5308
f 5308/5308 5309/5309 5310/5310
f 5309/5309 5311/5311 5310/5310
f 5310/5310 5311/5311 5312/5312
f 5311/5311 5313/5313 5312/5312
f 5312/5312 5313/5313 5314/5314
f 5313/5313 5315/5315 5314/5314
f 5314/5314 5315/5315 5316/5316
f 5315/5315 5317/5317 5316/5316
f 5316/5316 5317/5317 5318/5318
f 5317/5317 5319/5319 5318/5318
f 5318/5318 5319/5319 5320/5320
f 5319/5319 5321/5321 5320/5320
f 5320/5320 5321/5321 5322/5322
f 5321/5321 5323/5323 5322/5322
f 5299/5299 5324/5324 5301/5301
f 5324/5324 5325/5325 5301/5301
f 5301/5301 5325/5325 5303/5303
f 5325/5325 5326/5326 5303/5303
f 5303/5303 5326/5326 5305/5305
f 5326/5326 5327/5327 5305/5305
f 5305/5305 5327/5327 5307/5307
f 5327/5327 5328/5328 5307/5307
f 5307/5307 5328/5328 5309/5309
f 5328/5328 5329/5329 5309/5309
f 5309/5309 5329/5329 5311/5311
f 5329/5329 5330/5330 5311/5311
f 5311/5311 5330/5330 5313/5313
f 5330/5330 5331/5331 5313/5313
f 5313/5313 5331/5331 5315/5315
f 5331/5331 5332/5332 5315/5315
f 5315/5315 5332/5332 5317/5317
f 5332/5332 5333/5333 5317/5317
f 5317/5317 5333/5333 5319/5319
f 5333/5333 5334/5334 5319/5319
f 5319/5319 5334/5334 5321/5321
f 5334/5334 5335/5335 5321/5321
f 5321/5321 5335/5335 5323/5323
f 5335/5335 5336/5336 5323/5323
f 5324/5324 5337/5337 5325/5325
f 5337/5337 5338/5338 5325/5325
f 5325/5325 5338/5338 5326/5326
f 5338/5338 5339/5339 5326/5326
f 5326/5326 5339/5339 5327/5327
f 5339/5339 5340/5340 5327/5327
f 5327/5327 5340/5340 5328/5328
f 5340/5340 5341/5341 5328/5328
f 5328/5328 5341/5341 5329/5329
f 5341/5341 5342/5342 5329/5329
f 5329/5329 5342/5342 5330/5330
f 5342/5342 5343/5343 5330/5330
f 5330/5330 5343/5343 5331/5331
f 5343/5343 5344/5344 5331/5331
f 5331/5331 5344/5344 5332/5332
f 5344/5344 5345/5345 5332/5332
f 5332/5332 5345/5345 5333/5333
f 5345/5345 5346/5346 5333/5333
f 5333/5333 5346/5346 5334/5334
f 5346/5346 5347/5347 5334/5334
f 5334/5334 5347/5347 5335/5335
f 5347/5347 5348/5348 5335/5335
f 5335/5335 5348/5348 5336/5336
f 5348/5348 5349/5349 5336/5336
f 5337/5337 5350/5350 5338/5338
f 5350/5350 5351/5351 5338/5338
f 5338/5338 5351/5351 5339/5339
f 5351/5351 5352/5352 5339/5339
f 5339/5339 5352/5352 5340/5340
f 5352/5352 5353/5353 5340/5340
f 5340/5340 5353/5353 5341/5341
f 5353/5353 5354/5354 5341/5341
f 5341/5341 5354/5354 5342/5342
f 5354/5354 5355/5355 5342/5342
f 5342/5342 5355/5355 5343/5343
f 5355/5355 5356/5356 5343/5343
f 5343/5343 5356/5356 5344/5344
f 5356/5356 5357/5357 5344/5344
f 5344/5344 5357/5357 5345/5345
f 5357/5357 5358/5358 5345/5345
f 5345/5345 5358/5358 5346/5346
f 5358/5358 5359/5359 5346/5346
f 5346/5346 5359/5359 5347/5347
f 5359/5359 5360/5360 5347/5347
f 5347/5347 5360/5360 5348/5348
f 5360/5360 5361/5361 5348/5348
f 5348/5348 5361/5361 5349/5349
f 5361/5361 5362/5362 5349/5349
f 5350/5350 5363/5363 5351/5351
f 5363/5363 5364/5364 5351/5351
f 5351/5351 5364/5364 5352/5352
f 5364/5364 5365/5365 5352/5352
f 5352/5352 5365/5365 5353/5353
f 5365/5365 5366/5366 5353/5353
f 5353/5353 5366/5366 5354/5354
f 5366/5366 5367/5367 5354/5354
f 5354/5354 5367/5367 5355/5355
f 5367/5367 5368/5368 5355/5355
f 5355/5355 5368/5368 5356/5356
f 5368/5368 5369/5369 5356/5356
f 5356/5356 5369/5369 5357/5357
f 5369/5369 5370/5370 5357/5357
f 5357/5357 5370/5370 5358/5358
f 5370/5370 5371/5371 5358/5358
f 5358/5358 5371/5371 5359/5359
f 5371/5371 5372/5372 5359/5359
f 5359/5359 5372/5372 5360/5360
f 5372/5372 5373/5373 5360/5360
f 5363/5363 5374/5374 5364/5364
f 5374/5374 5375/5375 5364/5364
f 5364/5364 5375/5375 5365/5365
f 5375/5375 5376/5376 5365/5365
f 5365/5365 5376/5376 5366/5366
f 5376/5376 5377/5377 5366/5366
f 5366/5366 5377/5377 5367/5367
f 5377/5377 5378/5378 5367/5367
f 5367/5367 5378/5378 5368/5368
f 5378/5378 5379/5379 5368/5368
f 5368/5368 5379/5379 5369/5369
f 5379/5379 5380/5380 5369/5369
f 5369/5369 5380/5380 5370/5370
f 5380/5380 5381/5381 5370/5370
f 5370/5370 5381/5381 5371/5371
f 5381/5381 5382/5382 5371/5371
f 5371/5371 5382/5382 5372/5372
f 5382/5382 5383/5383 5372/5372
f 5372/5372 5383/5383 5373/5373
f 5383/5383 5384/5384 5373/5373
f 5374/5374 5385/5385 5375/5375
f 5385/5385 5386/5386 5375/5375
f 5375/5375 5386/5386 5376/5376
f 5386/5386 5387/5387 5376/5376
f 5376/5376 5387/5387 5377/5377
f 5387/5387 5388/5388 5377/5377
f 5377/5377 5388/5388 5378/5378
f 5388/5388 5389/5389 5378/5378
f 5378/5378 5389/5389 5379/5379
f 5389/5389 5390/5390 5379/5379
f 5379/5379 5390/5390 5380/5380
f 5390/5390 5391/5391 5380/5380
f 5380/5380 5391/5391 5381/5381
f 5391/5391 5392/5392 5381/5381
f 5381/5381 5392/5392 5382/5382
f 5392/5392 5393/5393 5382/5382
f 5382/5382 5393/5393 5383/5383
f 5393/5393 5394/5394 5383/5383
f 5383/5383 5394/5394 5384/5384
f 5394/5394 5395/5395 5384/5384
f 5387/5387 5396/5396 5388/5388
f 5396/5396 5397/5397 5388/5388
f 5388/5388 5397/5397 5389/5389
f 5397/5397 5398/5398 5389/5389
f 5389/5389 5398/5398 5390/5390
f 5398/5398 5399/5399 5390/5390
f 5390/5390 5399/5399 5391/5391
f 5399/5399 5400/5400 5391/5391
f 5391/5391 5400/5400 5392/5392
f 5400/5400 5401/5401 5392/5392
f 5392/5392 5401/5401 5402/5402
f 5401/5401 5403/5403 5402/5402
f 5402/5402 5403/5403 5404/5404
f 5396/5396 5405/5405 5397/5397
f 5405/5405 5406/5406 5397/5397
f 5397/5397 5406/5406 5398/5398
f 5406/5406 5407/5407 5398/5398
f 5398/5398 5407/5407 5399/5399
f 5407/5407 5408/5408 5399/5399
f 5399/5399 5408/5408 5400/5400
f 5408/5408 5409/5409 5400/5400
f 5400/5400 5409/5409 5410/5410
f 5405/5405 5411/5411 5406/5406
f 5411/5411 5412/5412 5406/5406
f 5406/5406 5412/5412 5407/5407
f 5412/5412 5413/5413 5407/5407
f 5407/5407 5413/5413 5408/5408
f 5413/5413 5414/5414 5408/5408
f 5408/5408 5414/5414 5409/5409
f 5414/5414 5415/5415 5409/5409
f 5405/5405 5416/5416 5411/5411
f 5416/5416 5417/5417 5411/5411
f 5411/5411 5417/5417 5412/5412
f 5417/5417 5418/5418 5412/5412
f 5412/5412 5418/5418 5413/5413
f 5418/5418 5419/5419 5413/5413
f 5413/5413 5419/5419 5420/5420
f 5419/5419 5421/5421 5420/5420
f 5420/5420 5421/5421 5422/5422
f 5416/5416 5405/5405 5423/5423
f 5405/5405 5396/5396 5423/5423
f 5423/5423 5396/5396 5424/5424
f 5396/5396 5387/5387 5424/5424
f 5424/5424 5387/5387 5425/5425
f 5387/5387 5386/5386 5425/5425
f 5425/5425 5386/5386 5385/5385
f 5385/5385 5426/5426 5425/5425
f 5426/5426 5427/5427 5425/5425
f 5425/5425 5427/5427 5424/5424
f 5427/5427 5423/5423 5424/5424
f 5426/5426 5428/5428 5427/5427
f 5428/5428 5429/5429 5427/5427
f 5427/5427 5429/5429 5423/5423
f 5429/5429 5416/5416 5423/5423
f 5429/5429 5430/5430 5416/5416
f 5430/5430 5431/5431 5416/5416
f 5416/5416 5431/5431 5432/5432
f 5431/5431 5433/5433 5432/5432
f 5432/5432 5433/5433 5434/5434
f 5433/5433 5435/5435 5434/5434
f 5434/5434 5435/5435 5436/5436
f 5435/5435 5437/5437 5436/5436
f 5436/5436 5437/5437 5438/5438
f 5437/5437 5439/5439 5438/5438
f 5438/5438 5439/5439 5430/5430
f 5439/5439 5440/5440 5430/5430
f 5430/5430 5440/5440 5433/5433
f 5440/5440 5441/5441 5433/5433
f 5433/5433 5441/5441 5437/5437
f 5441/5441 5439/5439 5437/5437
f 5430/5430 5442/5442 5438/5438
f 5442/5442 5443/5443 5438/5438
f 5438/5438 5443/5443 5436/5436
f 5443/5443 5444/5444 5436/5436
f 5436/5436 5444/5444 5445/5445
f 5444/5444 5446/5446 5445/5445
f 5445/5445 5446/5446 5432/5432
f 5446/5446 5447/5447 5432/5432
f 5432/5432 5447/5447 5448/5448
f 5432/5432 5434/5434 5445/5445
f 5434/5434 5436/5436 5445/5445
f 5449/5449 5450/5450 5451/5451
f 5450/5450 5452/5452 5451/5451
f 5451/5451 5452/5452 5453/5453
f 5452/5452 5454/5454 5453/5453
f 5453/5453 5454/5454 5455/5455
f 5454/5454 5456/5456 5455/5455
f 5455/5455 5456/5456 5457/5457
f 5456/5456 5458/5458 5457/5457
f 5457/5457 5458/5458 5459/5459
f 5458/5458 5460/5460 5459/5459
f 5459/5459 5460/5460 5461/5461
f 5460/5460 5462/5462 5461/5461
f 5461/5461 5462/5462 5463/5463
f 5462/5462 5464/5464 5463/5463
f 5463/5463 5464/5464 5465/5465
f 5464/5464 5466/5466 5465/5465
f 5465/5465 5466/5466 5467/5467
f 5466/5466 5468/5468 5467/5467
f 5467/5467 5468/5468 5469/5469
f 5468/5468 5470/5470 5469/5469
f 5469/5469 5470/5470 5471/5471
f 5470/5470 5472/5472 5471/5471
f 5471/5471 5472/5472 5473/5473
f 5472/5472 5474/5474 5473/5473
f 5450/5450 5475/5475 5452/5452
f 5475/5475 5476/5476 5452/5452
f 5452/5452 5476/5476 5454/5454
f 5476/5476 5477/5477 5454/5454
f 5454/5454 5477/5477 5456/5456
f 5477/5477 5478/5478 5456/5456
f 5456/5456 5478/5478 5458/5458
f 5478/5478 5479/5479 5458/5458
f 5458/5458 5479/5479 5460/5460
f 5479/5479 5480/5480 5460/5460
f 5460/5460 5480/5480 5462/5462
f 5480/5480 5481/5481 5462/5462
f 5462/5462 5481/5481 5464/5464
f 5481/5481 5482/5482 5464/5464
f 5464/5464 5482/5482 5466/5466
f 5482/5482 5483/5483 5466/5466
f 5466/5466 5483/5483 5468/5468
f 5483/5483 5484/5484 5468/5468
f 5468/5468 5484/5484 5470/5470
f 5484/5484 5485/5485 5470/5470
f 5470/5470 5485/5485 5472/5472
f 5485/5485 5486/5486 5472/5472
f 5472/5472 5486/5486 5474/5474
f 5486/5486 5487/5487 5474/5474
f 5475/5475 5488/5488 5476/5476
f 5488/5488 5489/5489 5476/5476
f 5476/5476 5489/5489 5477/5477
f 5489/5489 5490/5490 5477/5477
f 5477/5477 5490/5490 5478/5478
f 5490/5490 5491/5491 5478/5478
f 5478/5478 5491/5491 5479/5479
f 5491/5491 5492/5492 5479/5479
f 5479/5479 5492/5492 5480/5480
f 5492/5492 5493/5493 5480/5480
f 5480/5480 5493/5493 5481/5481
f 5493/5493 5494/5494 5481/5481
f 5481/5481 5494/5494 5482/5482
f 5494/5494 5495/5495 5482/5482
f 5482/5482 5495/5495 5483/5483
f 5495/5495 5496/5496 5483/5483
f 5483/5483 5496/5496 5484/5484
f 5496/5496 5497/5497 5484/5484
f 5484/5484 5497/5497 5485/5485
f 5497/5497 5498/5498 5485/5485
f 5485/5485 5498/5498 5486/5486
f 5498/5498 5499/5499 5486/5486
f 5486/5486 5499/5499 5487/5487
f 5499/5499 5500/5500 5487/5487
f 5488/5488 5501/5501 5489/5489
f 5501/5501 5502/5502 5489/5489
f 5489/5489 5502/5502 5490/5490
f 5502/5502 5503/5503 5490/5490
f 5490/5490 5503/5503 5491/5491
f 5503/5503 5504/5504 5491/5491
f 5491/5491 5504/5504 5492/5492
f 5504/5504 5505/5505 5492/5492
f 5492/5492 5505/5505 5493/5493
f 5505/5505 5506/5506 5493/5493
f 5493/5493 5506/5506 5494/5494
f 5506/5506 5507/5507 5494/5494
f 5494/5494 5507/5507 5495/5495
f 5507/5507 5508/5508 5495/5495
f 5495/5495 5508/5508 5496/5496
f 5508/5508 5509/5509 5496/5496
f 5496/5496 5509/5509 5497/5497
f 5509/5509 5510/5510 5497/5497
f 5497/5497 5510/5510 5498/5498
f 5510/5510 5511/5511 5498/5498
f 5498/5498 5511/5511 5499/5499
f 5511/5511 5512/5512 5499/5499
f 5499/5499 5512/5512 5500/5500
f 5512/5512 5513/5513 5500/5500
f 5501/5501 5514/5514 5502/5502
f 5514/5514 5515/5515 5502/5502
f 5502/5502 5515/5515 5503/5503
f 5515/5515 5516/5516 5503/5503
f 5503/5503 5516/5516 5504/5504
f 5516/5516 5517/5517 5504/5504
f 5504/5504 5517/5517 5505/5505
f 5517/5517 5518/5518 5505/5505
f 5505/5505 5518/5518 5506/5506
f 5518/5518 5519/5519 5506/5506
f 5506/5506 5519/5519 5507/5507
f 5519/5519 5520/5520 5507/5507
f 5507/5507 5520/5520 5508/5508
f 5520/5520 5521/5521 5508/5508
f 5508/5508 5521/5521 5509/5509
f 5521/5521 5522/5522 5509/5509
f 5509/5509 5522/5522 5510/5510
f 5522/5522 5523/5523 5510/5510
f 5510/5510 5523/5523 5511/5511
f 5523/5523 5524/5524 5511/5511
f 5511/5511 5524/5524 5512/5512
f 5524/5524 5525/5525 5512/5512
f 5512/5512 5525/5525 5513/5513
f 5525/5525 5526/5526 5513/5513
f 5517/5517 5527/5527 5518/5518
f 5527/5527 5528/5528 5518/5518
f 5518/5518 5528/5528 5519/5519
f 5528/5528 5529/5529 5519/5519
f 5519/5519 5529/5529 5520/5520
f 5529/5529 5530/5530 5520/5520
f 5520/5520 5530/5530 5521/5521
f 5530/5530 5531/5531 5521/5521
f 5521/5521 5531/5531 5522/5522
f 5531/5531 5532/5532 5522/5522
f 5522/5522 5532/5532 5523/5523
f 5532/5532 5533/5533 5523/5523
f 5523/5523 5533/5533 5524/5524
f 5533/5533 5534/5534 5524/5524
f 5524/5524 5534/5534 5525/5525
f 5534/5534 5535/5535 5525/5525
f 5525/5525 5535/5535 5526/5526
f 5535/5535 5536/5536 5526/5526
f 5529/5529 5537/5537 5530/5530
f 5537/5537 5538/5538 5530/5530
f 5530/5530 5538/5538 5531/5531
f 5538/5538 5539/5539 5531/5531
f 5531/5531 5539/5539 5532/5532
f 5539/5539 5540/5540 5532/5532
f 5532/5532 5540/5540 5533/5533
f 5540/5540 5541/5541 5533/5533
f 5533/5533 5541/5541 5534/5534
f 5541/5541 5542/5542 5534/5534
f 5534/5534 5542/5542 5535/5535
f 5542/5542 5543/5543 5535/5535
f 5535/5535 5543/5543 5536/5536
f 5543/5543 5544/5544 5536/5536
f 5537/5537 5545/5545 5538/5538
f 5545/5545 5546/5546 5538/5538
f 5538/5538 5546/5546 5539/5539
f 5546/5546 5547/5547 5539/5539
f 5539/5539 5547/5547 5540/5540
f 5547/5547 5548/5548 5540/5540
f 5540/5540 5548/5548 5541/5541
f 5548/5548 5549/5549 5541/5541
f 5541/5541 5549/5549 5542/5542
f 5549/5549 5550/5550 5542/5542
f 5542/5542 5550/5550 5543/5543
f 5550/5550 5551/5551 5543/5543
f 5543/5543 5551/5551 5544/5544
f 5545/5545 5552/5552 5546/5546
f 5552/5552 5553/5553 5546/5546
f 5546/5546 5553/5553 5547/5547
f 5553/5553 5554/5554 5547/5547
f 5547/5547 5554/5554 5548/5548
f 5554/5554 5555/5555 5548/5548
f 5548/5548 5555/5555 5549/5549
f 5555/5555 5556/5556 5549/5549
f 5549/5549 5556/5556 5550/5550
f 5556/5556 5557/5557 5550/5550
f 5550/5550 5557/5557 5551/5551
f 5552/5552 5558/5558 5553/5553
f 5558/5558 5559/5559 5553/5553
f 5553/5553 5559/5559 5554/5554
f 5559/5559 5560/5560 5554/5554
f 5554/5554 5560/5560 5555/5555
f 5560/5560 5561/5561 5555/5555
f 5555/5555 5561/5561 5556/5556
f 5561/5561 5562/5562 5556/5556
f 5556/5556 5562/5562 5557/5557
f 5558/5558 5563/5563 5559/5559
f 5563/5563 5564/5564 5559/5559
f 5559/5559 5564/5564 5560/5560
f 5564/5564 5565/5565 5560/5560
f 5560/5560 5565/5565 5561/5561
f 5565/5565 5566/5566 5561/5561
f 5561/5561 5566/5566 5562/5562
f 5566/5566 5567/5567 5562/5562
f 5564/5564 5568/5568 5565/5565
f 5568/5568 5569/5569 5565/5565
f 5565/5565 5569/5569 5570/5570
f 5569/5569 5571/5571 5570/5570
f 5570/5570 5571/5571 5572/5572
f 5571/5571 5573/5573 5572/5572
f 5572/5572 5573/5573 5566/5566
f 5573/5573 5574/5574 5566/5566
f 5566/5566 5574/5574 5567/5567
f 5574/5574 5575/5575 5567/5567
f 5575/5575 5574/5574 5576/5576
f 5574/5574 5577/5577 5576/5576
f 5576/5576 5577/5577 5578/5578
f 5577/5577 5579/5579 5578/5578
f 5578/5578 5579/5579 5580/5580
f 5579/5579 5568/5568 5580/5580
f 5580/5580 5568/5568 5581/5581
f 5568/5568 5564/5564 5581/5581
f 5581/5581 5564/5564 5582/5582
f 5564/5564 5563/5563 5582/5582
f 5582/5582 5563/5563 5583/5583
f 5563/5563 5584/5584 5583/5583
f 5583/5583 5584/5584 5585/5585
f 5584/5584 5586/5586 5585/5585
f 5577/5577 5574/5574 5587/5587
f 5574/5574 5573/5573 5587/5587
f 5587/5587 5573/5573 5588/5588
f 5573/5573 5569/5569 5588/5588
f 5588/5588 5569/5569 5568/5568
f 5577/5577 5587/5587 5579/5579
f 5587/5587 5588/5588 5579/5579
f 5579/5579 5588/5588 5568/5568
f 5421/5421 5419/5419 5589/5589
f 5419/5419 5418/5418 5589/5589
f 5589/5589 5418/5418 5590/5590
f 5418/5418 5591/5591 5590/5590
f 5418/5418 5417/5417 5591/5591
f 5417/5417 5448/5448 5591/5591
f 5448/5448 5417/5417 5592/5592
f 5417/5417 5416/5416 5592/5592
f 5592/5592 5416/5416 5432/5432
f 5430/5430 5429/5429 5442/5442
f 5429/5429 5593/5593 5442/5442
f 5563/5563 5558/5558 5584/5584
f 5558/5558 5594/5594 5584/5584
f 5584/5584 5594/5594 5595/5595
f 5594/5594 5596/5596 5595/5595
f 5595/5595 5596/5596 5597/5597
f 5596/5596 5598/5598 5597/5597
f 5597/5597 5598/5598 5599/5599
f 5598/5598 5600/5600 5599/5599
f 5599/5599 5600/5600 5601/5601
f 5600/5600 5602/5602 5601/5601
f 5601/5601 5602/5602 5603/5603
f 5602/5602 5604/5604 5603/5603
f 5603/5603 5604/5604 5605/5605
f 5604/5604 5606/5606 5605/5605
f 5605/5605 5606/5606 5607/5607
f 5606/5606 5608/5608 5607/5607
f 5607/5607 5609/5609 5605/5605
f 5609/5609 5610/5610 5605/5605
f 5605/5605 5610/5610 5603/5603
f 5610/5610 5611/5611 5603/5603
f 5603/5603 5611/5611 5601/5601
f 5611/5611 5612/5612 5601/5601
f 5601/5601 5612/5612 5599/5599
f 5612/5612 5613/5613 5599/5599
f 5599/5599 5613/5613 5597/5597
f 5613/5613 5595/5595 5597/5597
f 5613/5613 5586/5586 5595/5595
f 5586/5586 5584/5584 5595/5595
f 5614/5614 5615/5615 5616/5616
f 5615/5615 5617/5617 5616/5616
f 5616/5616 5617/5617 5618/5618
f 5617/5617 5619/5619 5618/5618
f 5618/5618 5619/5619 5620/5620
f 5619/5619 5621/5621 5620/5620
f 5620/5620 5621/5621 5622/5622
f 5621/5621 5623/5623 5622/5622
f 5622/5622 5623/5623 5624/5624
f 5623/5623 5625/5625 5624/5624
f 5624/5624 5625/5625 5626/5626
f 5625/5625 5627/5627 5626/5626
f 5626/5626 5627/5627 5628/5628
f 5615/5615 5629/5629 5617/5617
f 5629/5629 5630/5630 5617/5617
f 5617/5617 5630/5630 5619/5619
f 5630/5630 5623/5623 5619/5619
f 5619/5619 5623/5623 5621/5621
f 5623/5623 5630/5630 5631/5631
f 5630/5630 5629/5629 5631/5631
f 5631/5631 5629/5629 5632/5632
f 5629/5629 5633/5633 5632/5632
f 5632/5632 5633/5633 5634/5634
f 5634/5634 5635/5635 5632/5632
f 5635/5635 5636/5636 5632/5632
f 5632/5632 5636/5636 5631/5631
f 5636/5636 5637/5637 5631/5631
f 5631/5631 5637/5637 5625/5625
f 5637/5637 5627/5627 5625/5625
f 5558/5558 5552/5552 5594/5594
f 5552/5552 5638/5638 5594/5594
f 5594/5594 5638/5638 5596/5596
f 5638/5638 5639/5639 5596/5596
f 5596/5596 5639/5639 5598/5598
f 5639/5639 5640/5640 5598/5598
f 5598/5598 5640/5640 5641/5641
f 5640/5640 5642/5642 5641/5641
f 5641/5641 5642/5642 5643/5643
f 5642/5642 5644/5644 5643/5643
f 5643/5643 5644/5644 5645/5645
f 5644/5644 5646/5646 5645/5645
f 5645/5645 5646/5646 5647/5647
f 5646/5646 5648/5648 5647/5647
f 5647/5647 5648/5648 5649/5649
f 5648/5648 5650/5650 5649/5649
f 5649/5649 5650/5650 5651/5651
f 5650/5650 5652/5652 5651/5651
f 5651/5651 5652/5652 5653/5653
f 5652/5652 5654/5654 5653/5653
f 5653/5653 5654/5654 5655/5655
f 5654/5654 5656/5656 5655/5655
f 5655/5655 5656/5656 5657/5657
f 5656/5656 5658/5658 5657/5657
f 5552/5552 5545/5545 5638/5638
f 5545/5545 5659/5659 5638/5638
f 5638/5638 5659/5659 5639/5639
f 5659/5659 5660/5660 5639/5639
f 5639/5639 5660/5660 5640/5640
f 5660/5660 5661/5661 5640/5640
f 5640/5640 5661/5661 5642/5642
f 5661/5661 5662/5662 5642/5642
f 5642/5642 5662/5662 5644/5644
f 5662/5662 5663/5663 5644/5644
f 5644/5644 5663/5663 5646/5646
f 5663/5663 5664/5664 5646/5646
f 5646/5646 5664/5664 5665/5665
f 5664/5664 5666/5666 5665/5665
f 5665/5665 5666/5666 5667/5667
f 5666/5666 5668/5668 5667/5667
f 5667/5667 5668/5668 5669/5669
f 5668/5668 5670/5670 5669/5669
f 5669/5669 5670/5670 5671/5671
f 5670/5670 5672/5672 5671/5671
f 5671/5671 5672/5672 5673/5673
f 5672/5672 5674/5674 5673/5673
f 5673/5673 5674/5674 5675/5675
f 5674/5674 5676/5676 5675/5675
f 5675/5675 5676/5676 5677/5677
f 5676/5676 5678/5678 5677/5677
f 5677/5677 5678/5678 5679/5679
f 5662/5662 5680/5680 5663/5663
f 5680/5680 5681/5681 5663/5663
f 5663/5663 5681/5681 5664/5664
f 5681/5681 5682/5682 5664/5664
f 5664/5664 5682/5682 5666/5666
f 5682/5682 5683/5683 5666/5666
f 5666/5666 5683/5683 5668/5668
f 5683/5683 5684/5684 5668/5668
f 5668/5668 5684/5684 5670/5670
f 5684/5684 5685/5685 5670/5670
f 5670/5670 5685/5685 5672/5672
f 5685/5685 5686/5686 5672/5672
f 5672/5672 5686/5686 5674/5674
f 5686/5686 5687/5687 5674/5674
f 5674/5674 5687/5687 5676/5676
f 5687/5687 5688/5688 5676/5676
f 5676/5676 5688/5688 5678/5678
f 5684/5684 5683/5683 5689/5689
f 5683/5683 5690/5690 5689/5689
f 5689/5689 5690/5690 5691/5691
f 5690/5690 5692/5692 5691/5691
f 5691/5691 5692/5692 5693/5693
f 5692/5692 5694/5694 5693/5693
f 5693/5693 5694/5694 5695/5695
f 5694/5694 5680/5680 5695/5695
f 5695/5695 5680/5680 5696/5696
f 5680/5680 5662/5662 5696/5696
f 5696/5696 5662/5662 5697/5697
f 5662/5662 5661/5661 5697/5697
f 5697/5697 5661/5661 5698/5698
f 5661/5661 5660/5660 5698/5698
f 5698/5698 5660/5660 5699/5699
f 5660/5660 5700/5700 5699/5699
f 5699/5699 5700/5700 5701/5701
f 5700/5700 5702/5702 5701/5701
f 5701/5701 5702/5702 5703/5703
f 5702/5702 5704/5704 5703/5703
f 5680/5680 5694/5694 5681/5681
f 5694/5694 5692/5692 5681/5681
f 5681/5681 5692/5692 5682/5682
f 5692/5692 5690/5690 5682/5682
f 5682/5682 5690/5690 5683/5683
f 5598/5598 5641/5641 5600/5600
f 5641/5641 5705/5705 5600/5600
f 5600/5600 5705/5705 5602/5602
f 5705/5705 5706/5706 5602/5602
f 5602/5602 5706/5706 5604/5604
f 5706/5706 5707/5707 5604/5604
f 5604/5604 5707/5707 5606/5606
f 5707/5707 5708/5708 5606/5606
f 5606/5606 5708/5708 5608/5608
f 5708/5708 5709/5709 5608/5608
f 5608/5608 5709/5709 5710/5710
f 5709/5709 5711/5711 5710/5710
f 5710/5710 5711/5711 5712/5712
f 5711/5711 5713/5713 5712/5712
f 5712/5712 5713/5713 5714/5714
f 5641/5641 5643/5643 5705/5705
f 5643/5643 5715/5715 5705/5705
f 5705/5705 5715/5715 5706/5706
f 5715/5715 5716/5716 5706/5706
f 5706/5706 5716/5716 5707/5707
f 5716/5716 5717/5717 5707/5707
f 5707/5707 5717/5717 5708/5708
f 5717/5717 5718/5718 5708/5708
f 5708/5708 5718/5718 5709/5709
f 5718/5718 5719/5719 5709/5709
f 5709/5709 5719/5719 5711/5711
f 5719/5719 5720/5720 5711/5711
f 5711/5711 5720/5720 5713/5713
f 5720/5720 5721/5721 5713/5713
f 5643/5643 5645/5645 5715/5715
f 5645/5645 5722/5722 5715/5715
f 5715/5715 5722/5722 5716/5716
f 5722/5722 5723/5723 5716/5716
f 5716/5716 5723/5723 5717/5717
f 5723/5723 5724/5724 5717/5717
f 5717/5717 5724/5724 5718/5718
f 5724/5724 5720/5720 5718/5718
f 5718/5718 5720/5720 5719/5719
f 5645/5645 5647/5647 5722/5722
f 5647/5647 5725/5725 5722/5722
f 5722/5722 5725/5725 5723/5723
f 5725/5725 5726/5726 5723/5723
f 5723/5723 5726/5726 5724/5724
f 5726/5726 5727/5727 5724/5724
f 5724/5724 5727/5727 5720/5720
f 5727/5727 5721/5721 5720/5720
f 5725/5725 5649/5649 5726/5726
f 5649/5649 5728/5728 5726/5726
f 5726/5726 5728/5728 5727/5727
f 5728/5728 5729/5729 5727/5727
f 5727/5727 5729/5729 5721/5721
f 5729/5729 5730/5730 5721/5721
f 5649/5649 5651/5651 5728/5728
f 5651/5651 5729/5729 5728/5728
f 5729/5729 5651/5651 5731/5731
f 5651/5651 5653/5653 5731/5731
f 5731/5731 5653/5653 5732/5732
f 5653/5653 5655/5655 5732/5732
f 5732/5732 5733/5733 5731/5731
f 5733/5733 5730/5730 5731/5731
f 5731/5731 5730/5730 5729/5729
f 5529/5529 5528/5528 5537/5537
f 5528/5528 5734/5734 5537/5537
f 5537/5537 5734/5734 5659/5659
f 5734/5734 5735/5735 5659/5659
f 5659/5659 5735/5735 5660/5660
f 5735/5735 5700/5700 5660/5660
f 5528/5528 5527/5527 5734/5734
f 5527/5527 5736/5736 5734/5734
f 5734/5734 5736/5736 5737/5737
f 5734/5734 5737/5737 5738/5738
f 5737/5737 5739/5739 5738/5738
f 5738/5738 5739/5739 5702/5702
f 5739/5739 5704/5704 5702/5702
f 5702/5702 5700/5700 5738/5738
f 5700/5700 5735/5735 5738/5738
f 5738/5738 5735/5735 5734/5734
f 5703/5703 5740/5740 5701/5701
f 5740/5740 5741/5741 5701/5701
f 5701/5701 5741/5741 5699/5699
f 5741/5741 5742/5742 5699/5699
f 5699/5699 5742/5742 5698/5698
f 5742/5742 5743/5743 5698/5698
f 5698/5698 5743/5743 5744/5744
f 5743/5743 5745/5745 5744/5744
f 5744/5744 5745/5745 5746/5746
f 5745/5745 5747/5747 5746/5746
f 5746/5746 5747/5747 5748/5748
f 5747/5747 5749/5749 5748/5748
f 5748/5748 5749/5749 5750/5750
f 5749/5749 5751/5751 5750/5750
f 5750/5750 5751/5751 5752/5752
f 5751/5751 5753/5753 5752/5752
f 5753/5753 5751/5751 5754/5754
f 5751/5751 5749/5749 5754/5754
f 5754/5754 5749/5749 5755/5755
f 5749/5749 5747/5747 5755/5755
f 5755/5755 5747/5747 5756/5756
f 5747/5747 5745/5745 5756/5756
f 5756/5756 5745/5745 5757/5757
f 5745/5745 5743/5743 5757/5757
f 5757/5757 5743/5743 5758/5758
f 5743/5743 5742/5742 5758/5758
f 5758/5758 5742/5742 5759/5759
f 5742/5742 5741/5741 5759/5759
f 5759/5759 5741/5741 5740/5740
f 5760/5760 5761/5761 5762/5762
f 5761/5761 5763/5763 5762/5762
f 5762/5762 5763/5763 5764/5764
f 5763/5763 5765/5765 5764/5764
f 5764/5764 5765/5765 5766/5766
f 5765/5765 5767/5767 5766/5766
f 5766/5766 5767/5767 5768/5768
f 5767/5767 5769/5769 5768/5768
f 5767/5767 5770/5770 5769/5769
f 5770/5770 5771/5771 5769/5769
f 5769/5769 5771/5771 5746/5746
f 5771/5771 5772/5772 5746/5746
f 5746/5746 5772/5772 5773/5773
f 5772/5772 5774/5774 5773/5773
f 5773/5773 5774/5774 5775/5775
f 5774/5774 5695/5695 5775/5775
f 5775/5775 5695/5695 5696/5696
f 5746/5746 5773/5773 5744/5744
f 5773/5773 5775/5775 5744/5744
f 5744/5744 5775/5775 5776/5776
f 5775/5775 5696/5696 5776/5776
f 5776/5776 5696/5696 5697/5697
f 5697/5697 5698/5698 5776/5776
f 5698/5698 5744/5744 5776/5776
f 5360/5360 5777/5777 5361/5361
f 5777/5777 5778/5778 5361/5361
f 5361/5361 5778/5778 5362/5362
f 5778/5778 5779/5779 5362/5362
f 5777/5777 5780/5780 5778/5778
f 5780/5780 5781/5781 5778/5778
f 5778/5778 5781/5781 5779/5779
f 5781/5781 5782/5782 5779/5779
f 5780/5780 5783/5783 5781/5781
f 5783/5783 5784/5784 5781/5781
f 5781/5781 5784/5784 5782/5782
f 5784/5784 5785/5785 5782/5782
f 5783/5783 5786/5786 5784/5784
f 5786/5786 5787/5787 5784/5784
f 5784/5784 5787/5787 5785/5785
f 5787/5787 5788/5788 5785/5785
f 5786/5786 5789/5789 5787/5787
f 5789/5789 5764/5764 5787/5787
f 5787/5787 5764/5764 5766/5766
f 5787/5787 5766/5766 5788/5788
f 5766/5766 5768/5768 5788/5788
f 5767/5767 5765/5765 5770/5770
f 5765/5765 5790/5790 5770/5770
f 5770/5770 5790/5790 5791/5791
f 5790/5790 5792/5792 5791/5791
f 5791/5791 5792/5792 5793/5793
f 5792/5792 5794/5794 5793/5793
f 5793/5793 5794/5794 5795/5795
f 5795/5795 5796/5796 5793/5793
f 5796/5796 5797/5797 5793/5793
f 5793/5793 5797/5797 5791/5791
f 5797/5797 5798/5798 5791/5791
f 5791/5791 5798/5798 5799/5799
f 5798/5798 5800/5800 5799/5799
f 5799/5799 5800/5800 5801/5801
f 5800/5800 5802/5802 5801/5801
f 5801/5801 5802/5802 5691/5691
f 5802/5802 5689/5689 5691/5691
f 5689/5689 5802/5802 5803/5803
f 5802/5802 5800/5800 5803/5803
f 5803/5803 5800/5800 5804/5804
f 5800/5800 5798/5798 5804/5804
f 5804/5804 5798/5798 5805/5805
f 5798/5798 5797/5797 5805/5805
f 5805/5805 5797/5797 5806/5806
f 5797/5797 5796/5796 5806/5806
f 5806/5806 5796/5796 5807/5807
f 5796/5796 5808/5808 5807/5807
f 5807/5807 5808/5808 5809/5809
f 5806/5806 5810/5810 5805/5805
f 5810/5810 5811/5811 5805/5805
f 5805/5805 5811/5811 5804/5804
f 5811/5811 5812/5812 5804/5804
f 5804/5804 5812/5812 5803/5803
f 5812/5812 5813/5813 5803/5803
f 5803/5803 5813/5813 5689/5689
f 5813/5813 5685/5685 5689/5689
f 5689/5689 5685/5685 5684/5684
f 5685/5685 5813/5813 5686/5686
f 5813/5813 5814/5814 5686/5686
f 5686/5686 5814/5814 5687/5687
f 5814/5814 5815/5815 5687/5687
f 5687/5687 5815/5815 5688/5688
f 5815/5815 5816/5816 5688/5688
f 5813/5813 5812/5812 5814/5814
f 5812/5812 5817/5817 5814/5814
f 5814/5814 5817/5817 5815/5815
f 5817/5817 5818/5818 5815/5815
f 5815/5815 5818/5818 5816/5816
f 5818/5818 5817/5817 5819/5819
f 5817/5817 5820/5820 5819/5819
f 5819/5819 5820/5820 5422/5422
f 5820/5820 5420/5420 5422/5422
f 5820/5820 5415/5415 5420/5420
f 5415/5415 5414/5414 5420/5420
f 5420/5420 5414/5414 5413/5413
f 5403/5403 5401/5401 5410/5410
f 5401/5401 5400/5400 5410/5410
f 5811/5811 5820/5820 5812/5812
f 5820/5820 5817/5817 5812/5812
f 5794/5794 5792/5792 5821/5821
f 5792/5792 5822/5822 5821/5821
f 5821/5821 5822/5822 5761/5761
f 5822/5822 5763/5763 5761/5761
f 5792/5792 5790/5790 5822/5822
f 5790/5790 5765/5765 5822/5822
f 5822/5822 5765/5765 5763/5763
f 5746/5746 5748/5748 5769/5769
f 5748/5748 5823/5823 5769/5769
f 5769/5769 5823/5823 5824/5824
f 5823/5823 5825/5825 5824/5824
f 5824/5824 5825/5825 5826/5826
f 5825/5825 5827/5827 5826/5826
f 5826/5826 5827/5827 5828/5828
f 5827/5827 5829/5829 5828/5828
f 5828/5828 5829/5829 5830/5830
f 5829/5829 5515/5515 5830/5830
f 5830/5830 5515/5515 5514/5514
f 5825/5825 5831/5831 5827/5827
f 5831/5831 5832/5832 5827/5827
f 5827/5827 5832/5832 5829/5829
f 5832/5832 5516/5516 5829/5829
f 5829/5829 5516/5516 5515/5515
f 5831/5831 5833/5833 5832/5832
f 5833/5833 5517/5517 5832/5832
f 5832/5832 5517/5517 5516/5516
f 5833/5833 5831/5831 5834/5834
f 5831/5831 5835/5835 5834/5834
f 5834/5834 5835/5835 5836/5836
f 5835/5835 5752/5752 5836/5836
f 5752/5752 5835/5835 5750/5750
f 5835/5835 5825/5825 5750/5750
f 5750/5750 5825/5825 5823/5823
f 5837/5837 5838/5838 5839/5839
f 5838/5838 5840/5840 5839/5839
f 5839/5839 5840/5840 5841/5841
f 5840/5840 5842/5842 5841/5841
f 5841/5841 5842/5842 5843/5843
f 5842/5842 5844/5844 5843/5843
f 5843/5843 5844/5844 5845/5845
f 5844/5844 5846/5846 5845/5845
f 5845/5845 5846/5846 5847/5847
f 5846/5846 5848/5848 5847/5847
f 5847/5847 5848/5848 5849/5849
f 5848/5848 5850/5850 5849/5849
f 5849/5849 5850/5850 5851/5851
f 5850/5850 5852/5852 5851/5851
f 5851/5851 5852/5852 5853/5853
f 5852/5852 5854/5854 5853/5853
f 5853/5853 5854/5854 5855/5855
f 5854/5854 5856/5856 5855/5855
f 5855/5855 5856/5856 5857/5857
f 5856/5856 5858/5858 5857/5857
f 5857/5857 5858/5858 5859/5859
f 5858/5858 5860/5860 5859/5859
f 5859/5859 5860/5860 5861/5861
f 5860/5860 5862/5862 5861/5861
f 5861/5861 5862/5862 5863/5863
f 5862/5862 5864/5864 5863/5863
f 5863/5863 5864/5864 5865/5865
f 5864/5864 5866/5866 5865/5865
f 5865/5865 5866/5866 5867/5867
f 5866/5866 5868/5868 5867/5867
f 5867/5867 5868/5868 5869/5869
f 5868/5868 5870/5870 5869/5869
f 5869/5869 5870/5870 5871/5871
f 5870/5870 5872/5872 5871/5871
f 5871/5871 5872/5872 5873/5873
f 5872/5872 5874/5874 5873/5873
f 5873/5873 5874/5874 5875/5875
f 5874/5874 5876/5876 5875/5875
f 5875/5875 5876/5876 5877/5877
f 5876/5876 5878/5878 5877/5877
f 5877/5877 5878/5878 5879/5879
f 5878/5878 5880/5880 5879/5879
f 5879/5879 5880/5880 5881/5881
f 5880/5880 5882/5882 5881/5881
f 5881/5881 5882/5882 5883/5883
f 5882/5882 5884/5884 5883/5883
f 5883/5883 5884/5884 5885/5885
f 5884/5884 5886/5886 5885/5885
f 5838/5838 5887/5887 5840/5840
f 5887/5887 5888/5888 5840/5840
f 5840/5840 5888/5888 5842/5842
f 5888/5888 5889/5889 5842/5842
f 5842/5842 5889/5889 5844/5844
f 5889/5889 5890/5890 5844/5844
f 5844/5844 5890/5890 5846/5846
f 5890/5890 5891/5891 5846/5846
f 5846/5846 5891/5891 5848/5848
f 5891/5891 5892/5892 5848/5848
f 5848/5848 5892/5892 5850/5850
f 5892/5892 5893/5893 5850/5850
f 5850/5850 5893/5893 5852/5852
f 5893/5893 5894/5894 5852/5852
f 5852/5852 5894/5894 5854/5854
f 5894/5894 5895/5895 5854/5854
f 5854/5854 5895/5895 5856/5856
f 5895/5895 5896/5896 5856/5856
f 5856/5856 5896/5896 5858/5858
f 5896/5896 5897/5897 5858/5858
f 5858/5858 5897/5897 5860/5860
f 5897/5897 5898/5898 5860/5860
f 5860/5860 5898/5898 5862/5862
f 5898/5898 5899/5899 5862/5862
f 5862/5862 5899/5899 5864/5864
f 5899/5899 5900/5900 5864/5864
f 5864/5864 5900/5900 5866/5866
f 5900/5900 5901/5901 5866/5866
f 5866/5866 5901/5901 5868/5868
f 5901/5901 5902/5902 5868/5868
f 5868/5868 5902/5902 5870/5870
f 5902/5902 5903/5903 5870/5870
f 5870/5870 5903/5903 5872/5872
f 5903/5903 5904/5904 5872/5872
f 5872/5872 5904/5904 5874/5874
f 5904/5904 5905/5905 5874/5874
f 5874/5874 5905/5905 5876/5876
f 5905/5905 5906/5906 5876/5876
f 5876/5876 5906/5906 5878/5878
f 5906/5906 5907/5907 5878/5878
f 5878/5878 5907/5907 5880/5880
f 5907/5907 5908/5908 5880/5880
f 5880/5880 5908/5908 5882/5882
f 5908/5908 5909/5909 5882/5882
f 5882/5882 5909/5909 5884/5884
f 5909/5909 5910/5910 5884/5884
f 5884/5884 5910/5910 5886/5886
f 5910/5910 5911/5911 5886/5886
f 5887/5887 5912/5912 5888/5888
f 5912/5912 5913/5913 5888/5888
f 5888/5888 5913/5913 5889/5889
f 5913/5913 5914/5914 5889/5889
f 5889/5889 5914/5914 5890/5890
f 5914/5914 5915/5915 5890/5890
f 5890/5890 5915/5915 5891/5891
f 5915/5915 5916/5916 5891/5891
f 5891/5891 5916/5916 5892/5892
f 5916/5916 5917/5917 5892/5892
f 5892/5892 5917/5917 5893/5893
f 5917/5917 5918/5918 5893/5893
f 5893/5893 5918/5918 5894/5894
f 5918/5918 5919/5919 5894/5894
f 5894/5894 5919/5919 5895/5895
f 5919/5919 5920/5920 5895/5895
f 5895/5895 5920/5920 5896/5896
f 5920/5920 5921/5921 5896/5896
f 5896/5896 5921/5921 5897/5897
f 5921/5921 5922/5922 5897/5897
f 5897/5897 5922/5922 5898/5898
f 5922/5922 5923/5923 5898/5898
f 5898/5898 5923/5923 5899/5899
f 5923/5923 5924/5924 5899/5899
f 5899/5899 5924/5924 5900/5900
f 5924/5924 5925/5925 5900/5900
f 5900/5900 5925/5925 5901/5901
f 5925/5925 5926/5926 5901/5901
f 5901/5901 5926/5926 5902/5902
f 5926/5926 5927/5927 5902/5902
f 5902/5902 5927/5927 5903/5903
f 5927/5927 5928/5928 5903/5903
f 5903/5903 5928/5928 5904/5904
f 5928/5928 5929/5929 5904/5904
f 5904/5904 5929/5929 5905/5905
f 5929/5929 5930/5930 5905/5905
f 5905/5905 5930/5930 5906/5906
f 5930/5930 5931/5931 5906/5906
f 5906/5906 5931/5931 5907/5907
f 5931/5931 5932/5932 5907/5907
f 5907/5907 5932/5932 5908/5908
f 5932/5932 5933/5933 5908/5908
f 5908/5908 5933/5933 5909/5909
f 5933/5933 5934/5934 5909/5909
f 5909/5909 5934/5934 5910/5910
f 5934/5934 5935/5935 5910/5910
f 5910/5910 5935/5935 5911/5911
f 5935/5935 5936/5936 5911/5911
f 5912/5912 5937/5937 5913/5913
f 5937/5937 5938/5938 5913/5913
f 5913/5913 5938/5938 5914/5914
f 5938/5938 5939/5939 5914/5914
f 5914/5914 5939/5939 5915/5915
f 5939/5939 5940/5940 5915/5915
f 5915/5915 5940/5940 5916/5916
f 5940/5940 5941/5941 5916/5916
f 5916/5916 5941/5941 5917/5917
f 5941/5941 5942/5942 5917/5917
f 5917/5917 5942/5942 5918/5918
f 5942/5942 5943/5943 5918/5918
f 5918/5918 5943/5943 5919/5919
f 5943/5943 5944/5944 5919/5919
f 5919/5919 5944/5944 5920/5920
f 5944/5944 5945/5945 5920/5920
f 5920/5920 5945/5945 5921/5921
f 5945/5945 5946/5946 5921/5921
f 5921/5921 5946/5946 5922/5922
f 5946/5946 5947/5947 5922/5922
f 5922/5922 5947/5947 5923/5923
f 5947/5947 5948/5948 5923/5923
f 5923/5923 5948/5948 5924/5924
f 5948/5948 5949/5949 5924/5924
f 5924/5924 5949/5949 5925/5925
f 5949/5949 5950/5950 5925/5925
f 5925/5925 5950/5950 5926/5926
f 5950/5950 5951/5951 5926/5926
f 5926/5926 5951/5951 5927/5927
f 5951/5951 5952/5952 5927/5927
f 5927/5927 5952/5952 5928/5928
f 5952/5952 5953/5953 5928/5928
f 5928/5928 5953/5953 5929/5929
f 5953/5953 5954/5954 5929/5929
f 5929/5929 5954/5954 5930/5930
f 5954/5954 5955/5955 5930/5930
f 5930/5930 5955/5955 5931/5931
f 5955/5955 5956/5956 5931/5931
f 5931/5931 5956/5956 5932/5932
f 5956/5956 5957/5957 5932/5932
f 5932/5932 5957/5957 5933/5933
f 5957/5957 5958/5958 5933/5933
f 5933/5933 5958/5958 5934/5934
f 5958/5958 5959/5959 5934/5934
f 5934/5934 5959/5959 5935/5935
f 5959/5959 5960/5960 5935/5935
f 5935/5935 5960/5960 5936/5936
f 5960/5960 5961/5961 5936/5936
f 5937/5937 5962/5962 5938/5938
f 5962/5962 5963/5963 5938/5938
f 5938/5938 5963/5963 5939/5939
f 5963/5963 5964/5964 5939/5939
f 5939/5939 5964/5964 5940/5940
f 5964/5964 5965/5965 5940/5940
f 5940/5940 5965/5965 5941/5941
f 5965/5965 5966/5966 5941/5941
f 5941/5941 5966/5966 5942/5942
f 5966/5966 5967/5967 5942/5942
f 5942/5942 5967/5967 5943/5943
f 5967/5967 5968/5968 5943/5943
f 5943/5943 5968/5968 5944/5944
f 5968/5968 5969/5969 5944/5944
f 5944/5944 5969/5969 5945/5945
f 5969/5969 5970/5970 5945/5945
f 5945/5945 5970/5970 5946/5946
f 5970/5970 5971/5971 5946/5946
f 5946/5946 5971/5971 5947/5947
f 5971/5971 5972/5972 5947/5947
f 5947/5947 5972/5972 5948/5948
f 5972/5972 5973/5973 5948/5948
f 5948/5948 5973/5973 5949/5949
f 5973/5973 5974/5974 5949/5949
f 5949/5949 5974/5974 5950/5950
f 5974/5974 5975/5975 5950/5950
f 5950/5950 5975/5975 5951/5951
f 5975/5975 5976/5976 5951/5951
f 5951/5951 5976/5976 5952/5952
f 5976/5976 5977/5977 5952/5952
f 5952/5952 5977/5977 5953/5953
f 5977/5977 5978/5978 5953/5953
f 5953/5953 5978/5978 5954/5954
f 5978/5978 5979/5979 5954/5954
f 5954/5954 5979/5979 5955/5955
f 5979/5979 5980/5980 5955/5955
f 5955/5955 5980/5980 5956/5956
f 5980/5980 5981/5981 5956/5956
f 5956/5956 5981/5981 5957/5957
f 5981/5981 5982/5982 5957/5957
f 5957/5957 5982/5982 5958/5958
f 5982/5982 5983/5983 5958/5958
f 5958/5958 5983/5983 5959/5959
f 5983/5983 5984/5984 5959/5959
f 5959/5959 5984/5984 5960/5960
f 5984/5984 5985/5985 5960/5960
f 5960/5960 5985/5985 5961/5961
f 5985/5985 5986/5986 5961/5961
f 5962/5962 5987/5987 5963/5963
f 5987/5987 5988/5988 5963/5963
f 5963/5963 5988/5988 5964/5964
f 5988/5988 5989/5989 5964/5964
f 5964/5964 5989/5989 5965/5965
f 5989/5989 5990/5990 5965/5965
f 5965/5965 5990/5990 5966/5966
f 5990/5990 5991/5991 5966/5966
f 5966/5966 5991/5991 5967/5967
f 5991/5991 5992/5992 5967/5967
f 5967/5967 5992/5992 5968/5968
f 5992/5992 5993/5993 5968/5968
f 5968/5968 5993/5993 5969/5969
f 5993/5993 5994/5994 5969/5969
f 5969/5969 5994/5994 5970/5970
f 5994/5994 5995/5995 5970/5970
f 5970/5970 5995/5995 5971/5971
f 5995/5995 5996/5996 5971/5971
f 5971/5971 5996/5996 5972/5972
f 5996/5996 5997/5997 5972/5972
f 5972/5972 5997/5997 5973/5973
f 5997/5997 5998/5998 5973/5973
f 5973/5973 5998/5998 5974/5974
f 5998/5998 5999/5999 5974/5974
f 5974/5974 5999/5999 5975/5975
f 5999/5999 6000/6000 5975/5975
f 5975/5975 6000/6000 5976/5976
f 6000/6000 6001/6001 5976/5976
f 5976/5976 6001/6001 5977/5977
f 6001/6001 6002/6002 5977/5977
f 5977/5977 6002/6002 5978/5978
f 6002/6002 6003/6003 5978/5978
f 5978/5978 6003/6003 5979/5979
f 6003/6003 6004/6004 5979/5979
f 5979/5979 6004/6004 5980/5980
f 6004/6004 6005/6005 5980/5980
f 5980/5980 6005/6005 5981/5981
f 6005/6005 6006/6006 5981/5981
f 5981/5981 6006/6006 5982/5982
f 6006/6006 6007/6007 5982/5982
f 5982/5982 6007/6007 5983/5983
f 6007/6007 6008/6008 5983/5983
f 5983/5983 6008/6008 5984/5984
f 6008/6008 6009/6009 5984/5984
f 5984/5984 6009/6009 5985/5985
f 6009/6009 6010/6010 5985/5985
f 5985/5985 6010/6010 5986/5986
f 6010/6010 6011/6011 5986/5986
f 5987/5987 6012/6012 5988/5988
f 6012/6012 6013/6013 5988/5988
f 5988/5988 6013/6013 5989/5989
f 6013/6013 6014/6014 5989/5989
f 5989/5989 6014/6014 5990/5990
f 6014/6014 6015/6015 5990/5990
f 5990/5990 6015/6015 5991/5991
f 6015/6015 6016/6016 5991/5991
f 5991/5991 6016/6016 5992/5992
f 6016/6016 6017/6017 5992/5992
f 5992/5992 6017/6017 5993/5993
f 6017/6017 6018/6018 5993/5993
f 5993/5993 6018/6018 5994/5994
f 6018/6018 6019/6019 5994/5994
f 5994/5994 6019/6019 5995/5995
f 6019/6019 6020/6020 5995/5995
f 5995/5995 6020/6020 5996/5996
f 6020/6020 6021/6021 5996/5996
f 5996/5996 6021/6021 5997/5997
f 6021/6021 6022/6022 5997/5997
f 5997/5997 6022/6022 5998/5998
f 6022/6022 6023/6023 5998/5998
f 5998/5998 6023/6023 5999/5999
f 6023/6023 6024/6024 5999/5999
f 5999/5999 6024/6024 6000/6000
f 6024/6024 6025/6025 6000/6000
f 6000/6000 6025/6025 6001/6001
f 6025/6025 6026/6026 6001/6001
f 6001/6001 6026/6026 6002/6002
f 6026/6026 6027/6027 6002/6002
f 6002/6002 6027/6027 6003/6003
f 6027/6027 6028/6028 6003/6003
f 6003/6003 6028/6028 6004/6004
f 6028/6028 6029/6029 6004/6004
f 6004/6004 6029/6029 6005/6005
f 6029/6029 6030/6030 6005/6005
f 6005/6005 6030/6030 6006/6006
f 6030/6030 6031/6031 6006/6006
f 6006/6006 6031/6031 6007/6007
f 6031/6031 6032/6032 6007/6007
f 6007/6007 6032/6032 6008/6008
f 6032/6032 6033/6033 6008/6008
f 6008/6008 6033/6033 6009/6009
f 6033/6033 6034/6034 6009/6009
f 6009/6009 6034/6034 6010/6010
f 6034/6034 6035/6035 6010/6010
f 6010/6010 6035/6035 6011/6011
f 6035/6035 6036/6036 6011/6011
f 6012/6012 6037/6037 6013/6013
f 6037/6037 6038/6038 6013/6013
f 6013/6013 6038/6038 6014/6014
f 6038/6038 6039/6039 6014/6014
f 6014/6014 6039/6039 6015/6015
f 6039/6039 6040/6040 6015/6015
f 6015/6015 6040/6040 6016/6016
f 6040/6040 6041/6041 6016/6016
f 6016/6016 6041/6041 6017/6017
f 6041/6041 6042/6042 6017/6017
f 6017/6017 6042/6042 6018/6018
f 6042/6042 6043/6043 6018/6018
f 6018/6018 6043/6043 6019/6019
f 6043/6043 6044/6044 6019/6019
f 6019/6019 6044/6044 6020/6020
f 6044/6044 6045/6045 6020/6020
f 6020/6020 6045/6045 6021/6021
f 6045/6045 6046/6046 6021/6021
f 6021/6021 6046/6046 6022/6022
f 6046/6046 6047/6047 6022/6022
f 6022/6022 6047/6047 6023/6023
f 6047/6047 6048/6048 6023/6023
f 6023/6023 6048/6048 6024/6024
f 6048/6048 6049/6049 6024/6024
f 6024/6024 6049/6049 6025/6025
f 6049/6049 6050/6050 6025/6025
f 6025/6025 6050/6050 6026/6026
f 6050/6050 6051/6051 6026/6026
f 6026/6026 6051/6051 6027/6027
f 6051/6051 6052/6052 6027/6027
f 6027/6027 6052/6052 6028/6028
f 6052/6052 6053/6053 6028/6028
f 6028/6028 6053/6053 6029/6029
f 6053/6053 6054/6054 6029/6029
f 6029/6029 6054/6054 6030/6030
f 6054/6054 6055/6055 6030/6030
f 6030/6030 6055/6055 6031/6031
f 6055/6055 6056/6056 6031/6031
f 6031/6031 6056/6056 6032/6032
f 6056/6056 6057/6057 6032/6032
f 6032/6032 6057/6057 6033/6033
f 6057/6057 6058/6058 6033/6033
f 6033/6033 6058/6058 6034/6034
f 6058/6058 6059/6059 6034/6034
f 6034/6034 6059/6059 6035/6035
f 6059/6059 6060/6060 6035/6035
f 6035/6035 6060/6060 6036/6036
f 6060/6060 6061/6061 6036/6036
f 6037/6037 6062/6062 6038/6038
f 6062/6062 6063/6063 6038/6038
f 6038/6038 6063/6063 6039/6039
f 6063/6063 6064/6064 6039/6039
f 6039/6039 6064/6064 6040/6040
f 6064/6064 6065/6065 6040/6040
f 6040/6040 6065/6065 6041/6041
f 6065/6065 6066/6066 6041/6041
f 6041/6041 6066/6066 6042/6042
f 6066/6066 6067/6067 6042/6042
f 6042/6042 6067/6067 6043/6043
f 6067/6067 6068/6068 6043/6043
f 6043/6043 6068/6068 6044/6044
f 6068/6068 6069/6069 6044/6044
f 6044/6044 6069/6069 6045/6045
f 6069/6069 6070/6070 6045/6045
f 6045/6045 6070/6070 6046/6046
f 6070/6070 6071/6071 6046/6046
f 6046/6046 6071/6071 6047/6047
f 6071/6071 6072/6072 6047/6047
f 6047/6047 6072/6072 6048/6048
f 6072/6072 6073/6073 6048/6048
f 6048/6048 6073/6073 6049/6049
f 6073/6073 6074/6074 6049/6049
f 6049/6049 6074/6074 6050/6050
f 6074/6074 6075/6075 6050/6050
f 6050/6050 6075/6075 6051/6051
f 6075/6075 6076/6076 6051/6051
f 6051/6051 6076/6076 6052/6052
f 6076/6076 6077/6077 6052/6052
f 6052/6052 6077/6077 6053/6053
f 6077/6077 6078/6078 6053/6053
f 6053/6053 6078/6078 6054/6054
f 6078/6078 6079/6079 6054/6054
f 6054/6054 6079/6079 6055/6055
f 6079/6079 6080/6080 6055/6055
f 6055/6055 6080/6080 6056/6056
f 6080/6080 6081/6081 6056/6056
f 6056/6056 6081/6081 6057/6057
f 6081/6081 6082/6082 6057/6057
f 6057/6057 6082/6082 6058/6058
f 6082/6082 6083/6083 6058/6058
f 6058/6058 6083/6083 6059/6059
f 6083/6083 6084/6084 6059/6059
f 6059/6059 6084/6084 6060/6060
f 6084/6084 6085/6085 6060/6060
f 6060/6060 6085/6085 6061/6061
f 6085/6085 6086/6086 6061/6061
f 6062/6062 6087/6087 6063/6063
f 6087/6087 6088/6088 6063/6063
f 6063/6063 6088/6088 6064/6064
f 6088/6088 6089/6089 6064/6064
f 6064/6064 6089/6089 6065/6065
f 6089/6089 6090/6090 6065/6065
f 6065/6065 6090/6090 6066/6066
f 6090/6090 6091/6091 6066/6066
f 6066/6066 6091/6091 6067/6067
f 6091/6091 6092/6092 6067/6067
f 6067/6067 6092/6092 6068/6068
f 6092/6092 6093/6093 6068/6068
f 6068/6068 6093/6093 6069/6069
f 6093/6093 6094/6094 6069/6069
f 6069/6069 6094/6094 6070/6070
f 6094/6094 6095/6095 6070/6070
f 6070/6070 6095/6095 6071/6071
f 6095/6095 6096/6096 6071/6071
f 6071/6071 6096/6096 6072/6072
f 6096/6096 6097/6097 6072/6072
f 6072/6072 6097/6097 6073/6073
f 6097/6097 6098/6098 6073/6073
f 6073/6073 6098/6098 6074/6074
f 6098/6098 6099/6099 6074/6074
f 6074/6074 6099/6099 6075/6075
f 6099/6099 6100/6100 6075/6075
f 6075/6075 6100/6100 6076/6076
f 6100/6100 6101/6101 6076/6076
f 6076/6076 6101/6101 6077/6077
f 6101/6101 6102/6102 6077/6077
f 6077/6077 6102/6102 6078/6078
f 6102/6102 6103/6103 6078/6078
f 6078/6078 6103/6103 6079/6079
f 6103/6103 6104/6104 6079/6079
f 6079/6079 6104/6104 6080/6080
f 6104/6104 6105/6105 6080/6080
f 6080/6080 6105/6105 6081/6081
f 6105/6105 6106/6106 6081/6081
f 6081/6081 6106/6106 6082/6082
f 6106/6106 6107/6107 6082/6082
f 6082/6082 6107/6107 6083/6083
f 6107/6107 6108/6108 6083/6083
f 6083/6083 6108/6108 6084/6084
f 6108/6108 6109/6109 6084/6084
f 6084/6084 6109/6109 6085/6085
f 6109/6109 6110/6110 6085/6085
f 6085/6085 6110/6110 6086/6086
f 6110/6110 6111/6111 6086/6086
f 6087/6087 6112/6112 6088/6088
f 6112/6112 6113/6113 6088/6088
f 6088/6088 6113/6113 6089/6089
f 6113/6113 6114/6114 6089/6089
f 6089/6089 6114/6114 6090/6090
f 6114/6114 6115/6115 6090/6090
f 6090/6090 6115/6115 6091/6091
f 6115/6115 6116/6116 6091/6091
f 6091/6091 6116/6116 6092/6092
f 6116/6116 6117/6117 6092/6092
f 6092/6092 6117/6117 6093/6093
f 6117/6117 6118/6118 6093/6093
f 6093/6093 6118/6118 6094/6094
f 6118/6118 6119/6119 6094/6094
f 6094/6094 6119/6119 6095/6095
f 6119/6119 6120/6120 6095/6095
f 6095/6095 6120/6120 6096/6096
f 6120/6120 6121/6121 6096/6096
f 6096/6096 6121/6121 6097/6097
f 6121/6121 6122/6122 6097/6097
f 6097/6097 6122/6122 6098/6098
f 6122/6122 6123/6123 6098/6098
f 6098/6098 6123/6123 6099/6099
f 6123/6123 6124/6124 6099/6099
f 6099/6099 6124/6124 6100/6100
f 6124/6124 6125/6125 6100/6100
f 6100/6100 6125/6125 6101/6101
f 6125/6125 6126/6126 6101/6101
f 6101/6101 6126/6126 6102/6102
f 6126/6126 6127/6127 6102/6102
f 6102/6102 6127/6127 6103/6103
f 6127/6127 6128/6128 6103/6103
f 6103/6103 6128/6128 6104/6104
f 6128/6128 6129/6129 6104/6104
f 6104/6104 6129/6129 6105/6105
f 6129/6129 6130/6130 6105/6105
f 6105/6105 6130/6130 6106/6106
f 6130/6130 6131/6131 6106/6106
f 6106/6106 6131/6131 6107/6107
f 6131/6131 6132/6132 6107/6107
f 6107/6107 6132/6132 6108/6108
f 6132/6132 6133/6133 6108/6108
f 6108/6108 6133/6133 6109/6109
f 6133/6133 6134/6134 6109/6109
f 6109/6109 6134/6134 6110/6110
f 6134/6134 6135/6135 6110/6110
f 6110/6110 6135/6135 6111/6111
f 6135/6135 6136/6136 6111/6111
f 6112/6112 6137/6137 6113/6113
f 6137/6137 6138/6138 6113/6113
f 6113/6113 6138/6138 6114/6114
f 6138/6138 6139/6139 6114/6114
f 6114/6114 6139/6139 6115/6115
f 6139/6139 6140/6140 6115/6115
f 6115/6115 6140/6140 6116/6116
f 6140/6140 6141/6141 6116/6116
f 6116/6116 6141/6141 6117/6117
f 6141/6141 6142/6142 6117/6117
f 6117/6117 6142/6142 6118/6118
f 6142/6142 6143/6143 6118/6118
f 6118/6118 6143/6143 6119/6119
f 6143/6143 6144/6144 6119/6119
f 6119/6119 6144/6144 6120/6120
f 6144/6144 6145/6145 6120/6120
f 6120/6120 6145/6145 6121/6121
f 6145/6145 6146/6146 6121/6121
f 6121/6121 6146/6146 6122/6122
f 6146/6146 6147/6147 6122/6122
f 6122/6122 6147/6147 6123/6123
f 6147/6147 6148/6148 6123/6123
f 6123/6123 6148/6148 6124/6124
f 6148/6148 6149/6149 6124/6124
f 6124/6124 6149/6149 6125/6125
f 6149/6149 6150/6150 6125/6125
f 6125/6125 6150/6150 6126/6126
f 6150/6150 6151/6151 6126/6126
f 6126/6126 6151/6151 6127/6127
f 6151/6151 6152/6152 6127/6127
f 6127/6127 6152/6152 6128/6128
f 6152/6152 6153/6153 6128/6128
f 6128/6128 6153/6153 6129/6129
f 6153/6153 6154/6154 6129/6129
f 6129/6129 6154/6154 6130/6130
f 6154/6154 6155/6155 6130/6130
f 6130/6130 6155/6155 6131/6131
f 6155/6155 6156/6156 6131/6131
f 6131/6131 6156/6156 6132/6132
f 6156/6156 6157/6157 6132/6132
f 6132/6132 6157/6157 6133/6133
f 6157/6157 6158/6158 6133/6133
f 6133/6133 6158/6158 6134/6134
f 6158/6158 6159/6159 6134/6134
f 6134/6134 6159/6159 6135/6135
f 6159/6159 6160/6160 6135/6135
f 6135/6135 6160/6160 6136/6136
f 6160/6160 6161/6161 6136/6136
f 6151/6151 6162/6162 6152/6152
f 6162/6162 6163/6163 6152/6152
f 6152/6152 6163/6163 6153/6153
f 6163/6163 6164/6164 6153/6153
f 6153/6153 6164/6164 6154/6154
f 6164/6164 6165/6165 6154/6154
f 6154/6154 6165/6165 6155/6155
f 6165/6165 6166/6166 6155/6155
f 6155/6155 6166/6166 6156/6156
f 6166/6166 6167/6167 6156/6156
f 6156/6156 6167/6167 6157/6157
f 6167/6167 6168/6168 6157/6157
f 6157/6157 6168/6168 6158/6158
f 6168/6168 6169/6169 6158/6158
f 6158/6158 6169/6169 6159/6159
f 6169/6169 6170/6170 6159/6159
f 6159/6159 6170/6170 6160/6160
f 6170/6170 6171/6171 6160/6160
f 6160/6160 6171/6171 6161/6161
f 6171/6171 6172/6172 6161/6161
f 6164/6164 6173/6173 6165/6165
f 6173/6173 6174/6174 6165/6165
f 6165/6165 6174/6174 6166/6166
f 6174/6174 6175/6175 6166/6166
f 6166/6166 6175/6175 6167/6167
f 6175/6175 6176/6176 6167/6167
f 6167/6167 6176/6176 6168/6168
f 6176/6176 6177/6177 6168/6168
f 6168/6168 6177/6177 6169/6169
f 6177/6177 6178/6178 6169/6169
f 6169/6169 6178/6178 6170/6170
f 6178/6178 6179/6179 6170/6170
f 6170/6170 6179/6179 6171/6171
f 6179/6179 6180/6180 6171/6171
f 6171/6171 6180/6180 6172/6172
f 6180/6180 6181/6181 6172/6172
f 6176/6176 6182/6182 6177/6177
f 6182/6182 6183/6183 6177/6177
f 6177/6177 6183/6183 6178/6178
f 6183/6183 6184/6184 6178/6178
f 6178/6178 6184/6184 6179/6179
f 6184/6184 6185/6185 6179/6179
f 6179/6179 6185/6185 6180/6180
f 6185/6185 6186/6186 6180/6180
f 6180/6180 6186/6186 6181/6181
f 6186/6186 6187/6187 6181/6181
f 6182/6182 6188/6188 6183/6183
f 6188/6188 6189/6189 6183/6183
f 6183/6183 6189/6189 6184/6184
f 6189/6189 6190/6190 6184/6184
f 6184/6184 6190/6190 6185/6185
f 6190/6190 6191/6191 6185/6185
f 6185/6185 6191/6191 6186/6186
f 6191/6191 6192/6192 6186/6186
f 6186/6186 6192/6192 6187/6187
f 6192/6192 6193/6193 6187/6187
f 6188/6188 6194/6194 6189/6189
f 6194/6194 6195/6195 6189/6189
f 6189/6189 6195/6195 6190/6190
f 6195/6195 6196/6196 6190/6190
f 6190/6190 6196/6196 6191/6191
f 6196/6196 6197/6197 6191/6191
f 6191/6191 6197/6197 6192/6192
f 6197/6197 6198/6198 6192/6192
f 6192/6192 6198/6198 6193/6193
f 6198/6198 6199/6199 6193/6193
f 6194/6194 6200/6200 6195/6195
f 6200/6200 6201/6201 6195/6195
f 6195/6195 6201/6201 6196/6196
f 6201/6201 6202/6202 6196/6196
f 6196/6196 6202/6202 6197/6197
f 6202/6202 6203/6203 6197/6197
f 6197/6197 6203/6203 6198/6198
f 6203/6203 6204/6204 6198/6198
f 6198/6198 6204/6204 6199/6199
f 6204/6204 6205/6205 6199/6199
f 6200/6200 6206/6206 6201/6201
f 6206/6206 6207/6207 6201/6201
f 6201/6201 6207/6207 6202/6202
f 6207/6207 6208/6208 6202/6202
f 6202/6202 6208/6208 6203/6203
f 6208/6208 6209/6209 6203/6203
f 6203/6203 6209/6209 6204/6204
f 6209/6209 6210/6210 6204/6204
f 6204/6204 6210/6210 6205/6205
f 6210/6210 6211/6211 6205/6205
f 6206/6206 6212/6212 6207/6207
f 6212/6212 6213/6213 6207/6207
f 6207/6207 6213/6213 6208/6208
f 6213/6213 6214/6214 6208/6208
f 6208/6208 6214/6214 6209/6209
f 6214/6214 6215/6215 6209/6209
f 6209/6209 6215/6215 6210/6210
f 6215/6215 6216/6216 6210/6210
f 6210/6210 6216/6216 6211/6211
f 6216/6216 6217/6217 6211/6211
f 6212/6212 6218/6218 6213/6213
f 6218/6218 6219/6219 6213/6213
f 6213/6213 6219/6219 6214/6214
f 6219/6219 6220/6220 6214/6214
f 6214/6214 6220/6220 6215/6215
f 6220/6220 6221/6221 6215/6215
f 6215/6215 6221/6221 6216/6216
f 6221/6221 6222/6222 6216/6216
f 6216/6216 6222/6222 6217/6217
f 6222/6222 6223/6223 6217/6217
f 6218/6218 6224/6224 6219/6219
f 6224/6224 6225/6225 6219/6219
f 6219/6219 6225/6225 6220/6220
f 6225/6225 6226/6226 6220/6220
f 6220/6220 6226/6226 6221/6221
f 6226/6226 6227/6227 6221/6221
f 6221/6221 6227/6227 6222/6222
f 6227/6227 6228/6228 6222/6222
f 6222/6222 6228/6228 6223/6223
f 6228/6228 6229/6229 6223/6223
f 6224/6224 6218/6218 6230/6230
f 6218/6218 6231/6231 6230/6230
f 6230/6230 6231/6231 6232/6232
f 6231/6231 6233/6233 6232/6232
f 6232/6232 6233/6233 6234/6234
f 6233/6233 6235/6235 6234/6234
f 6234/6234 6235/6235 6236/6236
f 6235/6235 6237/6237 6236/6236
f 6236/6236 6237/6237 6238/6238
f 6237/6237 6239/6239 6238/6238
f 6238/6238 6239/6239 6240/6240
f 6239/6239 6241/6241 6240/6240
f 6240/6240 6241/6241 6242/6242
f 6241/6241 6243/6243 6242/6242
f 6242/6242 6243/6243 6244/6244
f 6243/6243 6245/6245 6244/6244
f 6244/6244 6245/6245 6246/6246
f 6245/6245 6247/6247 6246/6246
f 6246/6246 6247/6247 6248/6248
f 6247/6247 6249/6249 6248/6248
f 6248/6248 6249/6249 6250/6250
f 6249/6249 6251/6251 6250/6250
f 6250/6250 6251/6251 6252/6252
f 6251/6251 6253/6253 6252/6252
f 6252/6252 6253/6253 6254/6254
f 6253/6253 6255/6255 6254/6254
f 6254/6254 6255/6255 6256/6256
f 6255/6255 6257/6257 6256/6256
f 6256/6256 6257/6257 6258/6258
f 6257/6257 6259/6259 6258/6258
f 6258/6258 6259/6259 6260/6260
f 6259/6259 6261/6261 6260/6260
f 6260/6260 6261/6261 6262/6262
f 6261/6261 6263/6263 6262/6262
f 6262/6262 6263/6263 6264/6264
f 6263/6263 6265/6265 6264/6264
f 6264/6264 6265/6265 6266/6266
f 6265/6265 6267/6267 6266/6266
f 6218/6218 6212/6212 6231/6231
f 6212/6212 6268/6268 6231/6231
f 6231/6231 6268/6268 6233/6233
f 6268/6268 6269/6269 6233/6233
f 6233/6233 6269/6269 6235/6235
f 6269/6269 6270/6270 6235/6235
f 6235/6235 6270/6270 6237/6237
f 6270/6270 6271/6271 6237/6237
f 6237/6237 6271/6271 6239/6239
f 6271/6271 6272/6272 6239/6239
f 6239/6239 6272/6272 6241/6241
f 6272/6272 6273/6273 6241/6241
f 6241/6241 6273/6273 6243/6243
f 6273/6273 6274/6274 6243/6243
f 6243/6243 6274/6274 6245/6245
f 6274/6274 6275/6275 6245/6245
f 6245/6245 6275/6275 6247/6247
f 6275/6275 6276/6276 6247/6247
f 6247/6247 6276/6276 6249/6249
f 6276/6276 6277/6277 6249/6249
f 6249/6249 6277/6277 6251/6251
f 6277/6277 6278/6278 6251/6251
f 6251/6251 6278/6278 6253/6253
f 6278/6278 6279/6279 6253/6253
f 6253/6253 6279/6279 6255/6255
f 6279/6279 6280/6280 6255/6255
f 6255/6255 6280/6280 6257/6257
f 6280/6280 6281/6281 6257/6257
f 6257/6257 6281/6281 6259/6259
f 6281/6281 6282/6282 6259/6259
f 6259/6259 6282/6282 6261/6261
f 6282/6282 6283/6283 6261/6261
f 6261/6261 6283/6283 6263/6263
f 6283/6283 6284/6284 6263/6263
f 6263/6263 6284/6284 6265/6265
f 6284/6284 6285/6285 6265/6265
f 6265/6265 6285/6285 6267/6267
f 6285/6285 6286/6286 6267/6267
f 6212/6212 6206/6206 6268/6268
f 6206/6206 6287/6287 6268/6268
f 6268/6268 6287/6287 6269/6269
f 6287/6287 6288/6288 6269/6269
f 6269/6269 6288/6288 6270/6270
f 6288/6288 6289/6289 6270/6270
f 6270/6270 6289/6289 6271/6271
f 6289/6289 6290/6290 6271/6271
f 6271/6271 6290/6290 6272/6272
f 6290/6290 6291/6291 6272/6272
f 6272/6272 6291/6291 6273/6273
f 6291/6291 6292/6292 6273/6273
f 6273/6273 6292/6292 6274/6274
f 6292/6292 6293/6293 6274/6274
f 6274/6274 6293/6293 6275/6275
f 6293/6293 6294/6294 6275/6275
f 6275/6275 6294/6294 6276/6276
f 6294/6294 6295/6295 6276/6276
f 6276/6276 6295/6295 6277/6277
f 6295/6295 6296/6296 6277/6277
f 6277/6277 6296/6296 6278/6278
f 6296/6296 6297/6297 6278/6278
f 6278/6278 6297/6297 6279/6279
f 6297/6297 6298/6298 6279/6279
f 6279/6279 6298/6298 6280/6280
f 6298/6298 6299/6299 6280/6280
f 6280/6280 6299/6299 6281/6281
f 6299/6299 6300/6300 6281/6281
f 6281/6281 6300/6300 6282/6282
f 6300/6300 6301/6301 6282/6282
f 6282/6282 6301/6301 6283/6283
f 6301/6301 6302/6302 6283/6283
f 6283/6283 6302/6302 6284/6284
f 6302/6302 6303/6303 6284/6284
f 6284/6284 6303/6303 6285/6285
f 6303/6303 6304/6304 6285/6285
f 6285/6285 6304/6304 6286/6286
f 6304/6304 6305/6305 6286/6286
f 6206/6206 6200/6200 6287/6287
f 6200/6200 6306/6306 6287/6287
f 6287/6287 6306/6306 6288/6288
f 6306/6306 6307/6307 6288/6288
f 6288/6288 6307/6307 6289/6289
f 6307/6307 6308/6308 6289/6289
f 6289/6289 6308/6308 6290/6290
f 6308/6308 6309/6309 6290/6290
f 6290/6290 6309/6309 6291/6291
f 6309/6309 6310/6310 6291/6291
f 6291/6291 6310/6310 6292/6292
f 6310/6310 6311/6311 6292/6292
f 6292/6292 6311/6311 6293/6293
f 6311/6311 6312/6312 6293/6293
f 6293/6293 6312/6312 6294/6294
f 6312/6312 6313/6313 6294/6294
f 6294/6294 6313/6313 6295/6295
f 6313/6313 6314/6314 6295/6295
f 6295/6295 6314/6314 6296/6296
f 6314/6314 6315/6315 6296/6296
f 6296/6296 6315/6315 6297/6297
f 6315/6315 6316/6316 6297/6297
f 6297/6297 6316/6316 6298/6298
f 6316/6316 6317/6317 6298/6298
f 6298/6298 6317/6317 6299/6299
f 6317/6317 6318/6318 6299/6299
f 6299/6299 6318/6318 6300/6300
f 6318/6318 6319/6319 6300/6300
f 6300/6300 6319/6319 6301/6301
f 6319/6319 6320/6320 6301/6301
f 6301/6301 6320/6320 6302/6302
f 6320/6320 6321/6321 6302/6302
f 6302/6302 6321/6321 6303/6303
f 6321/6321 6322/6322 6303/6303
f 6303/6303 6322/6322 6304/6304
f 6322/6322 6323/6323 6304/6304
f 6304/6304 6323/6323 6305/6305
f 6323/6323 6324/6324 6305/6305
f 6200/6200 6194/6194 6306/6306
f 6194/6194 6325/6325 6306/6306
f 6306/6306 6325/6325 6307/6307
f 6325/6325 6326/6326 6307/6307
f 6307/6307 6326/6326 6308/6308
f 6326/6326 6327/6327 6308/6308
f 6308/6308 6327/6327 6309/6309
f 6327/6327 6328/6328 6309/6309
f 6309/6309 6328/6328 6310/6310
f 6328/6328 6329/6329 6310/6310
f 6310/6310 6329/6329 6311/6311
f 6329/6329 6330/6330 6311/6311
f 6311/6311 6330/6330 6312/6312
f 6330/6330 6331/6331 6312/6312
f 6312/6312 6331/6331 6313/6313
f 6331/6331 6332/6332 6313/6313
f 6313/6313 6332/6332 6314/6314
f 6332/6332 6333/6333 6314/6314
f 6314/6314 6333/6333 6315/6315
f 6333/6333 6334/6334 6315/6315
f 6315/6315 6334/6334 6316/6316
f 6334/6334 6335/6335 6316/6316
f 6316/6316 6335/6335 6317/6317
f 6335/6335 6336/6336 6317/6317
f 6317/6317 6336/6336 6318/6318
f 6336/6336 6337/6337 6318/6318
f 6318/6318 6337/6337 6319/6319
f 6337/6337 6338/6338 6319/6319
f 6319/6319 6338/6338 6320/6320
f 6338/6338 6339/6339 6320/6320
f 6320/6320 6339/6339 6321/6321
f 6339/6339 6340/6340 6321/6321
f 6321/6321 6340/6340 6322/6322
f 6340/6340 6341/6341 6322/6322
f 6322/6322 6341/6341 6323/6323
f 6341/6341 6342/6342 6323/6323
f 6323/6323 6342/6342 6324/6324
f 6342/6342 6343/6343 6324/6324
f 6194/6194 6188/6188 6325/6325
f 6188/6188 6344/6344 6325/6325
f 6325/6325 6344/6344 6326/6326
f 6344/6344 6345/6345 6326/6326
f 6326/6326 6345/6345 6327/6327
f 6345/6345 6346/6346 6327/6327
f 6327/6327 6346/6346 6328/6328
f 6346/6346 6347/6347 6328/6328
f 6328/6328 6347/6347 6329/6329
f 6347/6347 6348/6348 6329/6329
f 6329/6329 6348/6348 6330/6330
f 6348/6348 6349/6349 6330/6330
f 6330/6330 6349/6349 6331/6331
f 6349/6349 6350/6350 6331/6331
f 6331/6331 6350/6350 6332/6332
f 6350/6350 6351/6351 6332/6332
f 6332/6332 6351/6351 6333/6333
f 6351/6351 6352/6352 6333/6333
f 6333/6333 6352/6352 6334/6334
f 6352/6352 6353/6353 6334/6334
f 6334/6334 6353/6353 6335/6335
f 6353/6353 6354/6354 6335/6335
f 6335/6335 6354/6354 6336/6336
f 6354/6354 6355/6355 6336/6336
f 6336/6336 6355/6355 6337/6337
f 6355/6355 6356/6356 6337/6337
f 6337/6337 6356/6356 6338/6338
f 6356/6356 6357/6357 6338/6338
f 6338/6338 6357/6357 6339/6339
f 6357/6357 6358/6358 6339/6339
f 6339/6339 6358/6358 6340/6340
f 6358/6358 6359/6359 6340/6340
f 6340/6340 6359/6359 6341/6341
f 6359/6359 6360/6360 6341/6341
f 6341/6341 6360/6360 6342/6342
f 6360/6360 6361/6361 6342/6342
f 6342/6342 6361/6361 6343/6343
f 6361/6361 6362/6362 6343/6343
f 6360/6360 6359/6359 6363/6363
f 6359/6359 6364/6364 6363/6363
f 6363/6363 6364/6364 6365/6365
f 6364/6364 6366/6366 6365/6365
f 6365/6365 6366/6366 6367/6367
f 6366/6366 6368/6368 6367/6367
f 6367/6367 6368/6368 6369/6369
f 6368/6368 6370/6370 6369/6369
f 6369/6369 6370/6370 6371/6371
f 6370/6370 6372/6372 6371/6371
f 6371/6371 6372/6372 6373/6373
f 6372/6372 6374/6374 6373/6373
f 6373/6373 6374/6374 6375/6375
f 6374/6374 6376/6376 6375/6375
f 6375/6375 6376/6376 6144/6144
f 6376/6376 6377/6377 6144/6144
f 6144/6144 6377/6377 6145/6145
f 6377/6377 6378/6378 6145/6145
f 6145/6145 6378/6378 6146/6146
f 6378/6378 6379/6379 6146/6146
f 6146/6146 6379/6379 6147/6147
f 6379/6379 6380/6380 6147/6147
f 6147/6147 6380/6380 6148/6148
f 6380/6380 6381/6381 6148/6148
f 6148/6148 6381/6381 6149/6149
f 6381/6381 6382/6382 6149/6149
f 6149/6149 6382/6382 6150/6150
f 6382/6382 6162/6162 6150/6150
f 6150/6150 6162/6162 6151/6151
f 6374/6374 6383/6383 6376/6376
f 6383/6383 6384/6384 6376/6376
f 6376/6376 6384/6384 6377/6377
f 6384/6384 6385/6385 6377/6377
f 6377/6377 6385/6385 6378/6378
f 6385/6385 6386/6386 6378/6378
f 6378/6378 6386/6386 6379/6379
f 6386/6386 6387/6387 6379/6379
f 6379/6379 6387/6387 6380/6380
f 6387/6387 6388/6388 6380/6380
f 6380/6380 6388/6388 6381/6381
f 6388/6388 6389/6389 6381/6381
f 6381/6381 6389/6389 6382/6382
f 6389/6389 6390/6390 6382/6382
f 6382/6382 6390/6390 6162/6162
f 6390/6390 6163/6163 6162/6162
f 6383/6383 6391/6391 6384/6384
f 6391/6391 6392/6392 6384/6384
f 6384/6384 6392/6392 6385/6385
f 6392/6392 6393/6393 6385/6385
f 6385/6385 6393/6393 6386/6386
f 6393/6393 6394/6394 6386/6386
f 6386/6386 6394/6394 6387/6387
f 6394/6394 6395/6395 6387/6387
f 6387/6387 6395/6395 6388/6388
f 6395/6395 6396/6396 6388/6388
f 6388/6388 6396/6396 6389/6389
f 6396/6396 6397/6397 6389/6389
f 6389/6389 6397/6397 6390/6390
f 6397/6397 6398/6398 6390/6390
f 6390/6390 6398/6398 6163/6163
f 6398/6398 6164/6164 6163/6163
f 6391/6391 6399/6399 6392/6392
f 6399/6399 6400/6400 6392/6392
f 6392/6392 6400/6400 6393/6393
f 6400/6400 6401/6401 6393/6393
f 6393/6393 6401/6401 6394/6394
f 6401/6401 6402/6402 6394/6394
f 6394/6394 6402/6402 6395/6395
f 6402/6402 6403/6403 6395/6395
f 6395/6395 6403/6403 6396/6396
f 6403/6403 6404/6404 6396/6396
f 6396/6396 6404/6404 6397/6397
f 6404/6404 6405/6405 6397/6397
f 6397/6397 6405/6405 6398/6398
f 6405/6405 6406/6406 6398/6398
f 6398/6398 6406/6406 6164/6164
f 6406/6406 6173/6173 6164/6164
f 6173/6173 6406/6406 6407/6407
f 6406/6406 6405/6405 6407/6407
f 6407/6407 6405/6405 6408/6408
f 6405/6405 6404/6404 6408/6408
f 6408/6408 6404/6404 6409/6409
f 6404/6404 6403/6403 6409/6409
f 6409/6409 6403/6403 6410/6410
f 6403/6403 6402/6402 6410/6410
f 6410/6410 6402/6402 6411/6411
f 6402/6402 6401/6401 6411/6411
f 6411/6411 6401/6401 6412/6412
f 6401/6401 6400/6400 6412/6412
f 6412/6412 6400/6400 6413/6413
f 6400/6400 6399/6399 6413/6413
f 6413/6413 6399/6399 6414/6414
f 6399/6399 6415/6415 6414/6414
f 6414/6414 6415/6415 6416/6416
f 6415/6415 6417/6417 6416/6416
f 6416/6416 6417/6417 6418/6418
f 6417/6417 6419/6419 6418/6418
f 6418/6418 6419/6419 6420/6420
f 6419/6419 6417/6417 6421/6421
f 6417/6417 6422/6422 6421/6421
f 6421/6421 6422/6422 6423/6423
f 6422/6422 6383/6383 6423/6423
f 6423/6423 6383/6383 6424/6424
f 6383/6383 6374/6374 6424/6424
f 6424/6424 6374/6374 6425/6425
f 6374/6374 6372/6372 6425/6425
f 6425/6425 6372/6372 6426/6426
f 6372/6372 6427/6427 6426/6426
f 6426/6426 6427/6427 6428/6428
f 6427/6427 6429/6429 6428/6428
f 6428/6428 6429/6429 6430/6430
f 6429/6429 6431/6431 6430/6430
f 6430/6430 6431/6431 6432/6432
f 6431/6431 6433/6433 6432/6432
f 6432/6432 6433/6433 6434/6434
f 6433/6433 6435/6435 6434/6434
f 6434/6434 6435/6435 6420/6420
f 6435/6435 6418/6418 6420/6420
f 6418/6418 6435/6435 6436/6436
f 6435/6435 6437/6437 6436/6436
f 6436/6436 6437/6437 6438/6438
f 6437/6437 6354/6354 6438/6438
f 6438/6438 6354/6354 6439/6439
f 6354/6354 6353/6353 6439/6439
f 6439/6439 6353/6353 6440/6440
f 6353/6353 6352/6352 6440/6440
f 6440/6440 6352/6352 6441/6441
f 6352/6352 6351/6351 6441/6441
f 6441/6441 6351/6351 6442/6442
f 6351/6351 6350/6350 6442/6442
f 6442/6442 6350/6350 6443/6443
f 6350/6350 6349/6349 6443/6443
f 6443/6443 6349/6349 6444/6444
f 6349/6349 6348/6348 6444/6444
f 6444/6444 6348/6348 6445/6445
f 6348/6348 6347/6347 6445/6445
f 6445/6445 6347/6347 6446/6446
f 6347/6347 6346/6346 6446/6446
f 6446/6446 6346/6346 6345/6345
f 6437/6437 6435/6435 6355/6355
f 6435/6435 6433/6433 6355/6355
f 6355/6355 6433/6433 6356/6356
f 6433/6433 6431/6431 6356/6356
f 6356/6356 6431/6431 6357/6357
f 6431/6431 6429/6429 6357/6357
f 6357/6357 6429/6429 6447/6447
f 6429/6429 6427/6427 6447/6447
f 6447/6447 6427/6427 6370/6370
f 6427/6427 6372/6372 6370/6370
f 6370/6370 6368/6368 6447/6447
f 6368/6368 6448/6448 6447/6447
f 6447/6447 6448/6448 6357/6357
f 6448/6448 6358/6358 6357/6357
f 6368/6368 6366/6366 6448/6448
f 6366/6366 6364/6364 6448/6448
f 6448/6448 6364/6364 6358/6358
f 6364/6364 6359/6359 6358/6358
f 6137/6137 6449/6449 6138/6138
f 6449/6449 6450/6450 6138/6138
f 6138/6138 6450/6450 6139/6139
f 6450/6450 6451/6451 6139/6139
f 6139/6139 6451/6451 6367/6367
f 6451/6451 6365/6365 6367/6367
f 6449/6449 6452/6452 6450/6450
f 6452/6452 6453/6453 6450/6450
f 6450/6450 6453/6453 6365/6365
f 6453/6453 6454/6454 6365/6365
f 6365/6365 6454/6454 6363/6363
f 6454/6454 6361/6361 6363/6363
f 6363/6363 6361/6361 6360/6360
f 6453/6453 6455/6455 6454/6454
f 6455/6455 6362/6362 6454/6454
f 6454/6454 6362/6362 6361/6361
f 6417/6417 6415/6415 6422/6422
f 6415/6415 6391/6391 6422/6422
f 6422/6422 6391/6391 6383/6383
f 6418/6418 6436/6436 6416/6416
f 6436/6436 6414/6414 6416/6416
f 6414/6414 6436/6436 6456/6456
f 6436/6436 6438/6438 6456/6456
f 6456/6456 6438/6438 6439/6439
f 6456/6456 6439/6439 6457/6457
f 6439/6439 6440/6440 6457/6457
f 6457/6457 6440/6440 6458/6458
f 6440/6440 6441/6441 6458/6458
f 6458/6458 6441/6441 6459/6459
f 6441/6441 6442/6442 6459/6459
f 6459/6459 6442/6442 6460/6460
f 6442/6442 6443/6443 6460/6460
f 6460/6460 6443/6443 6461/6461
f 6443/6443 6444/6444 6461/6461
f 6461/6461 6444/6444 6462/6462
f 6444/6444 6445/6445 6462/6462
f 6462/6462 6445/6445 6463/6463
f 6445/6445 6446/6446 6463/6463
f 6463/6463 6446/6446 6464/6464
f 6446/6446 6465/6465 6464/6464
f 6464/6464 6465/6465 6466/6466
f 6465/6465 6467/6467 6466/6466
f 6466/6466 6468/6468 6464/6464
f 6468/6468 6469/6469 6464/6464
f 6464/6464 6469/6469 6463/6463
f 6469/6469 6470/6470 6463/6463
f 6463/6463 6470/6470 6462/6462
f 6470/6470 6471/6471 6462/6462
f 6462/6462 6471/6471 6461/6461
f 6471/6471 6409/6409 6461/6461
f 6461/6461 6409/6409 6460/6460
f 6409/6409 6410/6410 6460/6460
f 6460/6460 6410/6410 6459/6459
f 6410/6410 6411/6411 6459/6459
f 6459/6459 6411/6411 6458/6458
f 6411/6411 6412/6412 6458/6458
f 6458/6458 6412/6412 6457/6457
f 6412/6412 6413/6413 6457/6457
f 6457/6457 6413/6413 6456/6456
f 6413/6413 6414/6414 6456/6456
f 6468/6468 6472/6472 6469/6469
f 6472/6472 6473/6473 6469/6469
f 6469/6469 6473/6473 6470/6470
f 6473/6473 6474/6474 6470/6470
f 6470/6470 6474/6474 6471/6471
f 6474/6474 6408/6408 6471/6471
f 6471/6471 6408/6408 6409/6409
f 6474/6474 6473/6473 6407/6407
f 6473/6473 6475/6475 6407/6407
f 6407/6407 6475/6475 6173/6173
f 6475/6475 6174/6174 6173/6173
f 6473/6473 6476/6476 6475/6475
f 6476/6476 6477/6477 6475/6475
f 6475/6475 6477/6477 6478/6478
f 6477/6477 6479/6479 6478/6478
f 6478/6478 6479/6479 6480/6480
f 6479/6479 6481/6481 6480/6480
f 6480/6480 6481/6481 6482/6482
f 6481/6481 6483/6483 6482/6482
f 6482/6482 6483/6483 6182/6182
f 6483/6483 6484/6484 6182/6182
f 6182/6182 6484/6484 6485/6485
f 6484/6484 6486/6486 6485/6485
f 6485/6485 6486/6486 6487/6487
f 6486/6486 6467/6467 6487/6487
f 6487/6487 6467/6467 6465/6465
f 6465/6465 6345/6345 6487/6487
f 6345/6345 6344/6344 6487/6487
f 6487/6487 6344/6344 6485/6485
f 6344/6344 6188/6188 6485/6485
f 6485/6485 6188/6188 6182/6182
f 6475/6475 6478/6478 6174/6174
f 6478/6478 6175/6175 6174/6174
f 6478/6478 6480/6480 6175/6175
f 6480/6480 6176/6176 6175/6175
f 6480/6480 6482/6482 6176/6176
f 6482/6482 6182/6182 6176/6176
f 6144/6144 6143/6143 6375/6375
f 6143/6143 6373/6373 6375/6375
f 6143/6143 6142/6142 6373/6373
f 6142/6142 6371/6371 6373/6373
f 6371/6371 6142/6142 6369/6369
f 6142/6142 6141/6141 6369/6369
f 6369/6369 6141/6141 6367/6367
f 6141/6141 6140/6140 6367/6367
f 6367/6367 6140/6140 6139/6139
f 6488/6488 6489/6489 6490/6490
f 6489/6489 6491/6491 6490/6490
f 6490/6490 6491/6491 6492/6492
f 6491/6491 6493/6493 6492/6492
f 6493/6493 6491/6491 6494/6494
f 6491/6491 6495/6495 6494/6494
f 6494/6494 6495/6495 6496/6496
f 6495/6495 6497/6497 6496/6496
f 6496/6496 6497/6497 6498/6498
f 6497/6497 6499/6499 6498/6498
f 6498/6498 6499/6499 6500/6500
f 6499/6499 6501/6501 6500/6500
f 6500/6500 6501/6501 6502/6502
f 6501/6501 6503/6503 6502/6502
f 6502/6502 6503/6503 6504/6504
f 6503/6503 6505/6505 6504/6504
f 6504/6504 6505/6505 6506/6506
f 6505/6505 6507/6507 6506/6506
f 6506/6506 6507/6507 6508/6508
f 6507/6507 6509/6509 6508/6508
f 6508/6508 6509/6509 6510/6510
f 6501/6501 6499/6499 6511/6511
f 6499/6499 6512/6512 6511/6511
f 6511/6511 6512/6512 6513/6513
f 6512/6512 6497/6497 6513/6513
f 6513/6513 6497/6497 6514/6514
f 6497/6497 6495/6495 6514/6514
f 6514/6514 6495/6495 6515/6515
f 6495/6495 6491/6491 6515/6515
f 6515/6515 6491/6491 6489/6489
f 6489/6489 6516/6516 6515/6515
f 6516/6516 6517/6517 6515/6515
f 6515/6515 6517/6517 6514/6514
f 6517/6517 6518/6518 6514/6514
f 6514/6514 6518/6518 6513/6513
f 6518/6518 6519/6519 6513/6513
f 6513/6513 6519/6519 6511/6511
f 6519/6519 6520/6520 6511/6511
f 6511/6511 6520/6520 6501/6501
f 6520/6520 6503/6503 6501/6501
f 6516/6516 6521/6521 6517/6517
f 6521/6521 6522/6522 6517/6517
f 6517/6517 6522/6522 6518/6518
f 6522/6522 6523/6523 6518/6518
f 6518/6518 6523/6523 6519/6519
f 6523/6523 6524/6524 6519/6519
f 6519/6519 6524/6524 6520/6520
f 6524/6524 6525/6525 6520/6520
f 6520/6520 6525/6525 6505/6505
f 6525/6525 6526/6526 6505/6505
f 6505/6505 6526/6526 6507/6507
f 6526/6526 6527/6527 6507/6507
f 6507/6507 6527/6527 6509/6509
f 6521/6521 6528/6528 6522/6522
f 6528/6528 6529/6529 6522/6522
f 6522/6522 6529/6529 6523/6523
f 6529/6529 6530/6530 6523/6523
f 6523/6523 6530/6530 6524/6524
f 6530/6530 6531/6531 6524/6524
f 6524/6524 6531/6531 6525/6525
f 6531/6531 6532/6532 6525/6525
f 6525/6525 6532/6532 6526/6526
f 6532/6532 6533/6533 6526/6526
f 6526/6526 6533/6533 6527/6527
f 6528/6528 6534/6534 6529/6529
f 6534/6534 6535/6535 6529/6529
f 6529/6529 6535/6535 6530/6530
f 6535/6535 6536/6536 6530/6530
f 6530/6530 6536/6536 6531/6531
f 6536/6536 6537/6537 6531/6531
f 6531/6531 6537/6537 6532/6532
f 6537/6537 6538/6538 6532/6532
f 6532/6532 6538/6538 6533/6533
f 6536/6536 6539/6539 6537/6537
f 6539/6539 6540/6540 6537/6537
f 6537/6537 6540/6540 6538/6538
f 6540/6540 6539/6539 6541/6541
f 6539/6539 6542/6542 6541/6541
f 6541/6541 6542/6542 6543/6543
f 6542/6542 6544/6544 6543/6543
f 6543/6543 6544/6544 6545/6545
f 6544/6544 6546/6546 6545/6545
f 6545/6545 6546/6546 6547/6547
f 6546/6546 6548/6548 6547/6547
f 6547/6547 6548/6548 6549/6549
f 6548/6548 6550/6550 6549/6549
f 6549/6549 6550/6550 6551/6551
f 6550/6550 6552/6552 6551/6551
f 6539/6539 6553/6553 6542/6542
f 6553/6553 6554/6554 6542/6542
f 6542/6542 6554/6554 6544/6544
f 6554/6554 6555/6555 6544/6544
f 6544/6544 6555/6555 6546/6546
f 6555/6555 6556/6556 6546/6546
f 6546/6546 6556/6556 6548/6548
f 6556/6556 6557/6557 6548/6548
f 6548/6548 6557/6557 6550/6550
f 6557/6557 6558/6558 6550/6550
f 6550/6550 6558/6558 6552/6552
f 6558/6558 6559/6559 6552/6552
f 6556/6556 6560/6560 6557/6557
f 6560/6560 6561/6561 6557/6557
f 6557/6557 6561/6561 6562/6562
f 6561/6561 6563/6563 6562/6562
f 6562/6562 6563/6563 6564/6564
f 6563/6563 6565/6565 6564/6564
f 6564/6564 6565/6565 6566/6566
f 6565/6565 6567/6567 6566/6566
f 6566/6566 6567/6567 6568/6568
f 6567/6567 6569/6569 6568/6568
f 6568/6568 6569/6569 6570/6570
f 6568/6568 6571/6571 6566/6566
f 6571/6571 6572/6572 6566/6566
f 6566/6566 6572/6572 6564/6564
f 6572/6572 6573/6573 6564/6564
f 6564/6564 6573/6573 6562/6562
f 6573/6573 6558/6558 6562/6562
f 6562/6562 6558/6558 6557/6557
f 6558/6558 6573/6573 6574/6574
f 6573/6573 6572/6572 6574/6574
f 6574/6574 6572/6572 6575/6575
f 6572/6572 6571/6571 6575/6575
f 6575/6575 6571/6571 6576/6576
f 6571/6571 6577/6577 6576/6576
f 6576/6576 6577/6577 6578/6578
f 6577/6577 6579/6579 6578/6578
f 6578/6578 6579/6579 6580/6580
f 6579/6579 6581/6581 6580/6580
f 6580/6580 6581/6581 6582/6582
f 6582/6582 6583/6583 6580/6580
f 6583/6583 6584/6584 6580/6580
f 6580/6580 6584/6584 6578/6578
f 6584/6584 6585/6585 6578/6578
f 6578/6578 6585/6585 6576/6576
f 6585/6585 6586/6586 6576/6576
f 6576/6576 6586/6586 6575/6575
f 6586/6586 6587/6587 6575/6575
f 6575/6575 6587/6587 6574/6574
f 6587/6587 6559/6559 6574/6574
f 6574/6574 6559/6559 6558/6558
f 6559/6559 6587/6587 6588/6588
f 6587/6587 6586/6586 6588/6588
f 6588/6588 6586/6586 6589/6589
f 6586/6586 6585/6585 6589/6589
f 6589/6589 6585/6585 6590/6590
f 6585/6585 6584/6584 6590/6590
f 6571/6571 6568/6568 6577/6577
f 6568/6568 6579/6579 6577/6577
f 6568/6568 6570/6570 6579/6579
f 6570/6570 6591/6591 6579/6579
f 6579/6579 6591/6591 6592/6592
f 6560/6560 6593/6593 6561/6561
f 6593/6593 6563/6563 6561/6561
f 6593/6593 6594/6594 6563/6563
f 6594/6594 6565/6565 6563/6563
f 6594/6594 6595/6595 6565/6565
f 6595/6595 6567/6567 6565/6565
f 6595/6595 6596/6596 6567/6567
f 6596/6596 6569/6569 6567/6567
f 6596/6596 6595/6595 6597/6597
f 6595/6595 6598/6598 6597/6597
f 6599/6599 6600/6600 6601/6601
f 6600/6600 6602/6602 6601/6601
f 6601/6601 6602/6602 6603/6603
f 6602/6602 6600/6600 6604/6604
f 6600/6600 6605/6605 6604/6604
f 6604/6604 6605/6605 6606/6606
f 6605/6605 6607/6607 6606/6606
f 6606/6606 6607/6607 6608/6608
f 6605/6605 6609/6609 6607/6607
f 6609/6609 6610/6610 6607/6607
f 6609/6609 6611/6611 6610/6610
f 6611/6611 6612/6612 6610/6610
f 6610/6610 6612/6612 6613/6613
f 6612/6612 6611/6611 6614/6614
f 6611/6611 6615/6615 6614/6614
f 6614/6614 6615/6615 6616/6616
f 6615/6615 6617/6617 6616/6616
f 6611/6611 6618/6618 6615/6615
f 6618/6618 6619/6619 6615/6615
f 6615/6615 6619/6619 6617/6617
f 6620/6620 6621/6621 6622/6622
f 6621/6621 6623/6623 6622/6622
f 6622/6622 6623/6623 6624/6624
f 6623/6623 6625/6625 6624/6624
f 6624/6624 6625/6625 6626/6626
f 6625/6625 6627/6627 6626/6626
f 6626/6626 6627/6627 6628/6628
f 6627/6627 6629/6629 6628/6628
f 6628/6628 6629/6629 6630/6630
f 6629/6629 6631/6631 6630/6630
f 6630/6630 6631/6631 6632/6632
f 6631/6631 6633/6633 6632/6632
f 6632/6632 6633/6633 6634/6634
f 6633/6633 6635/6635 6634/6634
f 6634/6634 6635/6635 6636/6636
f 6635/6635 6637/6637 6636/6636
f 6636/6636 6637/6637 6638/6638
f 6637/6637 6639/6639 6638/6638
f 6638/6638 6639/6639 6640/6640
f 6639/6639 6641/6641 6640/6640
f 6640/6640 6641/6641 6642/6642
f 6641/6641 6643/6643 6642/6642
f 6642/6642 6643/6643 6644/6644
f 6644/6644 6645/6645 6642/6642
f 6645/6645 6646/6646 6642/6642
f 6642/6642 6646/6646 6640/6640
f 6646/6646 6647/6647 6640/6640
f 6640/6640 6647/6647 6638/6638
f 6647/6647 6648/6648 6638/6638
f 6638/6638 6648/6648 6636/6636
f 6648/6648 6649/6649 6636/6636
f 6636/6636 6649/6649 6634/6634
f 6649/6649 6650/6650 6634/6634
f 6634/6634 6650/6650 6632/6632
f 6650/6650 6651/6651 6632/6632
f 6632/6632 6651/6651 6630/6630
f 6651/6651 6652/6652 6630/6630
f 6630/6630 6652/6652 6628/6628
f 6652/6652 6653/6653 6628/6628
f 6628/6628 6653/6653 6626/6626
f 6653/6653 6654/6654 6626/6626
f 6626/6626 6654/6654 6624/6624
f 6654/6654 6655/6655 6624/6624
f 6624/6624 6655/6655 6622/6622
f 6645/6645 6656/6656 6646/6646
f 6656/6656 6657/6657 6646/6646
f 6646/6646 6657/6657 6647/6647
f 6657/6657 6658/6658 6647/6647
f 6647/6647 6658/6658 6648/6648
f 6658/6658 6659/6659 6648/6648
f 6648/6648 6659/6659 6649/6649
f 6659/6659 6660/6660 6649/6649
f 6649/6649 6660/6660 6650/6650
f 6660/6660 6661/6661 6650/6650
f 6650/6650 6661/6661 6651/6651
f 6661/6661 6662/6662 6651/6651
f 6651/6651 6662/6662 6652/6652
f 6662/6662 6663/6663 6652/6652
f 6652/6652 6663/6663 6653/6653
f 6663/6663 6664/6664 6653/6653
f 6653/6653 6664/6664 6654/6654
f 6664/6664 6665/6665 6654/6654
f 6654/6654 6665/6665 6655/6655
f 6656/6656 6666/6666 6657/6657
f 6666/6666 6667/6667 6657/6657
f 6657/6657 6667/6667 6658/6658
f 6667/6667 6668/6668 6658/6658
f 6658/6658 6668/6668 6659/6659
f 6668/6668 6669/6669 6659/6659
f 6659/6659 6669/6669 6660/6660
f 6669/6669 6670/6670 6660/6660
f 6660/6660 6670/6670 6661/6661
f 6670/6670 6671/6671 6661/6661
f 6661/6661 6671/6671 6662/6662
f 6671/6671 6672/6672 6662/6662
f 6662/6662 6672/6672 6663/6663
f 6672/6672 6673/6673 6663/6663
f 6663/6663 6673/6673 6664/6664
f 6673/6673 6674/6674 6664/6664
f 6664/6664 6674/6674 6665/6665
f 6666/6666 6675/6675 6667/6667
f 6675/6675 6676/6676 6667/6667
f 6667/6667 6676/6676 6668/6668
f 6676/6676 6677/6677 6668/6668
f 6668/6668 6677/6677 6669/6669
f 6677/6677 6678/6678 6669/6669
f 6669/6669 6678/6678 6670/6670
f 6678/6678 6679/6679 6670/6670
f 6670/6670 6679/6679 6671/6671
f 6679/6679 6680/6680 6671/6671
f 6671/6671 6680/6680 6672/6672
f 6680/6680 6681/6681 6672/6672
f 6672/6672 6681/6681 6673/6673
f 6681/6681 6682/6682 6673/6673
f 6673/6673 6682/6682 6674/6674
f 6675/6675 6683/6683 6676/6676
f 6683/6683 6684/6684 6676/6676
f 6676/6676 6684/6684 6677/6677
f 6684/6684 6685/6685 6677/6677
f 6677/6677 6685/6685 6678/6678
f 6685/6685 6686/6686 6678/6678
f 6678/6678 6686/6686 6679/6679
f 6686/6686 6687/6687 6679/6679
f 6679/6679 6687/6687 6680/6680
f 6687/6687 6688/6688 6680/6680
f 6680/6680 6688/6688 6681/6681
f 6688/6688 6689/6689 6681/6681
f 6681/6681 6689/6689 6682/6682
f 6683/6683 6690/6690 6684/6684
f 6690/6690 6691/6691 6684/6684
f 6684/6684 6691/6691 6685/6685
f 6691/6691 6692/6692 6685/6685
f 6685/6685 6692/6692 6686/6686
f 6692/6692 6693/6693 6686/6686
f 6686/6686 6693/6693 6687/6687
f 6693/6693 6694/6694 6687/6687
f 6687/6687 6694/6694 6688/6688
f 6694/6694 6695/6695 6688/6688
f 6688/6688 6695/6695 6689/6689
f 6690/6690 6696/6696 6691/6691
f 6696/6696 6697/6697 6691/6691
f 6691/6691 6697/6697 6692/6692
f 6697/6697 6698/6698 6692/6692
f 6692/6692 6698/6698 6693/6693
f 6698/6698 6699/6699 6693/6693
f 6693/6693 6699/6699 6694/6694
f 6699/6699 6700/6700 6694/6694
f 6694/6694 6700/6700 6695/6695
f 6696/6696 6701/6701 6697/6697
f 6701/6701 6702/6702 6697/6697
f 6697/6697 6702/6702 6698/6698
f 6702/6702 6703/6703 6698/6698
f 6698/6698 6703/6703 6699/6699
f 6703/6703 6704/6704 6699/6699
f 6699/6699 6704/6704 6700/6700
f 6701/6701 6705/6705 6702/6702
f 6705/6705 6706/6706 6702/6702
f 6702/6702 6706/6706 6703/6703
f 6706/6706 6707/6707 6703/6703
f 6703/6703 6707/6707 6704/6704
f 6705/6705 6708/6708 6706/6706
f 6708/6708 6709/6709 6706/6706
f 6706/6706 6709/6709 6707/6707
f 6710/6710 5282/5282 6711/6711
f 5282/5282 5280/5280 6711/6711
f 6643/6643 6641/6641 6712/6712
f 6641/6641 6713/6713 6712/6712
f 6712/6712 6713/6713 6714/6714
f 6713/6713 6715/6715 6714/6714
f 6714/6714 6715/6715 6716/6716
f 6715/6715 6717/6717 6716/6716
f 6716/6716 6717/6717 6718/6718
f 6717/6717 6719/6719 6718/6718
f 6718/6718 6719/6719 6720/6720
f 6719/6719 6721/6721 6720/6720
f 6720/6720 6721/6721 6722/6722
f 6721/6721 6723/6723 6722/6722
f 6722/6722 6723/6723 6724/6724
f 6723/6723 6725/6725 6724/6724
f 6724/6724 6725/6725 6726/6726
f 6725/6725 6727/6727 6726/6726
f 6726/6726 6727/6727 6728/6728
f 6727/6727 6729/6729 6728/6728
f 6641/6641 6639/6639 6713/6713
f 6639/6639 6730/6730 6713/6713
f 6713/6713 6730/6730 6715/6715
f 6730/6730 6731/6731 6715/6715
f 6715/6715 6731/6731 6717/6717
f 6731/6731 6732/6732 6717/6717
f 6717/6717 6732/6732 6719/6719
f 6732/6732 6733/6733 6719/6719
f 6719/6719 6733/6733 6721/6721
f 6733/6733 6734/6734 6721/6721
f 6721/6721 6734/6734 6723/6723
f 6734/6734 6735/6735 6723/6723
f 6723/6723 6735/6735 6725/6725
f 6735/6735 6736/6736 6725/6725
f 6725/6725 6736/6736 6727/6727
f 6736/6736 6737/6737 6727/6727
f 6727/6727 6737/6737 6738/6738
f 6737/6737 6739/6739 6738/6738
f 6738/6738 6739/6739 6740/6740
f 6639/6639 6637/6637 6730/6730
f 6637/6637 6741/6741 6730/6730
f 6730/6730 6741/6741 6731/6731
f 6741/6741 6742/6742 6731/6731
f 6731/6731 6742/6742 6732/6732
f 6742/6742 6743/6743 6732/6732
f 6732/6732 6743/6743 6733/6733
f 6743/6743 6744/6744 6733/6733
f 6733/6733 6744/6744 6734/6734
f 6744/6744 6745/6745 6734/6734
f 6734/6734 6745/6745 6735/6735
f 6745/6745 6746/6746 6735/6735
f 6735/6735 6746/6746 6736/6736
f 6746/6746 6747/6747 6736/6736
f 6736/6736 6747/6747 6737/6737
f 6637/6637 6635/6635 6741/6741
f 6635/6635 6748/6748 6741/6741
f 6741/6741 6748/6748 6742/6742
f 6748/6748 6749/6749 6742/6742
f 6742/6742 6749/6749 6743/6743
f 6749/6749 6750/6750 6743/6743
f 6743/6743 6750/6750 6744/6744
f 6750/6750 6751/6751 6744/6744
f 6744/6744 6751/6751 6745/6745
f 6751/6751 6752/6752 6745/6745
f 6745/6745 6752/6752 6746/6746
f 6752/6752 6753/6753 6746/6746
f 6746/6746 6753/6753 6747/6747
f 6635/6635 6633/6633 6748/6748
f 6633/6633 6754/6754 6748/6748
f 6748/6748 6754/6754 6749/6749
f 6754/6754 6755/6755 6749/6749
f 6749/6749 6755/6755 6750/6750
f 6755/6755 6756/6756 6750/6750
f 6750/6750 6756/6756 6751/6751
f 6756/6756 6757/6757 6751/6751
f 6751/6751 6757/6757 6752/6752
f 6757/6757 6758/6758 6752/6752
f 6752/6752 6758/6758 6753/6753
f 6633/6633 6631/6631 6754/6754
f 6631/6631 6759/6759 6754/6754
f 6754/6754 6759/6759 6755/6755
f 6759/6759 6760/6760 6755/6755
f 6755/6755 6760/6760 6756/6756
f 6760/6760 6761/6761 6756/6756
f 6756/6756 6761/6761 6757/6757
f 6761/6761 6762/6762 6757/6757
f 6757/6757 6762/6762 6758/6758
f 6631/6631 6629/6629 6759/6759
f 6629/6629 6763/6763 6759/6759
f 6759/6759 6763/6763 6760/6760
f 6763/6763 6764/6764 6760/6760
f 6760/6760 6764/6764 6761/6761
f 6764/6764 6765/6765 6761/6761
f 6761/6761 6765/6765 6762/6762
f 6629/6629 6627/6627 6763/6763
f 6627/6627 6766/6766 6763/6763
f 6763/6763 6766/6766 6764/6764
f 6766/6766 6767/6767 6764/6764
f 6764/6764 6767/6767 6765/6765
f 6767/6767 6766/6766 6768/6768
f 6766/6766 6625/6625 6768/6768
f 6768/6768 6625/6625 6623/6623
f 6727/6727 6738/6738 6729/6729
f 6738/6738 6769/6769 6729/6729
f 6770/6770 5287/5287 6771/6771
f 5287/5287 5285/5285 6771/6771
f 5572/5572 5566/5566 5570/5570
f 5566/5566 5565/5565 5570/5570
f 6772/6772 6773/6773 6774/6774
f 6773/6773 6775/6775 6774/6774
f 6774/6774 6775/6775 6776/6776
f 6775/6775 6777/6777 6776/6776
f 6776/6776 6777/6777 6778/6778
f 6777/6777 6779/6779 6778/6778
f 6778/6778 6779/6779 6780/6780
f 6779/6779 6781/6781 6780/6780
f 6780/6780 6781/6781 6782/6782
f 6781/6781 6783/6783 6782/6782
f 6782/6782 6783/6783 6784/6784
f 6783/6783 6785/6785 6784/6784
f 6784/6784 6785/6785 6786/6786
f 6785/6785 6787/6787 6786/6786
f 6786/6786 6787/6787 6788/6788
f 6787/6787 6789/6789 6788/6788
f 6788/6788 6789/6789 6790/6790
f 6789/6789 6791/6791 6790/6790
f 6790/6790 6791/6791 6792/6792
f 6791/6791 6793/6793 6792/6792
f 6792/6792 6793/6793 6794/6794
f 6793/6793 6795/6795 6794/6794
f 6773/6773 6796/6796 6775/6775
f 6796/6796 6797/6797 6775/6775
f 6775/6775 6797/6797 6777/6777
f 6797/6797 6798/6798 6777/6777
f 6777/6777 6798/6798 6779/6779
f 6798/6798 6799/6799 6779/6779
f 6779/6779 6799/6799 6781/6781
f 6799/6799 6800/6800 6781/6781
f 6781/6781 6800/6800 6783/6783
f 6800/6800 6801/6801 6783/6783
f 6783/6783 6801/6801 6785/6785
f 6801/6801 6802/6802 6785/6785
f 6785/6785 6802/6802 6787/6787
f 6802/6802 6803/6803 6787/6787
f 6787/6787 6803/6803 6789/6789
f 6803/6803 6804/6804 6789/6789
f 6789/6789 6804/6804 6791/6791
f 6804/6804 6805/6805 6791/6791
f 6791/6791 6805/6805 6793/6793
f 6805/6805 6806/6806 6793/6793
f 6793/6793 6806/6806 6795/6795
f 6806/6806 6807/6807 6795/6795
f 6796/6796 6808/6808 6797/6797
f 6808/6808 6809/6809 6797/6797
f 6797/6797 6809/6809 6798/6798
f 6809/6809 6810/6810 6798/6798
f 6798/6798 6810/6810 6799/6799
f 6810/6810 6811/6811 6799/6799
f 6799/6799 6811/6811 6800/6800
f 6811/6811 6812/6812 6800/6800
f 6800/6800 6812/6812 6801/6801
f 6812/6812 6813/6813 6801/6801
f 6801/6801 6813/6813 6802/6802
f 6813/6813 6814/6814 6802/6802
f 6802/6802 6814/6814 6803/6803
f 6814/6814 6815/6815 6803/6803
f 6803/6803 6815/6815 6804/6804
f 6815/6815 6816/6816 6804/6804
f 6804/6804 6816/6816 6805/6805
f 6816/6816 6817/6817 6805/6805
f 6805/6805 6817/6817 6806/6806
f 6817/6817 6818/6818 6806/6806
f 6806/6806 6818/6818 6807/6807
f 6818/6818 6819/6819 6807/6807
f 6808/6808 6820/6820 6809/6809
f 6820/6820 6821/6821 6809/6809
f 6809/6809 6821/6821 6810/6810
f 6821/6821 6822/6822 6810/6810
f 6810/6810 6822/6822 6811/6811
f 6822/6822 6823/6823 6811/6811
f 6811/6811 6823/6823 6812/6812
f 6823/6823 6824/6824 6812/6812
f 6812/6812 6824/6824 6813/6813
f 6824/6824 6825/6825 6813/6813
f 6813/6813 6825/6825 6814/6814
f 6825/6825 6826/6826 6814/6814
f 6814/6814 6826/6826 6815/6815
f 6826/6826 6827/6827 6815/6815
f 6815/6815 6827/6827 6816/6816
f 6827/6827 6828/6828 6816/6816
f 6816/6816 6828/6828 6817/6817
f 6828/6828 6829/6829 6817/6817
f 6817/6817 6829/6829 6818/6818
f 6829/6829 6830/6830 6818/6818
f 6818/6818 6830/6830 6819/6819
f 6830/6830 6831/6831 6819/6819
f 6820/6820 6832/6832 6821/6821
f 6832/6832 6833/6833 6821/6821
f 6821/6821 6833/6833 6822/6822
f 6833/6833 6834/6834 6822/6822
f 6822/6822 6834/6834 6823/6823
f 6834/6834 6835/6835 6823/6823
f 6823/6823 6835/6835 6824/6824
f 6835/6835 6836/6836 6824/6824
f 6824/6824 6836/6836 6825/6825
f 6836/6836 6837/6837 6825/6825
f 6825/6825 6837/6837 6826/6826
f 6837/6837 6838/6838 6826/6826
f 6826/6826 6838/6838 6827/6827
f 6838/6838 6839/6839 6827/6827
f 6827/6827 6839/6839 6828/6828
f 6839/6839 6840/6840 6828/6828
f 6828/6828 6840/6840 6829/6829
f 6840/6840 6841/6841 6829/6829
f 6829/6829 6841/6841 6830/6830
f 6841/6841 6842/6842 6830/6830
f 6830/6830 6842/6842 6831/6831
f 6842/6842 6843/6843 6831/6831
f 6832/6832 6844/6844 6833/6833
f 6844/6844 6845/6845 6833/6833
f 6833/6833 6845/6845 6834/6834
f 6845/6845 6846/6846 6834/6834
f 6834/6834 6846/6846 6835/6835
f 6846/6846 6847/6847 6835/6835
f 6835/6835 6847/6847 6836/6836
f 6847/6847 6848/6848 6836/6836
f 6836/6836 6848/6848 6837/6837
f 6848/6848 6849/6849 6837/6837
f 6837/6837 6849/6849 6838/6838
f 6849/6849 6850/6850 6838/6838
f 6838/6838 6850/6850 6839/6839
f 6850/6850 6851/6851 6839/6839
f 6839/6839 6851/6851 6840/6840
f 6851/6851 6852/6852 6840/6840
f 6840/6840 6852/6852 6841/6841
f 6852/6852 6853/6853 6841/6841
f 6841/6841 6853/6853 6842/6842
f 6853/6853 6854/6854 6842/6842
f 6842/6842 6854/6854 6843/6843
f 6854/6854 6855/6855 6843/6843
f 6844/6844 6856/6856 6845/6845
f 6856/6856 6857/6857 6845/6845
f 6845/6845 6857/6857 6846/6846
f 6857/6857 6858/6858 6846/6846
f 6846/6846 6858/6858 6847/6847
f 6858/6858 6859/6859 6847/6847
f 6847/6847 6859/6859 6848/6848
f 6859/6859 6860/6860 6848/6848
f 6848/6848 6860/6860 6849/6849
f 6860/6860 6861/6861 6849/6849
f 6849/6849 6861/6861 6850/6850
f 6861/6861 6862/6862 6850/6850
f 6850/6850 6862/6862 6851/6851
f 6862/6862 6863/6863 6851/6851
f 6851/6851 6863/6863 6852/6852
f 6863/6863 6864/6864 6852/6852
f 6852/6852 6864/6864 6853/6853
f 6864/6864 6865/6865 6853/6853
f 6853/6853 6865/6865 6854/6854
f 6865/6865 6866/6866 6854/6854
f 6854/6854 6866/6866 6855/6855
f 6866/6866 6867/6867 6855/6855
f 6856/6856 6868/6868 6857/6857
f 6868/6868 6869/6869 6857/6857
f 6857/6857 6869/6869 6858/6858
f 6869/6869 6870/6870 6858/6858
f 6858/6858 6870/6870 6859/6859
f 6870/6870 6871/6871 6859/6859
f 6859/6859 6871/6871 6860/6860
f 6871/6871 6872/6872 6860/6860
f 6860/6860 6872/6872 6861/6861
f 6872/6872 6873/6873 6861/6861
f 6861/6861 6873/6873 6862/6862
f 6873/6873 6874/6874 6862/6862
f 6862/6862 6874/6874 6863/6863
f 6874/6874 6875/6875 6863/6863
f 6863/6863 6875/6875 6864/6864
f 6875/6875 6876/6876 6864/6864
f 6864/6864 6876/6876 6865/6865
f 6876/6876 6877/6877 6865/6865
f 6865/6865 6877/6877 6866/6866
f 6877/6877 6878/6878 6866/6866
f 6866/6866 6878/6878 6867/6867
f 6878/6878 6879/6879 6867/6867
f 6868/6868 6880/6880 6869/6869
f 6880/6880 6881/6881 6869/6869
f 6869/6869 6881/6881 6870/6870
f 6881/6881 6882/6882 6870/6870
f 6870/6870 6882/6882 6871/6871
f 6882/6882 6883/6883 6871/6871
f 6871/6871 6883/6883 6872/6872
f 6883/6883 6884/6884 6872/6872
f 6872/6872 6884/6884 6873/6873
f 6884/6884 6885/6885 6873/6873
f 6873/6873 6885/6885 6874/6874
f 6885/6885 6886/6886 6874/6874
f 6874/6874 6886/6886 6875/6875
f 6886/6886 6887/6887 6875/6875
f 6875/6875 6887/6887 6876/6876
f 6887/6887 6888/6888 6876/6876
f 6876/6876 6888/6888 6877/6877
f 6888/6888 6889/6889 6877/6877
f 6877/6877 6889/6889 6878/6878
f 6889/6889 6890/6890 6878/6878
f 6878/6878 6890/6890 6879/6879
f 6890/6890 6891/6891 6879/6879
f 6880/6880 6892/6892 6881/6881
f 6892/6892 6893/6893 6881/6881
f 6881/6881 6893/6893 6882/6882
f 6893/6893 6894/6894 6882/6882
f 6882/6882 6894/6894 6883/6883
f 6894/6894 6895/6895 6883/6883
f 6883/6883 6895/6895 6884/6884
f 6895/6895 6896/6896 6884/6884
f 6884/6884 6896/6896 6885/6885
f 6896/6896 6897/6897 6885/6885
f 6885/6885 6897/6897 6886/6886
f 6897/6897 6898/6898 6886/6886
f 6886/6886 6898/6898 6887/6887
f 6898/6898 6899/6899 6887/6887
f 6887/6887 6899/6899 6888/6888
f 6899/6899 6900/6900 6888/6888
f 6888/6888 6900/6900 6889/6889
f 6900/6900 6901/6901 6889/6889
f 6889/6889 6901/6901 6890/6890
f 6901/6901 6902/6902 6890/6890
f 6890/6890 6902/6902 6891/6891
f 6902/6902 6903/6903 6891/6891
f 6892/6892 6904/6904 6893/6893
f 6904/6904 6905/6905 6893/6893
f 6893/6893 6905/6905 6894/6894
f 6905/6905 6906/6906 6894/6894
f 6894/6894 6906/6906 6895/6895
f 6906/6906 6907/6907 6895/6895
f 6895/6895 6907/6907 6896/6896
f 6907/6907 6908/6908 6896/6896
f 6896/6896 6908/6908 6897/6897
f 6908/6908 6909/6909 6897/6897
f 6897/6897 6909/6909 6898/6898
f 6909/6909 6910/6910 6898/6898
f 6898/6898 6910/6910 6899/6899
f 6910/6910 6911/6911 6899/6899
f 6899/6899 6911/6911 6900/6900
f 6911/6911 6912/6912 6900/6900
f 6900/6900 6912/6912 6901/6901
f 6912/6912 6913/6913 6901/6901
f 6901/6901 6913/6913 6902/6902
f 6913/6913 6914/6914 6902/6902
f 6902/6902 6914/6914 6903/6903
f 6914/6914 6915/6915 6903/6903
f 6916/6916 6917/6917 6918/6918
f 6917/6917 6919/6919 6918/6918
f 6918/6918 6919/6919 6920/6920
f 6919/6919 6921/6921 6920/6920
f 6920/6920 6921/6921 6922/6922
f 6921/6921 6923/6923 6922/6922
f 6922/6922 6923/6923 6924/6924
f 6923/6923 6925/6925 6924/6924
f 6924/6924 6925/6925 6926/6926
f 6925/6925 6927/6927 6926/6926
f 6926/6926 6927/6927 6928/6928
f 6927/6927 6929/6929 6928/6928
f 6923/6923 6921/6921 6925/6925
f 6921/6921 6930/6930 6925/6925
f 6925/6925 6930/6930 6927/6927
f 6930/6930 6929/6929 6927/6927
f 6921/6921 6919/6919 6930/6930
f 6919/6919 6917/6917 6930/6930
f 6930/6930 6917/6917 6929/6929
f 6918/6918 6920/6920 6931/6931
f 6920/6920 6932/6932 6931/6931
f 6931/6931 6932/6932 6933/6933
f 6932/6932 6934/6934 6933/6933
f 6934/6934 6932/6932 6935/6935
f 6932/6932 6936/6936 6935/6935
f 6935/6935 6936/6936 6937/6937
f 6936/6936 6938/6938 6937/6937
f 6937/6937 6938/6938 6939/6939
f 6938/6938 6924/6924 6939/6939
f 6939/6939 6924/6924 6926/6926
f 6932/6932 6922/6922 6936/6936
f 6922/6922 6924/6924 6936/6936
f 6936/6936 6924/6924 6938/6938
f 6926/6926 6940/6940 6939/6939
f 6940/6940 6941/6941 6939/6939
f 6939/6939 6941/6941 6937/6937
f 6941/6941 6942/6942 6937/6937
f 6937/6937 6942/6942 6943/6943
f 6942/6942 6944/6944 6943/6943
f 6943/6943 6944/6944 6945/6945
f 6940/6940 6946/6946 6941/6941
f 6946/6946 6947/6947 6941/6941
f 6941/6941 6947/6947 6942/6942
f 6947/6947 6948/6948 6942/6942
f 6942/6942 6948/6948 6944/6944
f 6946/6946 6949/6949 6947/6947
f 6949/6949 6950/6950 6947/6947
f 6947/6947 6950/6950 6948/6948
f 5620/5620 5622/5622 6951/6951
f 5622/5622 6952/6952 6951/6951
f 6951/6951 6952/6952 6953/6953
f 6952/6952 6954/6954 6953/6953
f 6953/6953 6954/6954 6955/6955
f 6954/6954 6956/6956 6955/6955
f 6955/6955 6956/6956 6957/6957
f 6956/6956 6958/6958 6957/6957
f 6957/6957 6958/6958 6959/6959
f 6958/6958 6960/6960 6959/6959
f 6959/6959 6960/6960 6961/6961
f 6960/6960 5624/5624 6961/6961
f 6961/6961 5624/5624 6962/6962
f 5624/5624 6963/6963 6962/6962
f 6962/6962 6963/6963 6964/6964
f 6963/6963 6965/6965 6964/6964
f 6964/6964 6965/6965 6966/6966
f 6952/6952 5622/5622 6954/6954
f 5622/5622 5624/5624 6954/6954
f 6954/6954 5624/5624 6960/6960
f 6960/6960 6958/6958 6954/6954
f 6958/6958 6956/6956 6954/6954
f 6967/6967 6968/6968 6969/6969
f 6968/6968 6970/6970 6969/6969
f 6969/6969 6970/6970 6971/6971
f 6970/6970 6972/6972 6971/6971
f 6971/6971 6972/6972 6973/6973
f 6972/6972 6974/6974 6973/6973
f 6973/6973 6974/6974 6975/6975
f 6974/6974 6976/6976 6975/6975
f 6975/6975 6976/6976 6977/6977
f 6976/6976 6978/6978 6977/6977
f 6977/6977 6978/6978 6979/6979
f 6978/6978 6980/6980 6979/6979
f 6979/6979 6980/6980 6981/6981
f 6980/6980 6982/6982 6981/6981
f 6981/6981 6982/6982 6983/6983
f 6982/6982 6984/6984 6983/6983
f 6983/6983 6984/6984 6985/6985
f 6984/6984 6986/6986 6985/6985
f 6985/6985 6986/6986 6987/6987
f 6986/6986 6988/6988 6987/6987
f 6987/6987 6988/6988 6989/6989
f 6988/6988 6990/6990 6989/6989
f 6989/6989 6990/6990 6991/6991
f 6990/6990 6992/6992 6991/6991
f 6991/6991 6992/6992 6993/6993
f 6992/6992 6994/6994 6993/6993
f 6993/6993 6994/6994 6995/6995
f 6994/6994 6996/6996 6995/6995
f 6995/6995 6996/6996 6997/6997
f 6996/6996 6998/6998 6997/6997
f 6997/6997 6998/6998 6999/6999
f 6998/6998 7000/7000 6999/6999
f 6999/6999 7000/7000 7001/7001
f 7000/7000 7002/7002 7001/7001
f 6999/6999 7001/7001 6997/6997
f 7001/7001 7003/7003 6997/6997
f 6997/6997 7003/7003 6995/6995
f 7003/7003 7004/7004 6995/6995
f 6995/6995 7004/7004 6993/6993
f 7004/7004 7005/7005 6993/6993
f 6993/6993 7005/7005 7006/7006
f 7005/7005 7007/7007 7006/7006
f 7006/7006 7007/7007 7008/7008
f 7007/7007 7009/7009 7008/7008
f 7008/7008 7009/7009 7010/7010
f 7009/7009 7011/7011 7010/7010
f 7010/7010 7011/7011 7012/7012
f 7011/7011 7013/7013 7012/7012
f 7012/7012 7013/7013 7014/7014
f 7013/7013 7015/7015 7014/7014
f 7014/7014 7015/7015 7016/7016
f 7015/7015 7017/7017 7016/7016
f 7016/7016 7017/7017 6983/6983
f 7017/7017 7018/7018 6983/6983
f 6983/6983 7018/7018 7019/7019
f 6983/6983 6985/6985 7016/7016
f 6985/6985 6987/6987 7016/7016
f 7016/7016 6987/6987 7014/7014
f 6987/6987 6989/6989 7014/7014
f 7014/7014 6989/6989 7012/7012
f 6989/6989 6991/6991 7012/7012
f 7012/7012 6991/6991 7010/7010
f 6991/6991 7006/7006 7010/7010
f 7010/7010 7006/7006 7008/7008
f 7002/7002 7000/7000 7020/7020
f 7000/7000 7021/7021 7020/7020
f 7020/7020 7021/7021 7022/7022
f 7021/7021 7023/7023 7022/7022
f 7022/7022 7023/7023 7024/7024
f 7023/7023 7025/7025 7024/7024
f 7024/7024 7025/7025 7026/7026
f 7025/7025 7027/7027 7026/7026
f 7026/7026 7027/7027 7028/7028
f 7027/7027 7029/7029 7028/7028
f 7028/7028 7029/7029 7030/7030
f 7029/7029 6998/6998 7030/7030
f 7030/7030 6998/6998 7031/7031
f 6998/6998 7032/7032 7031/7031
f 7031/7031 7032/7032 7033/7033
f 7032/7032 7034/7034 7033/7033
f 7033/7033 7034/7034 7035/7035
f 7034/7034 7036/7036 7035/7035
f 7035/7035 7036/7036 7037/7037
f 7036/7036 7038/7038 7037/7037
f 7037/7037 7038/7038 7039/7039
f 7038/7038 7040/7040 7039/7039
f 7039/7039 7040/7040 7041/7041
f 7040/7040 7042/7042 7041/7041
f 7041/7041 7042/7042 7043/7043
f 7042/7042 7044/7044 7043/7043
f 7032/7032 7045/7045 7034/7034
f 7045/7045 7046/7046 7034/7034
f 7034/7034 7046/7046 7036/7036
f 7046/7046 6986/6986 7036/7036
f 7036/7036 6986/6986 7038/7038
f 6986/6986 6984/6984 7038/7038
f 7038/7038 6984/6984 7047/7047
f 6984/6984 7048/7048 7047/7047
f 7047/7047 7048/7048 7049/7049
f 7048/7048 7050/7050 7049/7049
f 7049/7049 7050/7050 7051/7051
f 7050/7050 7052/7052 7051/7051
f 7051/7051 7052/7052 7053/7053
f 7052/7052 6974/6974 7053/7053
f 7053/7053 6974/6974 7054/7054
f 6974/6974 7055/7055 7054/7054
f 7054/7054 7055/7055 7056/7056
f 7055/7055 7057/7057 7056/7056
f 7056/7056 7057/7057 7058/7058
f 7057/7057 7059/7059 7058/7058
f 7058/7058 7059/7059 7060/7060
f 7059/7059 7061/7061 7060/7060
f 7060/7060 7061/7061 7062/7062
f 7061/7061 7063/7063 7062/7062
f 6984/6984 6982/6982 7048/7048
f 6982/6982 6980/6980 7048/7048
f 7048/7048 6980/6980 7050/7050
f 6980/6980 6978/6978 7050/7050
f 7050/7050 6978/6978 7052/7052
f 6978/6978 6976/6976 7052/7052
f 7052/7052 6976/6976 6974/6974
f 7009/7009 7064/7064 7011/7011
f 7064/7064 7013/7013 7011/7011
f 7064/7064 7065/7065 7013/7013
f 7065/7065 7015/7015 7013/7013
f 7015/7015 7065/7065 7017/7017
f 7065/7065 7018/7018 7017/7017
f 6998/6998 6996/6996 7032/7032
f 6996/6996 6994/6994 7032/7032
f 7032/7032 6994/6994 7045/7045
f 6994/6994 6992/6992 7045/7045
f 7045/7045 6992/6992 6990/6990
f 7045/7045 6990/6990 7046/7046
f 6990/6990 6988/6988 7046/7046
f 7046/7046 6988/6988 6986/6986
f 7000/7000 6998/6998 7021/7021
f 6998/6998 7029/7029 7021/7021
f 7021/7021 7029/7029 7023/7023
f 7029/7029 7025/7025 7023/7023
f 7062/7062 7066/7066 7060/7060
f 7066/7066 7067/7067 7060/7060
f 7060/7060 7067/7067 7058/7058
f 7067/7067 7068/7068 7058/7058
f 7058/7058 7068/7068 7056/7056
f 7066/7066 7069/7069 7067/7067
f 7069/7069 7070/7070 7067/7067
f 7067/7067 7070/7070 7068/7068
f 7069/7069 7071/7071 7070/7070
f 7071/7071 7072/7072 7070/7070
f 7071/7071 7073/7073 7072/7072
f 7073/7073 7074/7074 7072/7072
f 7073/7073 7075/7075 7074/7074
f 7075/7075 7044/7044 7074/7074
f 7074/7074 7044/7044 7076/7076
f 7044/7044 7042/7042 7076/7076
f 7076/7076 7042/7042 7040/7040
f 7074/7074 7076/7076 7077/7077
f 7076/7076 7040/7040 7077/7077
f 7077/7077 7040/7040 7047/7047
f 7040/7040 7038/7038 7047/7047
f 7074/7074 7077/7077 7078/7078
f 7077/7077 7049/7049 7078/7078
f 7078/7078 7049/7049 7079/7079
f 7049/7049 7051/7051 7079/7079
f 6957/6957 6959/6959 7080/7080
f 6959/6959 7081/7081 7080/7080
f 7081/7081 6959/6959 7082/7082
f 6959/6959 6961/6961 7082/7082
f 7082/7082 6961/6961 6962/6962
f 6962/6962 6964/6964 7082/7082
f 6964/6964 7081/7081 7082/7082
f 7028/7028 7030/7030 7083/7083
f 7030/7030 7084/7084 7083/7083
f 7083/7083 7084/7084 7085/7085
f 7084/7084 7086/7086 7085/7085
f 7085/7085 7086/7086 7087/7087
f 7086/7086 7088/7088 7087/7087
f 7087/7087 7088/7088 7089/7089
f 7088/7088 7090/7090 7089/7089
f 7089/7089 7090/7090 7091/7091
f 7090/7090 7041/7041 7091/7091
f 7091/7091 7041/7041 7092/7092
f 7041/7041 7043/7043 7092/7092
f 7030/7030 7031/7031 7084/7084
f 7031/7031 7033/7033 7084/7084
f 7084/7084 7033/7033 7086/7086
f 7033/7033 7035/7035 7086/7086
f 7086/7086 7035/7035 7088/7088
f 7035/7035 7037/7037 7088/7088
f 7088/7088 7037/7037 7090/7090
f 7037/7037 7039/7039 7090/7090
f 7090/7090 7039/7039 7041/7041
f 6934/6934 6935/6935 7093/7093
f 6935/6935 7094/7094 7093/7093
f 7093/7093 7094/7094 7095/7095
f 7094/7094 6945/6945 7095/7095
f 6935/6935 6937/6937 7094/7094
f 6937/6937 6943/6943 7094/7094
f 7094/7094 6943/6943 6945/6945
f 7083/7083 7085/7085 7096/7096
f 7085/7085 7097/7097 7096/7096
f 7096/7096 7097/7097 7098/7098
f 7097/7097 7099/7099 7098/7098
f 7085/7085 7087/7087 7097/7097
f 7087/7087 7089/7089 7097/7097
f 7097/7097 7089/7089 7099/7099
f 7089/7089 7100/7100 7099/7099
f 7099/7099 7100/7100 7101/7101
f 7100/7100 7102/7102 7101/7101
f 7089/7089 7091/7091 7100/7100
f 7091/7091 7103/7103 7100/7100
f 7100/7100 7103/7103 7104/7104
f 6974/6974 6972/6972 7055/7055
f 6972/6972 7105/7105 7055/7055
f 7055/7055 7105/7105 7106/7106
f 7105/7105 7107/7107 7106/7106
f 7106/7106 7107/7107 7108/7108
f 7107/7107 7109/7109 7108/7108
f 7108/7108 7109/7109 7110/7110
f 7109/7109 7111/7111 7110/7110
f 7110/7110 7111/7111 7112/7112
f 7109/7109 7107/7107 7113/7113
f 7107/7107 7105/7105 7113/7113
f 7113/7113 7105/7105 7114/7114
f 7105/7105 6972/6972 7114/7114
f 7114/7114 6972/6972 6970/6970
f 6970/6970 6968/6968 7114/7114
f 6968/6968 7115/7115 7114/7114
f 7114/7114 7115/7115 7116/7116
f 7115/7115 7117/7117 7116/7116
f 7116/7116 7117/7117 7118/7118
f 7117/7117 7119/7119 7118/7118
f 7118/7118 7119/7119 7120/7120
f 7119/7119 7121/7121 7120/7120
f 7120/7120 7121/7121 7122/7122
f 7121/7121 7123/7123 7122/7122
f 7122/7122 7123/7123 7124/7124
f 7123/7123 7125/7125 7124/7124
f 7124/7124 7125/7125 7126/7126
f 7125/7125 7127/7127 7126/7126
f 7126/7126 7127/7127 7128/7128
f 7127/7127 7129/7129 7128/7128
f 7128/7128 7129/7129 7130/7130
f 7129/7129 7131/7131 7130/7130
f 7130/7130 7131/7131 7132/7132
f 7131/7131 7129/7129 7133/7133
f 7129/7129 7134/7134 7133/7133
f 7133/7133 7134/7134 7135/7135
f 7134/7134 7127/7127 7135/7135
f 7135/7135 7127/7127 7136/7136
f 7127/7127 7125/7125 7136/7136
f 7136/7136 7125/7125 7137/7137
f 7125/7125 7123/7123 7137/7137
f 7137/7137 7123/7123 7138/7138
f 7123/7123 7139/7139 7138/7138
f 7138/7138 7139/7139 7140/7140
f 7139/7139 7141/7141 7140/7140
f 7140/7140 7141/7141 7142/7142
f 7141/7141 7143/7143 7142/7142
f 7142/7142 7143/7143 7144/7144
f 7143/7143 7145/7145 7144/7144
f 7144/7144 7145/7145 7146/7146
f 7145/7145 7147/7147 7146/7146
f 7146/7146 7147/7147 7148/7148
f 7147/7147 7119/7119 7148/7148
f 7148/7148 7119/7119 7117/7117
f 7123/7123 7121/7121 7139/7139
f 7121/7121 7145/7145 7139/7139
f 7139/7139 7145/7145 7143/7143
f 7121/7121 7119/7119 7145/7145
f 7119/7119 7147/7147 7145/7145
f 7114/7114 7116/7116 7113/7113
f 7116/7116 7149/7149 7113/7113
f 7113/7113 7149/7149 7150/7150
f 7149/7149 7151/7151 7150/7150
f 7150/7150 7151/7151 7152/7152
f 7151/7151 7153/7153 7152/7152
f 7152/7152 7153/7153 7154/7154
f 7153/7153 7155/7155 7154/7154
f 7154/7154 7155/7155 7156/7156
f 7155/7155 7157/7157 7156/7156
f 7156/7156 7157/7157 7158/7158
f 7157/7157 7159/7159 7158/7158
f 7116/7116 7118/7118 7149/7149
f 7118/7118 7160/7160 7149/7149
f 7149/7149 7160/7160 7151/7151
f 7160/7160 7161/7161 7151/7151
f 7151/7151 7161/7161 7153/7153
f 7161/7161 7162/7162 7153/7153
f 7153/7153 7162/7162 7155/7155
f 7162/7162 7163/7163 7155/7155
f 7155/7155 7163/7163 7157/7157
f 7163/7163 7164/7164 7157/7157
f 7157/7157 7164/7164 7159/7159
f 7118/7118 7120/7120 7160/7160
f 7120/7120 7165/7165 7160/7160
f 7160/7160 7165/7165 7161/7161
f 7165/7165 7166/7166 7161/7161
f 7161/7161 7166/7166 7162/7162
f 7166/7166 7167/7167 7162/7162
f 7162/7162 7167/7167 7163/7163
f 7167/7167 7168/7168 7163/7163
f 7163/7163 7168/7168 7164/7164
f 7168/7168 7169/7169 7164/7164
f 7120/7120 7122/7122 7165/7165
f 7122/7122 7124/7124 7165/7165
f 7165/7165 7124/7124 7166/7166
f 7124/7124 7126/7126 7166/7166
f 7166/7166 7126/7126 7167/7167
f 7126/7126 7128/7128 7167/7167
f 7167/7167 7128/7128 7168/7168
f 7128/7128 7170/7170 7168/7168
f 7168/7168 7170/7170 7171/7171
f 7170/7170 7172/7172 7171/7171
f 7171/7171 7172/7172 7173/7173
f 7172/7172 7174/7174 7173/7173
f 7173/7173 7174/7174 7175/7175
f 7174/7174 7130/7130 7175/7175
f 7175/7175 7130/7130 7132/7132
f 7128/7128 7130/7130 7170/7170
f 7130/7130 7174/7174 7170/7170
f 7170/7170 7174/7174 7172/7172
f 7146/7146 7148/7148 7176/7176
f 7148/7148 7115/7115 7176/7176
f 7158/7158 7177/7177 7156/7156
f 7177/7177 7178/7178 7156/7156
f 7156/7156 7178/7178 7154/7154
f 7178/7178 7152/7152 7154/7154
f 7177/7177 7111/7111 7178/7178
f 7111/7111 7109/7109 7178/7178
f 7178/7178 7109/7109 7152/7152
f 7109/7109 7150/7150 7152/7152
f 7179/7179 7180/7180 7181/7181
f 7180/7180 7182/7182 7181/7181
f 7181/7181 7182/7182 7183/7183
f 7182/7182 7184/7184 7183/7183
f 7183/7183 7184/7184 7185/7185
f 7184/7184 7186/7186 7185/7185
f 7185/7185 7186/7186 7187/7187
f 7186/7186 7188/7188 7187/7187
f 7187/7187 7188/7188 7189/7189
f 7188/7188 7190/7190 7189/7189
f 7189/7189 7190/7190 7191/7191
f 7190/7190 7192/7192 7191/7191
f 7191/7191 7192/7192 7193/7193
f 7192/7192 7194/7194 7193/7193
f 7180/7180 7195/7195 7182/7182
f 7195/7195 7196/7196 7182/7182
f 7182/7182 7196/7196 7184/7184
f 7196/7196 7197/7197 7184/7184
f 7184/7184 7197/7197 7186/7186
f 7197/7197 7198/7198 7186/7186
f 7186/7186 7198/7198 7199/7199
f 7198/7198 7200/7200 7199/7199
f 7199/7199 7200/7200 7192/7192
f 7200/7200 7201/7201 7192/7192
f 7192/7192 7201/7201 7194/7194
f 7197/7197 7196/7196 7198/7198
f 7196/7196 7195/7195 7198/7198
f 7198/7198 7195/7195 7202/7202
f 7195/7195 7203/7203 7202/7202
f 7202/7202 7204/7204 7198/7198
f 7204/7204 7205/7205 7198/7198
f 7198/7198 7205/7205 7200/7200
f 7205/7205 7204/7204 7206/7206
f 7204/7204 7207/7207 7206/7206
f 7206/7206 7207/7207 7208/7208
f 7207/7207 7209/7209 7208/7208
f 7208/7208 7209/7209 7210/7210
f 7209/7209 7211/7211 7210/7210
f 7207/7207 7212/7212 7209/7209
f 7212/7212 7213/7213 7209/7209
f 7209/7209 7213/7213 7211/7211
f 7213/7213 7214/7214 7211/7211
f 7211/7211 7214/7214 7215/7215
f 7214/7214 7216/7216 7215/7215
f 7215/7215 7216/7216 7217/7217
f 7216/7216 7218/7218 7217/7217
f 7214/7214 7213/7213 7219/7219
f 7213/7213 7212/7212 7219/7219
f 7219/7219 7212/7212 7220/7220
f 7212/7212 7221/7221 7220/7220
f 7220/7220 7221/7221 7222/7222
f 7221/7221 7223/7223 7222/7222
f 7222/7222 7224/7224 7220/7220
f 7224/7224 7225/7225 7220/7220
f 7220/7220 7225/7225 7219/7219
f 7225/7225 7226/7226 7219/7219
f 7219/7219 7226/7226 7214/7214
f 7226/7226 7216/7216 7214/7214
f 7224/7224 7227/7227 7225/7225
f 7227/7227 7228/7228 7225/7225
f 7225/7225 7228/7228 7226/7226
f 7228/7228 7229/7229 7226/7226
f 7226/7226 7229/7229 7216/7216
f 7229/7229 7230/7230 7216/7216
f 7216/7216 7230/7230 7231/7231
f 7230/7230 7229/7229 7232/7232
f 7229/7229 7228/7228 7232/7232
f 7232/7232 7228/7228 7233/7233
f 7228/7228 7227/7227 7233/7233
f 6489/6489 7234/7234 6516/6516
f 7234/7234 7235/7235 6516/6516
f 6516/6516 7235/7235 6521/6521
f 7235/7235 7236/7236 6521/6521
f 6521/6521 7236/7236 6528/6528
f 7236/7236 7237/7237 6528/6528
f 6528/6528 7237/7237 6534/6534
f 7237/7237 7238/7238 6534/6534
f 7234/7234 7239/7239 7235/7235
f 7239/7239 7240/7240 7235/7235
f 7235/7235 7240/7240 7236/7236
f 7240/7240 7241/7241 7236/7236
f 7236/7236 7241/7241 7237/7237
f 7239/7239 7242/7242 7240/7240
f 7242/7242 7243/7243 7240/7240
f 7240/7240 7243/7243 7241/7241
f 7243/7243 7242/7242 7244/7244
f 7242/7242 7245/7245 7244/7244
f 7244/7244 7245/7245 7246/7246
f 7183/7183 7185/7185 7247/7247
f 7185/7185 7248/7248 7247/7247
f 7185/7185 7187/7187 7248/7248
f 7187/7187 7189/7189 7248/7248
f 7202/7202 7249/7249 7204/7204
f 7249/7249 7207/7207 7204/7204
f 7249/7249 7250/7250 7207/7207
f 7250/7250 7221/7221 7207/7207
f 7207/7207 7221/7221 7212/7212
f 7188/7188 7186/7186 7190/7190
f 7186/7186 7199/7199 7190/7190
f 7190/7190 7199/7199 7192/7192
f 6500/6500 7251/7251 6498/6498
f 7251/7251 7252/7252 6498/6498
f 6498/6498 7252/7252 6496/6496
f 7252/7252 7253/7253 6496/6496
f 6496/6496 7253/7253 6494/6494
f 7253/7253 6493/6493 6494/6494
f 7254/7254 7255/7255 7256/7256
f 7255/7255 7257/7257 7256/7256
f 7256/7256 7257/7257 7258/7258
f 7257/7257 7259/7259 7258/7258
f 7258/7258 7259/7259 7260/7260
f 7259/7259 7261/7261 7260/7260
f 7261/7261 7259/7259 7262/7262
f 7259/7259 7257/7257 7262/7262
f 7262/7262 7257/7257 7255/7255
f 7256/7256 7258/7258 7263/7263
f 7258/7258 7264/7264 7263/7263
f 7263/7263 7264/7264 7265/7265
f 7264/7264 7266/7266 7265/7265
f 7258/7258 7260/7260 7264/7264
f 7260/7260 7267/7267 7264/7264
f 7264/7264 7267/7267 7268/7268
f 7267/7267 7269/7269 7268/7268
f 7268/7268 7269/7269 7270/7270
f 7269/7269 7271/7271 7270/7270
f 7270/7270 7272/7272 7268/7268
f 7272/7272 7273/7273 7268/7268
f 7268/7268 7273/7273 7274/7274
f 7273/7273 7275/7275 7274/7274
f 7274/7274 7275/7275 7266/7266
f 7266/7266 7264/7264 7274/7274
f 7264/7264 7268/7268 7274/7274
f 7168/7168 7171/7171 7169/7169
f 7171/7171 7276/7276 7169/7169
f 7055/7055 7106/7106 7057/7057
f 7106/7106 7059/7059 7057/7057
f 7106/7106 7108/7108 7059/7059
f 7108/7108 7061/7061 7059/7059
f 7061/7061 7108/7108 7277/7277
f 7108/7108 7110/7110 7277/7277
f 7277/7277 7110/7110 7112/7112
f 7112/7112 7278/7278 7277/7277
f 7278/7278 7063/7063 7277/7277
f 7277/7277 7063/7063 7061/7061
f 7279/7279 7280/7280 7281/7281
f 7280/7280 7282/7282 7281/7281
f 7281/7281 7282/7282 7283/7283
f 7282/7282 7284/7284 7283/7283
f 7283/7283 7284/7284 7285/7285
f 7284/7284 7286/7286 7285/7285
f 7286/7286 7284/7284 7287/7287
f 7284/7284 7282/7282 7287/7287
f 7287/7287 7282/7282 7288/7288
f 7282/7282 7280/7280 7288/7288
f 7288/7288 7280/7280 7289/7289
f 7288/7288 7289/7289 7287/7287
f 7289/7289 7286/7286 7287/7287
f 5646/5646 5665/5665 5648/5648
f 5665/5665 7290/7290 5648/5648
f 5648/5648 7290/7290 5650/5650
f 7290/7290 5652/5652 5650/5650
f 5665/5665 5667/5667 7290/7290
f 5667/5667 7291/7291 7290/7290
f 7290/7290 7291/7291 5652/5652
f 7291/7291 5654/5654 5652/5652
f 5654/5654 7291/7291 7292/7292
f 7291/7291 5667/5667 7292/7292
f 7292/7292 5667/5667 5669/5669
f 5669/5669 5671/5671 7292/7292
f 5671/5671 7293/7293 7292/7292
f 7292/7292 7293/7293 7294/7294
f 7293/7293 7295/7295 7294/7294
f 7294/7294 7295/7295 7296/7296
f 7295/7295 7297/7297 7296/7296
f 7296/7296 7297/7297 7298/7298
f 7297/7297 7299/7299 7298/7298
f 7298/7298 7299/7299 7300/7300
f 7299/7299 7301/7301 7300/7300
f 7300/7300 7302/7302 7298/7298
f 7302/7302 7303/7303 7298/7298
f 7298/7298 7303/7303 7296/7296
f 7303/7303 7294/7294 7296/7296
f 7303/7303 5658/5658 7294/7294
f 5658/5658 5656/5656 7294/7294
f 7294/7294 5656/5656 7292/7292
f 5656/5656 5654/5654 7292/7292
f 7301/7301 7299/7299 5679/5679
f 7299/7299 5677/5677 5679/5679
f 5677/5677 7299/7299 5675/5675
f 7299/7299 7304/7304 5675/5675
f 5675/5675 7304/7304 7295/7295
f 7304/7304 7297/7297 7295/7295
f 5675/5675 7295/7295 5673/5673
f 7295/7295 5671/5671 5673/5673
f 7285/7285 7305/7305 7283/7283
f 7305/7305 7306/7306 7283/7283
f 7283/7283 7306/7306 7307/7307
f 7306/7306 7269/7269 7307/7307
f 7305/7305 7308/7308 7306/7306
f 7308/7308 7309/7309 7306/7306
f 7306/7306 7309/7309 7269/7269
f 7309/7309 7310/7310 7269/7269
f 7269/7269 7310/7310 7271/7271
f 7310/7310 7309/7309 7271/7271
f 7311/7311 7312/7312 7313/7313
f 7312/7312 7314/7314 7313/7313
f 7313/7313 7314/7314 7315/7315
f 7314/7314 5394/5394 7315/7315
f 7315/7315 5394/5394 5393/5393
f 5393/5393 5392/5392 7315/7315
f 5392/5392 5402/5402 7315/7315
f 7315/7315 5402/5402 7316/7316
f 5402/5402 7317/7317 7316/7316
f 7316/7316 7317/7317 7313/7313
f 7317/7317 7318/7318 7313/7313
f 7313/7313 7318/7318 7311/7311
f 7318/7318 7319/7319 7311/7311
f 7317/7317 7320/7320 7318/7318
f 7320/7320 7321/7321 7318/7318
f 7318/7318 7321/7321 7322/7322
f 7320/7320 7317/7317 7323/7323
f 7317/7317 7324/7324 7323/7323
f 7323/7323 7324/7324 7325/7325
f 7324/7324 5404/5404 7325/7325
f 5404/5404 7324/7324 5402/5402
f 7324/7324 7317/7317 5402/5402
f 5394/5394 7314/7314 5395/5395
f 7314/7314 7312/7312 5395/5395
f 7326/7326 7327/7327 7328/7328
f 7327/7327 7329/7329 7328/7328
f 7328/7328 7329/7329 7330/7330
f 7329/7329 7331/7331 7330/7330
f 7330/7330 7331/7331 7332/7332
f 7331/7331 7333/7333 7332/7332
f 7333/7333 7331/7331 7334/7334
f 7331/7331 7335/7335 7334/7334
f 7334/7334 7335/7335 7333/7333
f 7335/7335 7336/7336 7333/7333
f 7331/7331 7337/7337 7335/7335
f 7337/7337 7338/7338 7335/7335
f 7335/7335 7338/7338 7336/7336
f 7337/7337 7339/7339 7338/7338
f 7339/7339 7340/7340 7338/7338
f 7340/7340 7339/7339 7341/7341
f 7339/7339 7342/7342 7341/7341
f 7341/7341 7342/7342 7343/7343
f 7342/7342 7344/7344 7343/7343
f 7343/7343 7344/7344 7345/7345
f 7344/7344 7346/7346 7345/7345
f 7340/7340 7341/7341 7347/7347
f 7341/7341 7343/7343 7347/7347
f 7347/7347 7343/7343 7345/7345
f 7329/7329 7327/7327 7348/7348
f 7327/7327 7349/7349 7348/7348
f 7348/7348 7349/7349 7350/7350
f 7348/7348 7350/7350 7351/7351
f 7350/7350 7352/7352 7351/7351
f 7351/7351 7352/7352 7353/7353
f 7352/7352 7354/7354 7353/7353
f 7353/7353 7354/7354 7355/7355
f 7354/7354 7356/7356 7355/7355
f 7355/7355 7356/7356 7357/7357
f 7356/7356 7358/7358 7357/7357
f 7356/7356 7354/7354 7358/7358
f 7354/7354 7352/7352 7358/7358
f 7346/7346 7344/7344 7359/7359
f 7344/7344 7360/7360 7359/7359
f 7344/7344 7342/7342 7360/7360
f 7342/7342 7339/7339 7360/7360
f 7357/7357 7361/7361 7355/7355
f 7361/7361 7362/7362 7355/7355
f 7355/7355 7362/7362 7363/7363
f 7355/7355 7363/7363 7353/7353
f 7363/7363 7351/7351 7353/7353
f 5770/5770 5791/5791 7364/7364
f 5791/5791 5799/5799 7364/7364
f 7364/7364 5799/5799 7365/7365
f 5799/5799 5801/5801 7365/7365
f 7365/7365 5801/5801 7366/7366
f 5801/5801 5691/5691 7366/7366
f 7366/7366 5691/5691 5693/5693
f 5693/5693 5695/5695 7366/7366
f 5695/5695 5774/5774 7366/7366
f 7366/7366 5774/5774 7365/7365
f 5774/5774 5772/5772 7365/7365
f 7365/7365 5772/5772 7364/7364
f 5772/5772 5771/5771 7364/7364
f 7364/7364 5771/5771 5770/5770
f 5628/5628 6965/6965 7367/7367
f 6965/6965 6963/6963 7367/7367
f 7367/7367 6963/6963 5624/5624
f 5624/5624 5626/5626 7367/7367
f 5626/5626 5628/5628 7367/7367

g Object_Material.001_4

usemtl Material.001

f 5569/5569 5573/5573 5571/5571
f 5748/5748 5750/5750 5823/5823
f 6505/6505 6503/6503 6520/6520
f 7006/7006 6991/6991 6993/6993
f 6592/6592 6581/6581 6579/6579
f 7141/7141 7139/7139 7143/7143
f 7203/7203 7195/7195 7180/7180
f 5430/5430 5433/5433 5431/5431
f 5435/5435 5433/5433 5437/5437
f 5439/5439 5441/5441 5440/5440
f 5432/5432 5448/5448 5592/5592
f 7297/7297 7304/7304 7299/7299
f 7295/7295 7293/7293 5671/5671
f 7081/7081 6964/6964 6966/6966
f 5647/5647 5649/5649 5725/5725
f 7218/7218 7216/7216 7231/7231
f 5623/5623 5631/5631 5625/5625
f 5615/5615 5633/5633 5629/5629
f 6709/6709 6708/6708 7368/7368
f 6625/6625 6766/6766 6627/6627
f 6737/6737 7369/7369 6739/6739
f 6738/6738 6740/6740 6769/6769
f 7328/7328 7330/7330 7326/7326
f 7267/7267 7370/7370 7269/7269
f 6614/6614 6616/6616 7371/7371
f 6610/6610 6613/6613 7372/7372
f 7273/7273 7272/7272 7275/7275
f 6606/6606 6608/6608 7373/7373
f 6603/6603 7374/7374 6601/6601
f 6345/6345 6465/6465 6446/6446
f 6354/6354 6437/6437 6355/6355
f 6391/6391 6415/6415 6399/6399
f 6472/6472 6476/6476 6473/6473
f 6408/6408 6474/6474 6407/6407
f 6455/6455 6453/6453 6452/6452
f 6450/6450 6365/6365 6451/6451
f 5429/5429 5428/5428 5593/5593
f 5537/5537 5659/5659 5545/5545
f 5810/5810 5806/5806 7375/7375
f 7315/7315 7316/7316 7313/7313
f 5796/5796 5795/5795 5808/5808
f 7322/7322 7319/7319 7318/7318
f 5762/5762 5764/5764 5789/5789
f 5704/5704 5739/5739 7376/7376
f 5831/5831 5825/5825 5835/5835
f 6922/6922 6932/6932 6920/6920
f 7092/7092 7103/7103 7091/7091
f 7102/7102 7100/7100 7104/7104
f 6536/6536 6553/6553 6539/6539
f 6983/6983 7019/7019 6981/6981
f 7109/7109 7113/7113 7150/7150
f 7077/7077 7047/7047 7049/7049
f 6594/6594 6598/6598 6595/6595
f 6582/6582 7377/7377 6583/6583
f 7025/7025 7029/7029 7027/7027
f 7129/7129 7127/7127 7134/7134
f 7115/7115 7148/7148 7117/7117
f 6499/6499 6497/6497 6512/6512
f 7253/7253 7378/7378 6493/6493
f 7171/7171 7173/7173 7276/7276
f 7221/7221 7250/7250 7223/7223
# num_faces: 7336
